[25Sep2026 00:56:46.706] [main/INFO] [cpw.mods.modlauncher.Launcher/MODLAUNCHER]: ModLauncher running: args [--launchTarget, forge_userdev_server, --gameDir, ., --nogui]
[25Sep2026 00:56:46.707] [main/INFO] [cpw.mods.modlauncher.Launcher/MODLAUNCHER]: JVM identified as Eclipse Adoptium OpenJDK 64-Bit Server VM 21.0.12.1+1-LTS
[25Sep2026 00:56:46.707] [main/INFO] [cpw.mods.modlauncher.Launcher/MODLAUNCHER]: ModLauncher 10.2.4 starting: java version 21.0.12.1 by Eclipse Adoptium; OS Mac OS X arch aarch64 version 26.5
[25Sep2026 00:56:46.715] [main/DEBUG] [cpw.mods.modlauncher.LaunchServiceHandler/MODLAUNCHER]: Found launch services [forge_userdev_client,forge_dev_data,minecraft,forge_userdev_server_gametest,forge_dev_client,forge_userdev_data,forge_dev_server_gametest,testharness,forge_userdev_server,forge_client,forge_dev_server,forge_server]
[25Sep2026 00:56:46.718] [main/DEBUG] [cpw.mods.modlauncher.NameMappingServiceHandler/MODLAUNCHER]: Found naming services : [srgtomcp]
[25Sep2026 00:56:46.723] [main/DEBUG] [cpw.mods.modlauncher.LaunchPluginHandler/MODLAUNCHER]: Found launch plugins: [mixin,eventbus,slf4jfixer,object_holder_definalize,runtime_enum_extender,capability_token_subclass,accesstransformer,runtimedistcleaner]
[25Sep2026 00:56:46.726] [main/DEBUG] [cpw.mods.modlauncher.TransformationServicesHandler/MODLAUNCHER]: Discovering transformation services
[25Sep2026 00:56:46.727] [main/DEBUG] [net.minecraftforge.fml.loading.FMLPaths/CORE]: Path GAMEDIR is /Users/17j4ck/minecivilization-ai/mod/run-server
[25Sep2026 00:56:46.727] [main/DEBUG] [net.minecraftforge.fml.loading.FMLPaths/CORE]: Path MODSDIR is /Users/17j4ck/minecivilization-ai/mod/run-server/mods
[25Sep2026 00:56:46.727] [main/DEBUG] [net.minecraftforge.fml.loading.FMLPaths/CORE]: Path CONFIGDIR is /Users/17j4ck/minecivilization-ai/mod/run-server/config
[25Sep2026 00:56:46.727] [main/DEBUG] [net.minecraftforge.fml.loading.FMLPaths/CORE]: Path FMLCONFIG is /Users/17j4ck/minecivilization-ai/mod/run-server/config/fml.toml
[25Sep2026 00:56:46.748] [main/INFO] [net.minecraftforge.fml.loading.ImmediateWindowHandler/]: ImmediateWindowProvider not loading because launch target is forge_userdev_server
[25Sep2026 00:56:46.759] [main/DEBUG] [cpw.mods.modlauncher.TransformationServicesHandler/MODLAUNCHER]: Found transformer service: fml: /
[25Sep2026 00:56:46.760] [main/DEBUG] [cpw.mods.modlauncher.TransformationServicesHandler/MODLAUNCHER]: Found transformer service: mixin: /
[25Sep2026 00:56:46.760] [main/DEBUG] [cpw.mods.modlauncher.TransformationServicesHandler/MODLAUNCHER]: Transformation services loading
[25Sep2026 00:56:46.761] [main/DEBUG] [cpw.mods.modlauncher.TransformationServiceDecorator/MODLAUNCHER]: Loading service mixin
[25Sep2026 00:56:46.761] [main/DEBUG] [cpw.mods.modlauncher.TransformationServiceDecorator/MODLAUNCHER]: Loaded service mixin
[25Sep2026 00:56:46.761] [main/DEBUG] [cpw.mods.modlauncher.TransformationServiceDecorator/MODLAUNCHER]: Loading service fml
[25Sep2026 00:56:46.765] [main/DEBUG] [net.minecraftforge.fml.loading.FMLLoader/CORE]: Detected version data : VersionInfo[forgeVersion=52.1.16, mcVersion=1.21.1, mcpVersion=20240808.132146, forgeGroup=net.minecraftforge]
[25Sep2026 00:56:46.766] [main/DEBUG] [net.minecraftforge.fml.loading.LauncherVersion/CORE]: Found FMLLauncher version 52.1.16
[25Sep2026 00:56:46.766] [main/DEBUG] [net.minecraftforge.fml.loading.FMLLoader/CORE]: FML 52.1.16 loading
[25Sep2026 00:56:46.766] [main/DEBUG] [net.minecraftforge.fml.loading.FMLLoader/CORE]: Requesting CoreMods to not apply the fix for ASMAPI.findFirstInstructionBefore by default
[25Sep2026 00:56:46.766] [main/DEBUG] [net.minecraftforge.fml.loading.FMLLoader/CORE]: Found ModLauncher version: 10.2.4
[25Sep2026 00:56:46.766] [main/DEBUG] [net.minecraftforge.fml.loading.FMLLoader/CORE]: Found AccessTransformer version: 8.2.2
[25Sep2026 00:56:46.766] [main/DEBUG] [net.minecraftforge.fml.loading.FMLLoader/CORE]: Found EventBus version: 6.2.33
[25Sep2026 00:56:46.766] [main/DEBUG] [net.minecraftforge.fml.loading.FMLLoader/CORE]: Found RuntimeDistCleaner version: 52.1.16
[25Sep2026 00:56:46.767] [main/DEBUG] [net.minecraftforge.coremod.CoreModEngine/]: CoreMods will preserve legacy behavior of ASMAPI.findFirstInstructionBefore for backwards-compatibility
[25Sep2026 00:56:46.767] [main/DEBUG] [net.minecraftforge.fml.loading.FMLLoader/CORE]: FML found CoreMod version : 5.2.6
[25Sep2026 00:56:46.767] [main/DEBUG] [net.minecraftforge.fml.loading.FMLLoader/CORE]: Found ForgeSPI version: 7.1.5
[25Sep2026 00:56:46.767] [main/DEBUG] [cpw.mods.modlauncher.TransformationServiceDecorator/MODLAUNCHER]: Loaded service fml
[25Sep2026 00:56:46.767] [main/DEBUG] [cpw.mods.modlauncher.TransformationServicesHandler/MODLAUNCHER]: Configuring option handling for services
[25Sep2026 00:56:46.769] [main/DEBUG] [cpw.mods.modlauncher.TransformationServicesHandler/MODLAUNCHER]: Transformation services initializing
[25Sep2026 00:56:46.769] [main/DEBUG] [cpw.mods.modlauncher.TransformationServiceDecorator/MODLAUNCHER]: Initializing transformation service mixin
[25Sep2026 00:56:46.787] [main/DEBUG] [mixin/]: MixinService [ModLauncher] was successfully booted in SecureModuleClassLoader[SECURE-BOOTSTRAP]@1982787818
[25Sep2026 00:56:46.793] [main/INFO] [mixin/]: SpongePowered MIXIN Subsystem Version=0.8.7 Source=jar:file:///Users/17j4ck/.gradle/caches/modules-2/files-2.1/org.spongepowered/mixin/0.8.7/8ab114ac385e6dbdad5efafe28aba4df8120915f/mixin-0.8.7.jar!/ Service=ModLauncher Env=SERVER
[25Sep2026 00:56:46.796] [main/DEBUG] [mixin/]: Initialising Mixin Platform Manager
[25Sep2026 00:56:46.796] [main/DEBUG] [mixin/]: Adding mixin platform agents for container ModLauncher Root Container(ModLauncher:4f56a0a2)
[25Sep2026 00:56:46.796] [main/DEBUG] [mixin/]: Instancing new MixinPlatformAgentMinecraftForge for ModLauncher Root Container(ModLauncher:4f56a0a2)
[25Sep2026 00:56:46.796] [main/DEBUG] [mixin/]: MixinPlatformAgentMinecraftForge rejected container ModLauncher Root Container(ModLauncher:4f56a0a2)
[25Sep2026 00:56:46.796] [main/DEBUG] [mixin/]: Instancing new MixinPlatformAgentDefault for ModLauncher Root Container(ModLauncher:4f56a0a2)
[25Sep2026 00:56:46.797] [main/DEBUG] [mixin/]: MixinPlatformAgentDefault accepted container ModLauncher Root Container(ModLauncher:4f56a0a2)
[25Sep2026 00:56:46.797] [main/DEBUG] [cpw.mods.modlauncher.TransformationServiceDecorator/MODLAUNCHER]: Initialized transformation service mixin
[25Sep2026 00:56:46.797] [main/DEBUG] [cpw.mods.modlauncher.TransformationServiceDecorator/MODLAUNCHER]: Initializing transformation service fml
[25Sep2026 00:56:46.797] [main/DEBUG] [net.minecraftforge.fml.loading.FMLServiceProvider/CORE]: Setting up basic FML game directories
[25Sep2026 00:56:46.798] [main/DEBUG] [net.minecraftforge.fml.loading.FMLPaths/CORE]: Path GAMEDIR is /Users/17j4ck/minecivilization-ai/mod/run-server
[25Sep2026 00:56:46.798] [main/DEBUG] [net.minecraftforge.fml.loading.FMLPaths/CORE]: Path MODSDIR is /Users/17j4ck/minecivilization-ai/mod/run-server/mods
[25Sep2026 00:56:46.798] [main/DEBUG] [net.minecraftforge.fml.loading.FMLPaths/CORE]: Path CONFIGDIR is /Users/17j4ck/minecivilization-ai/mod/run-server/config
[25Sep2026 00:56:46.798] [main/DEBUG] [net.minecraftforge.fml.loading.FMLPaths/CORE]: Path FMLCONFIG is /Users/17j4ck/minecivilization-ai/mod/run-server/config/fml.toml
[25Sep2026 00:56:46.798] [main/DEBUG] [net.minecraftforge.fml.loading.FMLServiceProvider/CORE]: Loading configuration
[25Sep2026 00:56:46.799] [main/DEBUG] [net.minecraftforge.fml.loading.FMLServiceProvider/CORE]: Preparing ModFile
[25Sep2026 00:56:46.800] [main/DEBUG] [net.minecraftforge.fml.loading.FMLServiceProvider/CORE]: Preparing launch handler
[25Sep2026 00:56:46.800] [main/DEBUG] [net.minecraftforge.fml.loading.FMLLoader/CORE]: Using forge_userdev_server as launch service
[25Sep2026 00:56:46.802] [main/DEBUG] [cpw.mods.modlauncher.TransformationServiceDecorator/MODLAUNCHER]: Initialized transformation service fml
[25Sep2026 00:56:46.802] [main/DEBUG] [cpw.mods.modlauncher.NameMappingServiceHandler/MODLAUNCHER]: Current naming domain is 'mcp'
[25Sep2026 00:56:46.803] [main/DEBUG] [cpw.mods.modlauncher.NameMappingServiceHandler/MODLAUNCHER]: Identified name mapping providers {srg=net.minecraftforge.fml.loading.MCPNamingService@6ad6fa53}
[25Sep2026 00:56:46.803] [main/DEBUG] [cpw.mods.modlauncher.TransformationServicesHandler/MODLAUNCHER]: Transformation services begin scanning
[25Sep2026 00:56:46.803] [main/DEBUG] [cpw.mods.modlauncher.TransformationServiceDecorator/MODLAUNCHER]: Beginning scan trigger - transformation service mixin
[25Sep2026 00:56:46.803] [main/DEBUG] [cpw.mods.modlauncher.TransformationServiceDecorator/MODLAUNCHER]: End scan trigger - transformation service mixin
[25Sep2026 00:56:46.803] [main/DEBUG] [cpw.mods.modlauncher.TransformationServiceDecorator/MODLAUNCHER]: Beginning scan trigger - transformation service fml
[25Sep2026 00:56:46.803] [main/DEBUG] [net.minecraftforge.fml.loading.FMLServiceProvider/CORE]: Initiating mod scan
[25Sep2026 00:56:46.806] [main/DEBUG] [net.minecraftforge.fml.loading.moddiscovery.ModDiscoverer/CORE]: Found Mod Locators : (mods folder:null),(minecraft:null),(classpath:null),(forge_dev_locator:null),(forge_userdev_locator:null)
[25Sep2026 00:56:46.806] [main/DEBUG] [net.minecraftforge.fml.loading.moddiscovery.ModDiscoverer/CORE]: Found Dependency Locators : (JarInJar:null)
[25Sep2026 00:56:47.148] [main/DEBUG] [net.minecraftforge.fml.loading.moddiscovery.ModFileInfo/LOADING]: Found valid mod file  with {minecraft} mods - versions {1.21.1}
[25Sep2026 00:56:47.290] [main/DEBUG] [net.minecraftforge.fml.loading.moddiscovery.ModFileParser/LOADING]: Considering mod file candidate /Users/17j4ck/minecivilization-ai/mod/build/sourceSets/main
[25Sep2026 00:56:47.294] [main/DEBUG] [net.minecraftforge.fml.loading.moddiscovery.ModFileInfo/LOADING]: Found valid mod file main with {minecivilization} mods - versions {1.0.0}
[25Sep2026 00:56:47.339] [main/DEBUG] [net.minecraftforge.fml.loading.moddiscovery.ModFileParser/LOADING]: Considering mod file candidate /
[25Sep2026 00:56:47.340] [main/DEBUG] [net.minecraftforge.fml.loading.moddiscovery.ModFileInfo/LOADING]: Found valid mod file  with {forge} mods - versions {52.1.16}
[25Sep2026 00:56:47.343] [main/DEBUG] [net.minecraftforge.fml.loading.moddiscovery.JarInJarDependencyLocator/]: Failed to load resource META-INF/jarjar/metadata.json from , it does not contain dependency information.
[25Sep2026 00:56:47.343] [main/DEBUG] [net.minecraftforge.fml.loading.moddiscovery.JarInJarDependencyLocator/]: Failed to load resource META-INF/jarjar/metadata.json from , it does not contain dependency information.
[25Sep2026 00:56:47.343] [main/DEBUG] [net.minecraftforge.fml.loading.moddiscovery.JarInJarDependencyLocator/]: Failed to load resource META-INF/jarjar/metadata.json from javafmllanguage-1.21.1-52.1.16.jar, it does not contain dependency information.
[25Sep2026 00:56:47.343] [main/DEBUG] [net.minecraftforge.fml.loading.moddiscovery.JarInJarDependencyLocator/]: Failed to load resource META-INF/jarjar/metadata.json from main, it does not contain dependency information.
[25Sep2026 00:56:47.343] [main/DEBUG] [net.minecraftforge.fml.loading.moddiscovery.JarInJarDependencyLocator/]: Failed to load resource META-INF/jarjar/metadata.json from mclanguage-1.21.1-52.1.16.jar, it does not contain dependency information.
[25Sep2026 00:56:47.343] [main/DEBUG] [net.minecraftforge.fml.loading.moddiscovery.JarInJarDependencyLocator/]: Failed to load resource META-INF/jarjar/metadata.json from lowcodelanguage-1.21.1-52.1.16.jar, it does not contain dependency information.
[25Sep2026 00:56:47.343] [main/DEBUG] [net.minecraftforge.fml.loading.moddiscovery.JarInJarDependencyLocator/]: Failed to load resource META-INF/jarjar/metadata.json from fmlcore-1.21.1-52.1.16.jar, it does not contain dependency information.
[25Sep2026 00:56:47.356] [main/INFO] [net.minecraftforge.fml.loading.moddiscovery.JarInJarDependencyLocator/]: No dependencies to load found. Skipping!
[25Sep2026 00:56:47.357] [main/DEBUG] [net.minecraftforge.fml.loading.moddiscovery.ModFileInfo/LOADING]: Found valid mod file  with {minecraft} mods - versions {1.21.1}
[25Sep2026 00:56:47.358] [main/DEBUG] [net.minecraftforge.fml.loading.moddiscovery.ModFile/LOADING]: Loading mod file / with languages [LanguageSpec[languageName=minecraft, acceptedVersions=1]]
[25Sep2026 00:56:47.358] [main/DEBUG] [net.minecraftforge.fml.loading.moddiscovery.ModFileParser/LOADING]: Considering mod file candidate /
[25Sep2026 00:56:47.358] [main/DEBUG] [net.minecraftforge.fml.loading.moddiscovery.ModFileInfo/LOADING]: Found valid mod file  with {forge} mods - versions {52.1.16}
[25Sep2026 00:56:47.358] [main/DEBUG] [net.minecraftforge.fml.loading.moddiscovery.ModFile/LOADING]: Loading mod file / with languages [LanguageSpec[languageName=javafml, acceptedVersions=[24,]]]
[25Sep2026 00:56:47.359] [main/DEBUG] [net.minecraftforge.fml.loading.moddiscovery.ModFileParser/LOADING]: Found coremod field_to_method with Javascript path coremods/field_to_method.js
[25Sep2026 00:56:47.359] [main/DEBUG] [net.minecraftforge.fml.loading.moddiscovery.ModFileParser/LOADING]: Found coremod method_redirector with Javascript path coremods/method_redirector.js
[25Sep2026 00:56:47.360] [main/DEBUG] [net.minecraftforge.fml.loading.moddiscovery.ModFile/LOADING]: Found coremod /coremods/field_to_method.js
[25Sep2026 00:56:47.360] [main/DEBUG] [net.minecraftforge.fml.loading.moddiscovery.ModFile/LOADING]: Found coremod /coremods/method_redirector.js
[25Sep2026 00:56:47.360] [main/DEBUG] [net.minecraftforge.fml.loading.moddiscovery.ModFileParser/LOADING]: Considering mod file candidate /Users/17j4ck/minecivilization-ai/mod/build/sourceSets/main
[25Sep2026 00:56:47.360] [main/DEBUG] [net.minecraftforge.fml.loading.moddiscovery.ModFileInfo/LOADING]: Found valid mod file main with {minecivilization} mods - versions {1.0.0}
[25Sep2026 00:56:47.360] [main/DEBUG] [net.minecraftforge.fml.loading.moddiscovery.ModFile/LOADING]: Loading mod file /Users/17j4ck/minecivilization-ai/mod/build/sourceSets/main with languages [LanguageSpec[languageName=javafml, acceptedVersions=[0,)]]
[25Sep2026 00:56:47.361] [main/DEBUG] [cpw.mods.modlauncher.TransformationServiceDecorator/MODLAUNCHER]: End scan trigger - transformation service fml
[25Sep2026 00:56:47.367] [main/DEBUG] [net.minecraftforge.fml.loading.LanguageLoadingProvider/CORE]: Found 3 language providers
[25Sep2026 00:56:47.367] [main/DEBUG] [net.minecraftforge.fml.loading.LanguageLoadingProvider/CORE]: Found language provider lowcodefml, version 52
[25Sep2026 00:56:47.367] [main/DEBUG] [net.minecraftforge.fml.loading.LanguageLoadingProvider/CORE]: Found language provider minecraft, version 1.0
[25Sep2026 00:56:47.367] [main/DEBUG] [net.minecraftforge.fml.loading.LanguageLoadingProvider/CORE]: Found language provider javafml, version 52.1.16
[25Sep2026 00:56:47.369] [main/DEBUG] [net.minecraftforge.fml.loading.ModSorter/]: Configured system mods: [minecraft, forge]
[25Sep2026 00:56:47.369] [main/DEBUG] [net.minecraftforge.fml.loading.ModSorter/]: Found system mod: minecraft
[25Sep2026 00:56:47.369] [main/DEBUG] [net.minecraftforge.fml.loading.ModSorter/]: Found system mod: forge
[25Sep2026 00:56:47.393] [main/DEBUG] [net.minecraftforge.fml.loading.ModSorter/LOADING]: Found 2 mod requirements (2 mandatory, 0 optional)
[25Sep2026 00:56:47.393] [main/DEBUG] [net.minecraftforge.fml.loading.ModSorter/LOADING]: Found 0 mod requirements missing (0 mandatory, 0 optional)
[25Sep2026 00:56:47.494] [main/DEBUG] [net.minecraftforge.fml.loading.MCPNamingService/CORE]: Loaded 37504 method mappings from methods.csv
[25Sep2026 00:56:47.508] [main/DEBUG] [net.minecraftforge.fml.loading.MCPNamingService/CORE]: Loaded 35622 field mappings from fields.csv
[25Sep2026 00:56:47.516] [main/DEBUG] [cpw.mods.modlauncher.TransformationServicesHandler/MODLAUNCHER]: Transformation services loading transformers
[25Sep2026 00:56:47.516] [main/DEBUG] [cpw.mods.modlauncher.TransformationServiceDecorator/MODLAUNCHER]: Initializing transformers for transformation service mixin
[25Sep2026 00:56:47.516] [main/DEBUG] [cpw.mods.modlauncher.TransformationServiceDecorator/MODLAUNCHER]: Initialized transformers for transformation service mixin
[25Sep2026 00:56:47.516] [main/DEBUG] [cpw.mods.modlauncher.TransformationServiceDecorator/MODLAUNCHER]: Initializing transformers for transformation service fml
[25Sep2026 00:56:47.516] [main/DEBUG] [net.minecraftforge.fml.loading.FMLServiceProvider/CORE]: Loading coremod transformers
[25Sep2026 00:56:47.517] [main/DEBUG] [net.minecraftforge.coremod.CoreModEngine/COREMOD]: Loading CoreMod from /coremods/field_to_method.js
[25Sep2026 00:56:47.568] [main/DEBUG] [net.minecraftforge.coremod.CoreModEngine/COREMOD]: CoreMod loaded successfully
[25Sep2026 00:56:47.568] [main/DEBUG] [net.minecraftforge.coremod.CoreModEngine/COREMOD]: Loading CoreMod from /coremods/method_redirector.js
[25Sep2026 00:56:47.606] [main/DEBUG] [net.minecraftforge.coremod.CoreModEngine/COREMOD]: CoreMod loaded successfully
[25Sep2026 00:56:47.609] [main/DEBUG] [cpw.mods.modlauncher.TransformStore/MODLAUNCHER]: Adding transformer net.minecraftforge.coremod.transformer.CoreModClassTransformer@61514735 to Target : CLASS {Lnet/minecraft/world/level/biome/Biome;} {} {V}
[25Sep2026 00:56:47.609] [main/DEBUG] [cpw.mods.modlauncher.TransformStore/MODLAUNCHER]: Adding transformer net.minecraftforge.coremod.transformer.CoreModClassTransformer@2e86807a to Target : CLASS {Lnet/minecraft/world/effect/MobEffectInstance;} {} {V}
[25Sep2026 00:56:47.609] [main/DEBUG] [cpw.mods.modlauncher.TransformStore/MODLAUNCHER]: Adding transformer net.minecraftforge.coremod.transformer.CoreModClassTransformer@4548d254 to Target : CLASS {Lnet/minecraft/world/level/block/LiquidBlock;} {} {V}
[25Sep2026 00:56:47.609] [main/DEBUG] [cpw.mods.modlauncher.TransformStore/MODLAUNCHER]: Adding transformer net.minecraftforge.coremod.transformer.CoreModClassTransformer@590f0c50 to Target : CLASS {Lnet/minecraft/world/item/BucketItem;} {} {V}
[25Sep2026 00:56:47.610] [main/DEBUG] [cpw.mods.modlauncher.TransformStore/MODLAUNCHER]: Adding transformer net.minecraftforge.coremod.transformer.CoreModClassTransformer@208f0007 to Target : CLASS {Lnet/minecraft/world/level/block/FlowerPotBlock;} {} {V}
[25Sep2026 00:56:47.610] [main/DEBUG] [cpw.mods.modlauncher.TransformStore/MODLAUNCHER]: Adding transformer net.minecraftforge.coremod.transformer.CoreModClassTransformer@3a90c13c to Target : CLASS {Lnet/minecraft/world/level/block/entity/trialspawner/TrialSpawner;} {} {V}
[25Sep2026 00:56:47.610] [main/DEBUG] [cpw.mods.modlauncher.TransformStore/MODLAUNCHER]: Adding transformer net.minecraftforge.coremod.transformer.CoreModClassTransformer@3a90c13c to Target : CLASS {Lnet/minecraft/world/entity/monster/ZombieVillager;} {} {V}
[25Sep2026 00:56:47.610] [main/DEBUG] [cpw.mods.modlauncher.TransformStore/MODLAUNCHER]: Adding transformer net.minecraftforge.coremod.transformer.CoreModClassTransformer@3a90c13c to Target : CLASS {Lnet/minecraft/world/level/NaturalSpawner;} {} {V}
[25Sep2026 00:56:47.610] [main/DEBUG] [cpw.mods.modlauncher.TransformStore/MODLAUNCHER]: Adding transformer net.minecraftforge.coremod.transformer.CoreModClassTransformer@3a90c13c to Target : CLASS {Lnet/minecraft/world/level/levelgen/PatrolSpawner;} {} {V}
[25Sep2026 00:56:47.610] [main/DEBUG] [cpw.mods.modlauncher.TransformStore/MODLAUNCHER]: Adding transformer net.minecraftforge.coremod.transformer.CoreModClassTransformer@3a90c13c to Target : CLASS {Lnet/minecraft/world/level/levelgen/structure/structures/OceanMonumentPieces$OceanMonumentPiece;} {} {V}
[25Sep2026 00:56:47.610] [main/DEBUG] [cpw.mods.modlauncher.TransformStore/MODLAUNCHER]: Adding transformer net.minecraftforge.coremod.transformer.CoreModClassTransformer@3a90c13c to Target : CLASS {Lnet/minecraft/world/entity/animal/frog/Tadpole;} {} {V}
[25Sep2026 00:56:47.610] [main/DEBUG] [cpw.mods.modlauncher.TransformStore/MODLAUNCHER]: Adding transformer net.minecraftforge.coremod.transformer.CoreModClassTransformer@3a90c13c to Target : CLASS {Lnet/minecraft/world/level/levelgen/PhantomSpawner;} {} {V}
[25Sep2026 00:56:47.610] [main/DEBUG] [cpw.mods.modlauncher.TransformStore/MODLAUNCHER]: Adding transformer net.minecraftforge.coremod.transformer.CoreModClassTransformer@3a90c13c to Target : CLASS {Lnet/minecraft/world/entity/npc/Villager;} {} {V}
[25Sep2026 00:56:47.610] [main/DEBUG] [cpw.mods.modlauncher.TransformStore/MODLAUNCHER]: Adding transformer net.minecraftforge.coremod.transformer.CoreModClassTransformer@3a90c13c to Target : CLASS {Lnet/minecraft/world/entity/monster/Strider;} {} {V}
[25Sep2026 00:56:47.610] [main/DEBUG] [cpw.mods.modlauncher.TransformStore/MODLAUNCHER]: Adding transformer net.minecraftforge.coremod.transformer.CoreModClassTransformer@3a90c13c to Target : CLASS {Lnet/minecraft/world/level/levelgen/structure/templatesystem/StructureTemplate;} {} {V}
[25Sep2026 00:56:47.610] [main/DEBUG] [cpw.mods.modlauncher.TransformStore/MODLAUNCHER]: Adding transformer net.minecraftforge.coremod.transformer.CoreModClassTransformer@3a90c13c to Target : CLASS {Lnet/minecraft/world/entity/raid/Raid;} {} {V}
[25Sep2026 00:56:47.610] [main/DEBUG] [cpw.mods.modlauncher.TransformStore/MODLAUNCHER]: Adding transformer net.minecraftforge.coremod.transformer.CoreModClassTransformer@3a90c13c to Target : CLASS {Lnet/minecraft/world/level/levelgen/structure/structures/SwampHutPiece;} {} {V}
[25Sep2026 00:56:47.610] [main/DEBUG] [cpw.mods.modlauncher.TransformStore/MODLAUNCHER]: Adding transformer net.minecraftforge.coremod.transformer.CoreModClassTransformer@3a90c13c to Target : CLASS {Lnet/minecraft/world/entity/monster/Zombie;} {} {V}
[25Sep2026 00:56:47.610] [main/DEBUG] [cpw.mods.modlauncher.TransformStore/MODLAUNCHER]: Adding transformer net.minecraftforge.coremod.transformer.CoreModClassTransformer@3a90c13c to Target : CLASS {Lnet/minecraft/world/entity/monster/Spider;} {} {V}
[25Sep2026 00:56:47.610] [main/DEBUG] [cpw.mods.modlauncher.TransformStore/MODLAUNCHER]: Adding transformer net.minecraftforge.coremod.transformer.CoreModClassTransformer@3a90c13c to Target : CLASS {Lnet/minecraft/world/level/levelgen/structure/structures/OceanRuinPieces$OceanRuinPiece;} {} {V}
[25Sep2026 00:56:47.610] [main/DEBUG] [cpw.mods.modlauncher.TransformStore/MODLAUNCHER]: Adding transformer net.minecraftforge.coremod.transformer.CoreModClassTransformer@3a90c13c to Target : CLASS {Lnet/minecraft/world/entity/monster/Evoker$EvokerSummonSpellGoal;} {} {V}
[25Sep2026 00:56:47.610] [main/DEBUG] [cpw.mods.modlauncher.TransformStore/MODLAUNCHER]: Adding transformer net.minecraftforge.coremod.transformer.CoreModClassTransformer@3a90c13c to Target : CLASS {Lnet/minecraft/server/commands/SummonCommand;} {} {V}
[25Sep2026 00:56:47.610] [main/DEBUG] [cpw.mods.modlauncher.TransformStore/MODLAUNCHER]: Adding transformer net.minecraftforge.coremod.transformer.CoreModClassTransformer@3a90c13c to Target : CLASS {Lnet/minecraft/world/level/levelgen/structure/structures/WoodlandMansionPieces$WoodlandMansionPiece;} {} {V}
[25Sep2026 00:56:47.610] [main/DEBUG] [cpw.mods.modlauncher.TransformStore/MODLAUNCHER]: Adding transformer net.minecraftforge.coremod.transformer.CoreModClassTransformer@3a90c13c to Target : CLASS {Lnet/minecraft/world/entity/ai/village/VillageSiege;} {} {V}
[25Sep2026 00:56:47.611] [main/DEBUG] [cpw.mods.modlauncher.TransformStore/MODLAUNCHER]: Adding transformer net.minecraftforge.coremod.transformer.CoreModClassTransformer@3a90c13c to Target : CLASS {Lnet/minecraft/world/entity/EntityType;} {} {V}
[25Sep2026 00:56:47.611] [main/DEBUG] [cpw.mods.modlauncher.TransformStore/MODLAUNCHER]: Adding transformer net.minecraftforge.coremod.transformer.CoreModClassTransformer@3a90c13c to Target : CLASS {Lnet/minecraft/server/commands/RaidCommand;} {} {V}
[25Sep2026 00:56:47.611] [main/DEBUG] [cpw.mods.modlauncher.TransformStore/MODLAUNCHER]: Adding transformer net.minecraftforge.coremod.transformer.CoreModClassTransformer@3a90c13c to Target : CLASS {Lnet/minecraft/world/entity/animal/horse/SkeletonTrapGoal;} {} {V}
[25Sep2026 00:56:47.611] [main/DEBUG] [cpw.mods.modlauncher.TransformStore/MODLAUNCHER]: Adding transformer net.minecraftforge.coremod.transformer.CoreModClassTransformer@3a90c13c to Target : CLASS {Lnet/minecraft/world/entity/npc/CatSpawner;} {} {V}
[25Sep2026 00:56:47.611] [main/DEBUG] [cpw.mods.modlauncher.TransformationServiceDecorator/MODLAUNCHER]: Initialized transformers for transformation service fml
[25Sep2026 00:56:47.644] [main/DEBUG] [mixin/]: Processing prepare() for PlatformAgent[MixinPlatformAgentDefault:ModLauncher Root Container(ModLauncher:4f56a0a2)]
[25Sep2026 00:56:47.644] [main/DEBUG] [mixin/]: Processing launch tasks for PlatformAgent[MixinPlatformAgentDefault:ModLauncher Root Container(ModLauncher:4f56a0a2)]
[25Sep2026 00:56:47.644] [main/DEBUG] [mixin/]: Adding mixin platform agents for container SecureJarResource(mixin.synthetic)
[25Sep2026 00:56:47.644] [main/DEBUG] [mixin/]: Instancing new MixinPlatformAgentMinecraftForge for SecureJarResource(mixin.synthetic)
[25Sep2026 00:56:47.644] [main/DEBUG] [mixin/]: MixinPlatformAgentMinecraftForge rejected container SecureJarResource(mixin.synthetic)
[25Sep2026 00:56:47.644] [main/DEBUG] [mixin/]: Instancing new MixinPlatformAgentDefault for SecureJarResource(mixin.synthetic)
[25Sep2026 00:56:47.644] [main/DEBUG] [mixin/]: MixinPlatformAgentDefault accepted container SecureJarResource(mixin.synthetic)
[25Sep2026 00:56:47.644] [main/DEBUG] [mixin/]: Processing prepare() for PlatformAgent[MixinPlatformAgentDefault:SecureJarResource(mixin.synthetic)]
[25Sep2026 00:56:47.644] [main/DEBUG] [mixin/]: Adding mixin platform agents for container SecureJarResource(minecraft)
[25Sep2026 00:56:47.644] [main/DEBUG] [mixin/]: Instancing new MixinPlatformAgentMinecraftForge for SecureJarResource(minecraft)
[25Sep2026 00:56:47.644] [main/DEBUG] [mixin/]: MixinPlatformAgentMinecraftForge rejected container SecureJarResource(minecraft)
[25Sep2026 00:56:47.644] [main/DEBUG] [mixin/]: Instancing new MixinPlatformAgentDefault for SecureJarResource(minecraft)
[25Sep2026 00:56:47.644] [main/DEBUG] [mixin/]: MixinPlatformAgentDefault accepted container SecureJarResource(minecraft)
[25Sep2026 00:56:47.644] [main/DEBUG] [mixin/]: Processing prepare() for PlatformAgent[MixinPlatformAgentDefault:SecureJarResource(minecraft)]
[25Sep2026 00:56:47.644] [main/DEBUG] [mixin/]: Adding mixin platform agents for container SecureJarResource(net.minecraftforge.forge)
[25Sep2026 00:56:47.645] [main/DEBUG] [mixin/]: Instancing new MixinPlatformAgentMinecraftForge for SecureJarResource(net.minecraftforge.forge)
[25Sep2026 00:56:47.645] [main/DEBUG] [mixin/]: MixinPlatformAgentMinecraftForge rejected container SecureJarResource(net.minecraftforge.forge)
[25Sep2026 00:56:47.645] [main/DEBUG] [mixin/]: Instancing new MixinPlatformAgentDefault for SecureJarResource(net.minecraftforge.forge)
[25Sep2026 00:56:47.645] [main/DEBUG] [mixin/]: MixinPlatformAgentDefault accepted container SecureJarResource(net.minecraftforge.forge)
[25Sep2026 00:56:47.645] [main/DEBUG] [mixin/]: Processing prepare() for PlatformAgent[MixinPlatformAgentDefault:SecureJarResource(net.minecraftforge.forge)]
[25Sep2026 00:56:47.645] [main/DEBUG] [mixin/]: Adding mixin platform agents for container SecureJarResource(minecivilization)
[25Sep2026 00:56:47.645] [main/DEBUG] [mixin/]: Instancing new MixinPlatformAgentMinecraftForge for SecureJarResource(minecivilization)
[25Sep2026 00:56:47.645] [main/DEBUG] [mixin/]: MixinPlatformAgentMinecraftForge rejected container SecureJarResource(minecivilization)
[25Sep2026 00:56:47.645] [main/DEBUG] [mixin/]: Instancing new MixinPlatformAgentDefault for SecureJarResource(minecivilization)
[25Sep2026 00:56:47.645] [main/DEBUG] [mixin/]: MixinPlatformAgentDefault accepted container SecureJarResource(minecivilization)
[25Sep2026 00:56:47.645] [main/DEBUG] [mixin/]: Processing prepare() for PlatformAgent[MixinPlatformAgentDefault:SecureJarResource(minecivilization)]
[25Sep2026 00:56:47.645] [main/DEBUG] [mixin/]: inject() running with 5 agents
[25Sep2026 00:56:47.645] [main/DEBUG] [mixin/]: Processing inject() for PlatformAgent[MixinPlatformAgentDefault:ModLauncher Root Container(ModLauncher:4f56a0a2)]
[25Sep2026 00:56:47.645] [main/DEBUG] [mixin/]: Processing inject() for PlatformAgent[MixinPlatformAgentDefault:SecureJarResource(mixin.synthetic)]
[25Sep2026 00:56:47.645] [main/DEBUG] [mixin/]: Processing inject() for PlatformAgent[MixinPlatformAgentDefault:SecureJarResource(minecraft)]
[25Sep2026 00:56:47.645] [main/DEBUG] [mixin/]: Processing inject() for PlatformAgent[MixinPlatformAgentDefault:SecureJarResource(net.minecraftforge.forge)]
[25Sep2026 00:56:47.645] [main/DEBUG] [mixin/]: Processing inject() for PlatformAgent[MixinPlatformAgentDefault:SecureJarResource(minecivilization)]
[25Sep2026 00:56:47.645] [main/INFO] [cpw.mods.modlauncher.LaunchServiceHandler/MODLAUNCHER]: Launching target 'forge_userdev_server' with arguments [--gameDir, ., --nogui]
[25Sep2026 00:56:47.657] [main/DEBUG] [mixin/]: Preparing mixins for MixinEnvironment[DEFAULT]
[25Sep2026 00:56:47.712] [main/DEBUG] [io.netty.util.internal.logging.InternalLoggerFactory/]: Using SLF4J as the default logging framework
[25Sep2026 00:56:47.713] [main/DEBUG] [io.netty.util.ResourceLeakDetector/]: -Dio.netty.leakDetection.level: simple
[25Sep2026 00:56:47.713] [main/DEBUG] [io.netty.util.ResourceLeakDetector/]: -Dio.netty.leakDetection.targetRecords: 4
[25Sep2026 00:56:47.776] [main/WARN] [oshi.util.FileUtil/]: Configuration conflict: there is more than one oshi.properties file on the classpath: [jar:file:///Users/17j4ck/.gradle/caches/modules-2/files-2.1/com.github.oshi/oshi-core/6.4.10/b1d8ab82d11d92fd639b56d639f8f46f739dd5fa/oshi-core-6.4.10.jar!/oshi.properties, jar:file:/Users/17j4ck/.gradle/caches/modules-2/files-2.1/com.github.oshi/oshi-core/6.4.10/b1d8ab82d11d92fd639b56d639f8f46f739dd5fa/oshi-core-6.4.10.jar!/oshi.properties, jar:file:///Users/17j4ck/.gradle/caches/modules-2/files-2.1/com.github.oshi/oshi-core/6.4.10/b1d8ab82d11d92fd639b56d639f8f46f739dd5fa/oshi-core-6.4.10.jar!/oshi.properties, jar:file:/Users/17j4ck/.gradle/caches/modules-2/files-2.1/com.github.oshi/oshi-core/6.4.10/b1d8ab82d11d92fd639b56d639f8f46f739dd5fa/oshi-core-6.4.10.jar!/oshi.properties]
[25Sep2026 00:56:47.971] [main/WARN] [oshi.util.FileUtil/]: Configuration conflict: there is more than one oshi.architecture.properties file on the classpath: [jar:file:///Users/17j4ck/.gradle/caches/modules-2/files-2.1/com.github.oshi/oshi-core/6.4.10/b1d8ab82d11d92fd639b56d639f8f46f739dd5fa/oshi-core-6.4.10.jar!/oshi.architecture.properties, jar:file:/Users/17j4ck/.gradle/caches/modules-2/files-2.1/com.github.oshi/oshi-core/6.4.10/b1d8ab82d11d92fd639b56d639f8f46f739dd5fa/oshi-core-6.4.10.jar!/oshi.architecture.properties, jar:file:///Users/17j4ck/.gradle/caches/modules-2/files-2.1/com.github.oshi/oshi-core/6.4.10/b1d8ab82d11d92fd639b56d639f8f46f739dd5fa/oshi-core-6.4.10.jar!/oshi.architecture.properties, jar:file:/Users/17j4ck/.gradle/caches/modules-2/files-2.1/com.github.oshi/oshi-core/6.4.10/b1d8ab82d11d92fd639b56d639f8f46f739dd5fa/oshi-core-6.4.10.jar!/oshi.architecture.properties]
[25Sep2026 00:56:48.506] [main/DEBUG] [net.minecraftforge.coremod.transformer.CoreModBaseTransformer/COREMOD]: Transforming net/minecraft/world/entity/EntityType
[25Sep2026 00:56:48.687] [main/DEBUG] [net.minecraftforge.coremod.transformer.CoreModBaseTransformer/COREMOD]: Transforming net/minecraft/world/level/block/FlowerPotBlock
[25Sep2026 00:56:48.692] [main/DEBUG] [net.minecraftforge.coremod.transformer.CoreModBaseTransformer/COREMOD]: Transforming net/minecraft/world/level/block/LiquidBlock
[25Sep2026 00:56:48.894] [main/DEBUG] [net.minecraftforge.coremod.transformer.CoreModBaseTransformer/COREMOD]: Transforming net/minecraft/world/effect/MobEffectInstance
[25Sep2026 00:56:48.998] [main/DEBUG] [net.minecraftforge.coremod.transformer.CoreModBaseTransformer/COREMOD]: Transforming net/minecraft/world/level/biome/Biome
[25Sep2026 00:56:49.402] [main/DEBUG] [net.minecraftforge.coremod.transformer.CoreModBaseTransformer/COREMOD]: Transforming net/minecraft/world/entity/animal/frog/Tadpole
[25Sep2026 00:56:49.425] [main/DEBUG] [net.minecraftforge.coremod.transformer.CoreModBaseTransformer/COREMOD]: Transforming net/minecraft/world/item/BucketItem
[25Sep2026 00:56:49.855] [main/DEBUG] [net.minecraftforge.coremod.transformer.CoreModBaseTransformer/COREMOD]: Transforming net/minecraft/world/entity/monster/Spider
[25Sep2026 00:56:49.875] [main/DEBUG] [net.minecraftforge.coremod.transformer.CoreModBaseTransformer/COREMOD]: Transforming net/minecraft/world/entity/monster/Zombie
[25Sep2026 00:56:49.897] [main/DEBUG] [net.minecraftforge.coremod.transformer.CoreModBaseTransformer/COREMOD]: Transforming net/minecraft/world/entity/monster/ZombieVillager
[25Sep2026 00:56:49.924] [main/DEBUG] [net.minecraftforge.coremod.transformer.CoreModBaseTransformer/COREMOD]: Transforming net/minecraft/world/entity/monster/Evoker$EvokerSummonSpellGoal
[25Sep2026 00:56:49.979] [main/DEBUG] [net.minecraftforge.coremod.transformer.CoreModBaseTransformer/COREMOD]: Transforming net/minecraft/world/entity/animal/horse/SkeletonTrapGoal
[25Sep2026 00:56:49.986] [main/DEBUG] [net.minecraftforge.coremod.transformer.CoreModBaseTransformer/COREMOD]: Transforming net/minecraft/world/entity/monster/Strider
[25Sep2026 00:56:50.006] [main/DEBUG] [net.minecraftforge.coremod.transformer.CoreModBaseTransformer/COREMOD]: Transforming net/minecraft/world/entity/npc/Villager
[25Sep2026 00:56:50.328] [main/DEBUG] [net.minecraftforge.coremod.transformer.CoreModBaseTransformer/COREMOD]: Transforming net/minecraft/world/level/levelgen/structure/structures/OceanRuinPieces$OceanRuinPiece
[25Sep2026 00:56:50.336] [main/DEBUG] [net.minecraftforge.coremod.transformer.CoreModBaseTransformer/COREMOD]: Transforming net/minecraft/world/level/levelgen/structure/structures/SwampHutPiece
[25Sep2026 00:56:50.343] [main/DEBUG] [net.minecraftforge.coremod.transformer.CoreModBaseTransformer/COREMOD]: Transforming net/minecraft/world/level/levelgen/structure/structures/OceanMonumentPieces$OceanMonumentPiece
[25Sep2026 00:56:50.349] [main/DEBUG] [net.minecraftforge.coremod.transformer.CoreModBaseTransformer/COREMOD]: Transforming net/minecraft/world/level/levelgen/structure/structures/WoodlandMansionPieces$WoodlandMansionPiece
[25Sep2026 00:56:50.529] [main/DEBUG] [net.minecraftforge.common.ForgeI18n/CORE]: Loading I18N data entries: 7098
[25Sep2026 00:56:50.530] [main/DEBUG] [net.minecraftforge.fml.ModWorkManager/LOADING]: Using 10 threads for parallel mod-loading
[25Sep2026 00:56:50.532] [main/DEBUG] [net.minecraftforge.fml.javafmlmod.FMLJavaModLanguageProvider/LOADING]: Loading FMLModContainer from classloader TransformingClassLoader[TRANSFORMER]@1065443868 - got SecureModuleClassLoader[LAYER PLUGIN]@1406851189
[25Sep2026 00:56:50.534] [main/DEBUG] [net.minecraftforge.fml.javafmlmod.FMLModContainer/LOADING]: Creating FMLModContainer instance for net.minecraftforge.common.ForgeMod
[25Sep2026 00:56:50.536] [main/DEBUG] [net.minecraftforge.fml.javafmlmod.FMLModContainer/LOADING]: Loaded modclass net.minecraftforge.forge/net.minecraftforge.common.ForgeMod with TransformingClassLoader[TRANSFORMER]@1065443868
[25Sep2026 00:56:50.536] [main/DEBUG] [net.minecraftforge.fml.javafmlmod.FMLJavaModLanguageProvider/LOADING]: Loading FMLModContainer from classloader TransformingClassLoader[TRANSFORMER]@1065443868 - got SecureModuleClassLoader[LAYER PLUGIN]@1406851189
[25Sep2026 00:56:50.536] [main/DEBUG] [net.minecraftforge.fml.javafmlmod.FMLModContainer/LOADING]: Creating FMLModContainer instance for ai.minecivilization.MineCivilization
[25Sep2026 00:56:50.536] [main/DEBUG] [net.minecraftforge.fml.javafmlmod.FMLModContainer/LOADING]: Loaded modclass minecivilization/ai.minecivilization.MineCivilization with TransformingClassLoader[TRANSFORMER]@1065443868
[25Sep2026 00:56:50.546] [modloading-worker-0/DEBUG] [net.minecraftforge.versions.forge.ForgeVersion/CORE]: Forge Version package package net.minecraftforge.versions.forge, Forge, version 0.0 from TransformingClassLoader[TRANSFORMER]@1065443868
[25Sep2026 00:56:50.546] [modloading-worker-0/DEBUG] [net.minecraftforge.versions.forge.ForgeVersion/CORE]: Found Forge version 52.1.16
[25Sep2026 00:56:50.547] [modloading-worker-0/DEBUG] [net.minecraftforge.versions.forge.ForgeVersion/CORE]: Found Forge spec 0.0
[25Sep2026 00:56:50.547] [modloading-worker-0/DEBUG] [net.minecraftforge.versions.forge.ForgeVersion/CORE]: Found Forge group net.minecraftforge
[25Sep2026 00:56:50.547] [modloading-worker-0/DEBUG] [net.minecraftforge.versions.mcp.MCPVersion/CORE]: MCP Version package package net.minecraftforge.versions.mcp, Minecraft, version 1.21.1 from TransformingClassLoader[TRANSFORMER]@1065443868
[25Sep2026 00:56:50.547] [modloading-worker-0/DEBUG] [net.minecraftforge.versions.mcp.MCPVersion/CORE]: Found MC version information 1.21.1
[25Sep2026 00:56:50.547] [modloading-worker-0/DEBUG] [net.minecraftforge.versions.mcp.MCPVersion/CORE]: Found MCP version information 20240808.132146
[25Sep2026 00:56:50.547] [modloading-worker-0/INFO] [net.minecraftforge.common.ForgeMod/FORGEMOD]: Forge mod loading, version 52.1.16, for MC 1.21.1 with MCP 20240808.132146
[25Sep2026 00:56:50.547] [modloading-worker-0/INFO] [net.minecraftforge.common.MinecraftForge/FORGE]: MinecraftForge v52.1.16 Initialized
[25Sep2026 00:56:50.550] [modloading-worker-0/INFO] [net.minecraftforge.common.ForgeMod/FORGEMOD]: Opening jdk.naming.dns/com.sun.jndi.dns to java.naming
[25Sep2026 00:56:50.558] [modloading-worker-0/DEBUG] [io.netty.util.internal.PlatformDependent0/]: -Dio.netty.noUnsafe: false
[25Sep2026 00:56:50.558] [modloading-worker-0/DEBUG] [io.netty.util.internal.PlatformDependent0/]: Java version: 21
[25Sep2026 00:56:50.558] [modloading-worker-0/DEBUG] [io.netty.util.internal.PlatformDependent0/]: sun.misc.Unsafe.theUnsafe: available
[25Sep2026 00:56:50.558] [modloading-worker-0/DEBUG] [io.netty.util.internal.PlatformDependent0/]: sun.misc.Unsafe.copyMemory: available
[25Sep2026 00:56:50.558] [modloading-worker-0/DEBUG] [io.netty.util.internal.PlatformDependent0/]: sun.misc.Unsafe.storeFence: available
[25Sep2026 00:56:50.558] [modloading-worker-0/DEBUG] [io.netty.util.internal.PlatformDependent0/]: java.nio.Buffer.address: available
[25Sep2026 00:56:50.559] [modloading-worker-0/DEBUG] [io.netty.util.internal.PlatformDependent0/]: direct buffer constructor: unavailable
java.lang.UnsupportedOperationException: Reflective setAccessible(true) disabled
	at SECURE-BOOTSTRAP/io.netty.common@4.1.97.Final/io.netty.util.internal.ReflectionUtil.trySetAccessible(ReflectionUtil.java:31) ~[netty-common-4.1.97.Final.jar:4.1.97.Final]
	at SECURE-BOOTSTRAP/io.netty.common@4.1.97.Final/io.netty.util.internal.PlatformDependent0$5.run(PlatformDependent0.java:289) ~[netty-common-4.1.97.Final.jar:4.1.97.Final]
	at java.base/java.security.AccessController.doPrivileged(AccessController.java:319) ~[?:?]
	at SECURE-BOOTSTRAP/io.netty.common@4.1.97.Final/io.netty.util.internal.PlatformDependent0.<clinit>(PlatformDependent0.java:282) ~[netty-common-4.1.97.Final.jar:4.1.97.Final]
	at SECURE-BOOTSTRAP/io.netty.common@4.1.97.Final/io.netty.util.internal.PlatformDependent.isAndroid(PlatformDependent.java:333) ~[netty-common-4.1.97.Final.jar:4.1.97.Final]
	at SECURE-BOOTSTRAP/io.netty.common@4.1.97.Final/io.netty.util.internal.PlatformDependent.<clinit>(PlatformDependent.java:88) ~[netty-common-4.1.97.Final.jar:4.1.97.Final]
	at SECURE-BOOTSTRAP/io.netty.common@4.1.97.Final/io.netty.util.ConstantPool.<init>(ConstantPool.java:34) ~[netty-common-4.1.97.Final.jar:4.1.97.Final]
	at SECURE-BOOTSTRAP/io.netty.common@4.1.97.Final/io.netty.util.AttributeKey$1.<init>(AttributeKey.java:27) ~[netty-common-4.1.97.Final.jar:4.1.97.Final]
	at SECURE-BOOTSTRAP/io.netty.common@4.1.97.Final/io.netty.util.AttributeKey.<clinit>(AttributeKey.java:27) ~[netty-common-4.1.97.Final.jar:4.1.97.Final]
	at TRANSFORMER/net.minecraftforge.forge@52.1.16/net.minecraftforge.network.NetworkInitialization.<clinit>(NetworkInitialization.java:27) ~[forge-1.21.1-52.1.16.jar:?]
	at TRANSFORMER/net.minecraftforge.forge@52.1.16/net.minecraftforge.common.ForgeMod.<init>(ForgeMod.java:381) ~[forge-1.21.1-52.1.16.jar:?]
	at java.base/jdk.internal.reflect.DirectConstructorHandleAccessor.newInstance(DirectConstructorHandleAccessor.java:62) ~[?:?]
	at java.base/java.lang.reflect.Constructor.newInstanceWithCaller(Constructor.java:502) ~[?:?]
	at java.base/java.lang.reflect.Constructor.newInstance(Constructor.java:486) ~[?:?]
	at LAYER PLUGIN/net.minecraftforge.javafmlmod@1.21.1-52.1.16/net.minecraftforge.fml.javafmlmod.FMLModContainer.constructMod(FMLModContainer.java:145) ~[javafmllanguage-1.21.1-52.1.16.jar!/:52.1.16]
	at LAYER PLUGIN/net.minecraftforge.fmlcore@1.21.1-52.1.16/net.minecraftforge.fml.ModContainer.lambda$buildTransitionHandler$5(ModContainer.java:125) ~[fmlcore-1.21.1-52.1.16.jar!/:1.0]
	at java.base/java.util.concurrent.CompletableFuture$AsyncRun.run(CompletableFuture.java:1804) [?:?]
	at java.base/java.util.concurrent.CompletableFuture$AsyncRun.exec(CompletableFuture.java:1796) [?:?]
	at java.base/java.util.concurrent.ForkJoinTask.doExec(ForkJoinTask.java:387) [?:?]
	at java.base/java.util.concurrent.ForkJoinPool$WorkQueue.topLevelExec(ForkJoinPool.java:1312) [?:?]
	at java.base/java.util.concurrent.ForkJoinPool.scan(ForkJoinPool.java:1843) [?:?]
	at java.base/java.util.concurrent.ForkJoinPool.runWorker(ForkJoinPool.java:1808) [?:?]
	at java.base/java.util.concurrent.ForkJoinWorkerThread.run(ForkJoinWorkerThread.java:188) [?:?]
[25Sep2026 00:56:50.561] [modloading-worker-0/DEBUG] [io.netty.util.internal.PlatformDependent0/]: java.nio.Bits.unaligned: available, true
[25Sep2026 00:56:50.562] [modloading-worker-0/DEBUG] [io.netty.util.internal.PlatformDependent0/]: jdk.internal.misc.Unsafe.allocateUninitializedArray(int): unavailable
java.lang.IllegalAccessException: class io.netty.util.internal.PlatformDependent0$7 (in module io.netty.common) cannot access class jdk.internal.misc.Unsafe (in module java.base) because module java.base does not export jdk.internal.misc to module io.netty.common
	at java.base/jdk.internal.reflect.Reflection.newIllegalAccessException(Reflection.java:394) ~[?:?]
	at java.base/java.lang.reflect.AccessibleObject.checkAccess(AccessibleObject.java:714) ~[?:?]
	at java.base/java.lang.reflect.Method.invoke(Method.java:571) ~[?:?]
	at SECURE-BOOTSTRAP/io.netty.common@4.1.97.Final/io.netty.util.internal.PlatformDependent0$7.run(PlatformDependent0.java:411) ~[netty-common-4.1.97.Final.jar:4.1.97.Final]
	at java.base/java.security.AccessController.doPrivileged(AccessController.java:319) ~[?:?]
	at SECURE-BOOTSTRAP/io.netty.common@4.1.97.Final/io.netty.util.internal.PlatformDependent0.<clinit>(PlatformDependent0.java:402) ~[netty-common-4.1.97.Final.jar:4.1.97.Final]
	at SECURE-BOOTSTRAP/io.netty.common@4.1.97.Final/io.netty.util.internal.PlatformDependent.isAndroid(PlatformDependent.java:333) ~[netty-common-4.1.97.Final.jar:4.1.97.Final]
	at SECURE-BOOTSTRAP/io.netty.common@4.1.97.Final/io.netty.util.internal.PlatformDependent.<clinit>(PlatformDependent.java:88) ~[netty-common-4.1.97.Final.jar:4.1.97.Final]
	at SECURE-BOOTSTRAP/io.netty.common@4.1.97.Final/io.netty.util.ConstantPool.<init>(ConstantPool.java:34) ~[netty-common-4.1.97.Final.jar:4.1.97.Final]
	at SECURE-BOOTSTRAP/io.netty.common@4.1.97.Final/io.netty.util.AttributeKey$1.<init>(AttributeKey.java:27) ~[netty-common-4.1.97.Final.jar:4.1.97.Final]
	at SECURE-BOOTSTRAP/io.netty.common@4.1.97.Final/io.netty.util.AttributeKey.<clinit>(AttributeKey.java:27) ~[netty-common-4.1.97.Final.jar:4.1.97.Final]
	at TRANSFORMER/net.minecraftforge.forge@52.1.16/net.minecraftforge.network.NetworkInitialization.<clinit>(NetworkInitialization.java:27) ~[forge-1.21.1-52.1.16.jar:?]
	at TRANSFORMER/net.minecraftforge.forge@52.1.16/net.minecraftforge.common.ForgeMod.<init>(ForgeMod.java:381) ~[forge-1.21.1-52.1.16.jar:?]
	at java.base/jdk.internal.reflect.DirectConstructorHandleAccessor.newInstance(DirectConstructorHandleAccessor.java:62) ~[?:?]
	at java.base/java.lang.reflect.Constructor.newInstanceWithCaller(Constructor.java:502) ~[?:?]
	at java.base/java.lang.reflect.Constructor.newInstance(Constructor.java:486) ~[?:?]
	at LAYER PLUGIN/net.minecraftforge.javafmlmod@1.21.1-52.1.16/net.minecraftforge.fml.javafmlmod.FMLModContainer.constructMod(FMLModContainer.java:145) ~[javafmllanguage-1.21.1-52.1.16.jar!/:52.1.16]
	at LAYER PLUGIN/net.minecraftforge.fmlcore@1.21.1-52.1.16/net.minecraftforge.fml.ModContainer.lambda$buildTransitionHandler$5(ModContainer.java:125) ~[fmlcore-1.21.1-52.1.16.jar!/:1.0]
	at java.base/java.util.concurrent.CompletableFuture$AsyncRun.run(CompletableFuture.java:1804) [?:?]
	at java.base/java.util.concurrent.CompletableFuture$AsyncRun.exec(CompletableFuture.java:1796) [?:?]
	at java.base/java.util.concurrent.ForkJoinTask.doExec(ForkJoinTask.java:387) [?:?]
	at java.base/java.util.concurrent.ForkJoinPool$WorkQueue.topLevelExec(ForkJoinPool.java:1312) [?:?]
	at java.base/java.util.concurrent.ForkJoinPool.scan(ForkJoinPool.java:1843) [?:?]
	at java.base/java.util.concurrent.ForkJoinPool.runWorker(ForkJoinPool.java:1808) [?:?]
	at java.base/java.util.concurrent.ForkJoinWorkerThread.run(ForkJoinWorkerThread.java:188) [?:?]
[25Sep2026 00:56:50.562] [modloading-worker-0/DEBUG] [io.netty.util.internal.PlatformDependent0/]: java.nio.DirectByteBuffer.<init>(long, {int,long}): unavailable
[25Sep2026 00:56:50.562] [modloading-worker-0/DEBUG] [io.netty.util.internal.PlatformDependent/]: sun.misc.Unsafe: available
[25Sep2026 00:56:50.562] [modloading-worker-0/DEBUG] [io.netty.util.internal.PlatformDependent/]: maxDirectMemory: 4294967296 bytes (maybe)
[25Sep2026 00:56:50.562] [modloading-worker-0/DEBUG] [net.minecraftforge.fml.config.ConfigTracker/CONFIG]: Config file minecivilization-common.toml for minecivilization tracking
[25Sep2026 00:56:50.562] [modloading-worker-0/DEBUG] [io.netty.util.internal.PlatformDependent/]: -Dio.netty.tmpdir: /var/folders/ff/68kf5nhj5dv60gtgb1gn7wkm0000gn/T (java.io.tmpdir)
[25Sep2026 00:56:50.562] [modloading-worker-0/DEBUG] [io.netty.util.internal.PlatformDependent/]: -Dio.netty.bitMode: 64 (sun.arch.data.model)
[25Sep2026 00:56:50.563] [modloading-worker-0/DEBUG] [io.netty.util.internal.PlatformDependent/]: Platform: MacOS
[25Sep2026 00:56:50.563] [modloading-worker-0/DEBUG] [net.minecraftforge.fml.javafmlmod.AutomaticEventSubscriber/LOADING]: Attempting to inject @EventBusSubscriber classes into the eventbus for minecivilization
[25Sep2026 00:56:50.563] [modloading-worker-0/DEBUG] [io.netty.util.internal.PlatformDependent/]: -Dio.netty.maxDirectMemory: -1 bytes
[25Sep2026 00:56:50.563] [modloading-worker-0/DEBUG] [io.netty.util.internal.PlatformDependent/]: -Dio.netty.uninitializedArrayAllocationThreshold: -1
[25Sep2026 00:56:50.563] [modloading-worker-0/DEBUG] [io.netty.util.internal.CleanerJava9/]: java.nio.ByteBuffer.cleaner(): available
[25Sep2026 00:56:50.563] [modloading-worker-0/DEBUG] [io.netty.util.internal.PlatformDependent/]: -Dio.netty.noPreferDirect: false
[25Sep2026 00:56:50.577] [modloading-worker-0/DEBUG] [net.minecraftforge.network.NetworkInitialization/FORGE_NETWORK]: Registering Network forge:login v0
[25Sep2026 00:56:50.577] [modloading-worker-0/DEBUG] [net.minecraftforge.network.NetworkInitialization/FORGE_NETWORK]: Registering Network forge:handshake v0
[25Sep2026 00:56:50.578] [modloading-worker-0/DEBUG] [net.minecraftforge.network.NetworkInitialization/FORGE_NETWORK]: Registering Network forge:handshake v0
[25Sep2026 00:56:50.578] [modloading-worker-0/DEBUG] [net.minecraftforge.network.NetworkInitialization/FORGE_NETWORK]: Registering Network forge:channel_registration v0
[25Sep2026 00:56:50.583] [modloading-worker-0/DEBUG] [net.minecraftforge.fml.config.ConfigTracker/CONFIG]: Config file forge-client.toml for forge tracking
[25Sep2026 00:56:50.583] [modloading-worker-0/DEBUG] [net.minecraftforge.fml.config.ConfigTracker/CONFIG]: Config file forge-server.toml for forge tracking
[25Sep2026 00:56:50.583] [modloading-worker-0/DEBUG] [net.minecraftforge.fml.config.ConfigTracker/CONFIG]: Config file forge-common.toml for forge tracking
[25Sep2026 00:56:50.589] [modloading-worker-0/DEBUG] [net.minecraftforge.fml.javafmlmod.AutomaticEventSubscriber/LOADING]: Attempting to inject @EventBusSubscriber classes into the eventbus for forge
[25Sep2026 00:56:50.589] [modloading-worker-0/DEBUG] [net.minecraftforge.fml.javafmlmod.AutomaticEventSubscriber/LOADING]: Auto-subscribing net.minecraftforge.common.ForgeSpawnEggItem$CommonHandler to MOD
[25Sep2026 00:56:50.596] [main/DEBUG] [net.minecraftforge.common.capabilities.CapabilityManager/CAPABILITIES]: Attempting to automatically register: Lnet/minecraftforge/energy/IEnergyStorage;
[25Sep2026 00:56:50.596] [main/DEBUG] [net.minecraftforge.common.capabilities.CapabilityManager/CAPABILITIES]: Attempting to automatically register: Lnet/minecraftforge/fluids/capability/IFluidHandler;
[25Sep2026 00:56:50.596] [main/DEBUG] [net.minecraftforge.common.capabilities.CapabilityManager/CAPABILITIES]: Attempting to automatically register: Lnet/minecraftforge/fluids/capability/IFluidHandlerItem;
[25Sep2026 00:56:50.596] [main/DEBUG] [net.minecraftforge.common.capabilities.CapabilityManager/CAPABILITIES]: Attempting to automatically register: Lnet/minecraftforge/items/IItemHandler;
[25Sep2026 00:56:50.639] [main/DEBUG] [net.minecraftforge.fml.config.ConfigTracker/CONFIG]: Loading configs type COMMON
[25Sep2026 00:56:50.640] [main/DEBUG] [net.minecraftforge.fml.config.ConfigFileTypeHandler/CONFIG]: Built TOML config for /Users/17j4ck/minecivilization-ai/mod/run-server/config/minecivilization-common.toml
[25Sep2026 00:56:50.641] [main/DEBUG] [net.minecraftforge.fml.config.ConfigFileTypeHandler/CONFIG]: Loaded TOML config file /Users/17j4ck/minecivilization-ai/mod/run-server/config/minecivilization-common.toml
[25Sep2026 00:56:50.641] [main/DEBUG] [net.minecraftforge.fml.config.ConfigFileTypeHandler/CONFIG]: Starting watcher for handler: ConfigFileTypeHandler[COMMON]
[25Sep2026 00:56:50.643] [main/DEBUG] [net.minecraftforge.fml.config.ConfigFileTypeHandler/CONFIG]: Watching TOML config file /Users/17j4ck/minecivilization-ai/mod/run-server/config/minecivilization-common.toml for changes
[25Sep2026 00:56:50.644] [main/DEBUG] [net.minecraftforge.fml.config.ConfigFileTypeHandler/CONFIG]: Built TOML config for /Users/17j4ck/minecivilization-ai/mod/run-server/config/forge-common.toml
[25Sep2026 00:56:50.645] [main/DEBUG] [net.minecraftforge.fml.config.ConfigFileTypeHandler/CONFIG]: Loaded TOML config file /Users/17j4ck/minecivilization-ai/mod/run-server/config/forge-common.toml
[25Sep2026 00:56:50.645] [main/DEBUG] [net.minecraftforge.fml.config.ConfigFileTypeHandler/CONFIG]: Watching TOML config file /Users/17j4ck/minecivilization-ai/mod/run-server/config/forge-common.toml for changes
[25Sep2026 00:56:50.645] [main/DEBUG] [net.minecraftforge.common.ForgeConfig/FORGEMOD]: Loaded forge config file forge-common.toml
[25Sep2026 00:56:50.646] [modloading-worker-0/INFO] [ai.minecivilization.MineCivilization/]: MineCivilization AI initialized (local cognition, deterministic skills)
[25Sep2026 00:56:50.647] [main/DEBUG] [net.minecraftforge.fml.DeferredWorkQueue/LOADING]: Dispatching synchronous work for work queue COMMON_SETUP: 1 jobs
[25Sep2026 00:56:50.648] [main/DEBUG] [net.minecraftforge.fml.DeferredWorkQueue/LOADING]: Synchronous work queue completed in 1.358 ms
[25Sep2026 00:56:50.712] [Forge Version Check/INFO] [net.minecraftforge.fml.VersionChecker/]: [forge] Starting version check at https://files.minecraftforge.net/net/minecraftforge/forge/promotions_slim.json
[25Sep2026 00:56:50.971] [Forge Version Check/DEBUG] [net.minecraftforge.fml.VersionChecker/]: [forge] Received version check data:
{
  "homepage": "https://files.minecraftforge.net/net/minecraftforge/forge/",
  "promos": {
    "1.1-latest": "1.3.4.29",
    "1.2.3-latest": "1.4.1.64",
    "1.2.4-latest": "2.0.0.68",
    "1.2.5-latest": "3.4.9.171",
    "1.3.2-latest": "4.3.5.318",
    "1.4.0-latest": "5.0.0.326",
    "1.4.1-latest": "6.0.0.329",
    "1.4.2-latest": "6.0.1.355",
    "1.4.3-latest": "6.2.1.358",
    "1.4.4-latest": "6.3.0.378",
    "1.4.5-latest": "6.4.2.448",
    "1.4.6-latest": "6.5.0.489",
    "1.4.7-latest": "6.6.2.534",
    "1.5-latest": "7.7.0.598",
    "1.5.1-latest": "7.7.2.682",
    "1.5.2-latest": "7.8.1.738",
    "1.5.2-recommended": "7.8.1.738",
    "1.6.1-latest": "8.9.0.775",
    "1.6.2-latest": "9.10.1.871",
    "1.6.2-recommended": "9.10.1.871",
    "1.6.3-latest": "9.11.0.878",
    "1.6.4-latest": "9.11.1.1345",
    "1.6.4-recommended": "9.11.1.1345",
    "1.7.2-latest": "10.12.2.1161",
    "1.7.2-recommended": "10.12.2.1161",
    "1.7.10-latest": "10.13.4.1614",
    "1.7.10-recommended": "10.13.4.1614",
    "1.8-latest": "11.14.4.1577",
    "1.8-recommended": "11.14.4.1563",
    "1.8.8-latest": "11.15.0.1655",
    "1.8.9-latest": "11.15.1.2318",
    "1.8.9-recommended": "11.15.1.2318",
    "1.9-latest": "12.16.1.1938",
    "1.9-recommended": "12.16.1.1887",
    "1.9.4-latest": "12.17.0.2317",
    "1.9.4-recommended": "12.17.0.2317",
    "1.10-latest": "12.18.0.2000",
    "1.10.2-latest": "12.18.3.2511",
    "1.10.2-recommended": "12.18.3.2511",
    "1.11-latest": "13.19.1.2199",
    "1.11-recommended": "13.19.1.2189",
    "1.11.2-latest": "13.20.1.2588",
    "1.11.2-recommended": "13.20.1.2588",
    "1.12-latest": "14.21.1.2443",
    "1.12-recommended": "14.21.1.2387",
    "1.12.1-latest": "14.22.1.2485",
    "1.12.1-recommended": "14.22.1.2478",
    "1.12.2-latest": "14.23.5.2864",
    "1.12.2-recommended": "14.23.5.2859",
    "1.13.2-latest": "25.0.223",
    "1.14.2-latest": "26.0.63",
    "1.14.3-latest": "27.0.60",
    "1.14.4-latest": "28.2.30",
    "1.14.4-recommended": "28.2.26",
    "1.15-latest": "29.0.4",
    "1.15.1-latest": "30.0.51",
    "1.15.2-latest": "31.2.62",
    "1.15.2-recommended": "31.2.57",
    "1.16.1-latest": "32.0.108",
    "1.16.2-latest": "33.0.61",
    "1.16.3-latest": "34.1.42",
    "1.16.3-recommended": "34.1.0",
    "1.16.4-latest": "35.1.37",
    "1.16.4-recommended": "35.1.4",
    "1.16.5-latest": "36.2.42",
    "1.16.5-recommended": "36.2.34",
    "1.17.1-latest": "37.1.1",
    "1.17.1-recommended": "37.1.1",
    "1.18-latest": "38.0.17",
    "1.18.1-latest": "39.1.2",
    "1.18.1-recommended": "39.1.0",
    "1.18.2-recommended": "40.3.0",
    "1.18.2-latest": "40.3.12",
    "1.19-latest": "41.1.0",
    "1.19-recommended": "41.1.0",
    "1.19.1-latest": "42.0.9",
    "1.19.2-recommended": "43.5.0",
    "1.19.2-latest": "43.5.2",
    "1.19.3-latest": "44.1.23",
    "1.19.3-recommended": "44.1.0",
    "1.19.4-recommended": "45.4.0",
    "1.19.4-latest": "45.4.5",
    "1.20-latest": "46.0.14",
    "1.20.1-recommended": "47.4.10",
    "1.20.1-latest": "47.4.23",
    "1.20.2-latest": "48.1.0",
    "1.20.2-recommended": "48.1.0",
    "1.20.3-latest": "49.0.2",
    "1.20.4-latest": "49.2.8",
    "1.20.4-recommended": "49.2.0",
    "1.20.6-latest": "50.2.10",
    "1.20.6-recommended": "50.2.0",
    "1.21-latest": "51.0.33",
    "1.21.1-latest": "52.1.16",
    "1.21.1-recommended": "52.1.0",
    "1.21.3-latest": "53.1.12",
    "1.21.3-recommended": "53.1.0",
    "1.21.4-latest": "54.1.18",
    "1.21.4-recommended": "54.1.14",
    "1.21.5-latest": "55.1.14",
    "1.21.5-recommended": "55.1.0",
    "1.21.6-latest": "56.0.9",
    "1.21.7-latest": "57.0.3",
    "1.21.8-latest": "58.1.22",
    "1.21.8-recommended": "58.1.0",
    "1.21.9-latest": "59.0.5",
    "1.21.10-latest": "60.1.15",
    "1.21.10-recommended": "60.1.0",
    "1.21.11-latest": "61.2.1",
    "1.21.11-recommended": "61.2.0",
    "26.1-latest": "62.0.9",
    "26.1.1-latest": "63.0.2",
    "26.1.2-latest": "64.1.3",
    "26.1.2-recommended": "64.1.0",
    "26.2-latest": "65.1.3",
    "26.2-recommended": "65.1.0",
    "26.3-latest": "66.0.3"
  }
}
[25Sep2026 00:56:50.971] [Forge Version Check/INFO] [net.minecraftforge.fml.VersionChecker/]: [forge] Found status: AHEAD Current: 52.1.16 Target: null
[25Sep2026 00:56:51.224] [main/INFO] [com.mojang.authlib.yggdrasil.YggdrasilAuthenticationService/]: Environment: Environment[sessionHost=https://sessionserver.mojang.com, servicesHost=https://api.minecraftservices.com, name=PROD]
[25Sep2026 00:56:51.248] [main/WARN] [net.minecraft.server.packs.VanillaPackResourcesBuilder/]: Assets URL 'union:/Users/17j4ck/minecivilization-ai/mod/.gradle/mavenizer/repo/net/minecraftforge/forge/1.21.1-52.1.16/forge-1.21.1-52.1.16.jar%230!/assets/.mcassetsroot' uses unexpected schema
[25Sep2026 00:56:51.248] [main/WARN] [net.minecraft.server.packs.VanillaPackResourcesBuilder/]: Assets URL 'union:/Users/17j4ck/minecivilization-ai/mod/.gradle/mavenizer/repo/net/minecraftforge/forge/1.21.1-52.1.16/forge-1.21.1-52.1.16.jar%230!/data/.mcassetsroot' uses unexpected schema
[25Sep2026 00:56:51.271] [main/DEBUG] [net.minecraftforge.resource.ResourcePackLoader/CORE]: Generating PackInfo named mod:forge for mod file /
[25Sep2026 00:56:51.272] [main/DEBUG] [net.minecraftforge.resource.ResourcePackLoader/CORE]: Generating PackInfo named mod:minecivilization for mod file /Users/17j4ck/minecivilization-ai/mod/build/sourceSets/main
[25Sep2026 00:56:51.545] [main/INFO] [net.minecraft.server.Main/]: No existing world data, creating new world
[25Sep2026 00:56:51.701] [Worker-Main-3/DEBUG] [net.minecraftforge.coremod.transformer.CoreModBaseTransformer/COREMOD]: Transforming net/minecraft/server/commands/SummonCommand
[25Sep2026 00:56:51.737] [Worker-Main-3/DEBUG] [net.minecraftforge.coremod.transformer.CoreModBaseTransformer/COREMOD]: Transforming net/minecraft/server/commands/RaidCommand
[25Sep2026 00:56:51.890] [main/INFO] [net.minecraft.world.item.crafting.RecipeManager/]: Loaded 1290 recipes
[25Sep2026 00:56:51.982] [main/INFO] [net.minecraft.advancements.AdvancementTree/]: Loaded 1399 advancements
[25Sep2026 00:56:52.241] [main/DEBUG] [net.minecraftforge.common.ForgeHooks/WP]: Gathering id map for writing to world save world
[25Sep2026 00:56:52.254] [main/DEBUG] [net.minecraftforge.common.ForgeHooks/WP]: ID Map collection complete world
[25Sep2026 00:56:52.282] [Server thread/INFO] [net.minecraft.server.dedicated.DedicatedServer/]: Starting minecraft server version 1.21.1
[25Sep2026 00:56:52.282] [Server thread/INFO] [net.minecraft.server.dedicated.DedicatedServer/]: Loading properties
[25Sep2026 00:56:52.282] [Server thread/INFO] [net.minecraft.server.dedicated.DedicatedServer/]: Default game type: SURVIVAL
[25Sep2026 00:56:52.283] [Server thread/INFO] [net.minecraft.server.MinecraftServer/]: Generating keypair
[25Sep2026 00:56:52.327] [Server thread/INFO] [net.minecraft.server.dedicated.DedicatedServer/]: Starting Minecraft server on *:25565
[25Sep2026 00:56:52.328] [Server thread/DEBUG] [net.minecraftforge.network.DualStackUtils/]: Detected IPv6 address: "0:0:0:0:0:0:0:0"
[25Sep2026 00:56:52.335] [Server thread/DEBUG] [io.netty.channel.MultithreadEventLoopGroup/]: -Dio.netty.eventLoopThreads: 20
[25Sep2026 00:56:52.338] [Server thread/DEBUG] [io.netty.util.concurrent.GlobalEventExecutor/]: -Dio.netty.globalEventExecutor.quietPeriodSeconds: 1
[25Sep2026 00:56:52.340] [Server thread/DEBUG] [io.netty.util.internal.InternalThreadLocalMap/]: -Dio.netty.threadLocalMap.stringBuilder.initialSize: 1024
[25Sep2026 00:56:52.340] [Server thread/DEBUG] [io.netty.util.internal.InternalThreadLocalMap/]: -Dio.netty.threadLocalMap.stringBuilder.maxSize: 4096
[25Sep2026 00:56:52.342] [Server thread/DEBUG] [io.netty.channel.nio.NioEventLoop/]: -Dio.netty.noKeySetOptimization: false
[25Sep2026 00:56:52.342] [Server thread/DEBUG] [io.netty.channel.nio.NioEventLoop/]: -Dio.netty.selectorAutoRebuildThreshold: 512
[25Sep2026 00:56:52.344] [Server thread/DEBUG] [io.netty.util.internal.PlatformDependent/]: org.jctools-core.MpscChunkedArrayQueue: available
[25Sep2026 00:56:52.346] [Server thread/INFO] [net.minecraft.server.network.ServerConnectionListener/]: Using default channel type
[25Sep2026 00:56:52.351] [Server thread/DEBUG] [io.netty.channel.DefaultChannelId/]: -Dio.netty.processId: 63712 (auto-detected)
[25Sep2026 00:56:52.352] [Server thread/DEBUG] [io.netty.util.NetUtil/]: -Djava.net.preferIPv4Stack: false
[25Sep2026 00:56:52.352] [Server thread/DEBUG] [io.netty.util.NetUtil/]: -Djava.net.preferIPv6Addresses: true
[25Sep2026 00:56:52.354] [Server thread/DEBUG] [io.netty.util.NetUtilInitializations/]: Loopback interface: lo0 (lo0, 0:0:0:0:0:0:0:1%lo0)
[25Sep2026 00:56:52.356] [Server thread/DEBUG] [io.netty.util.NetUtil/]: Failed to get SOMAXCONN from sysctl and file /proc/sys/net/core/somaxconn. Default: 128
[25Sep2026 00:56:52.357] [Server thread/DEBUG] [io.netty.channel.DefaultChannelId/]: -Dio.netty.machineId: 5e:c2:ae:ff:fe:b2:a2:8d (auto-detected)
[25Sep2026 00:56:52.368] [Server thread/DEBUG] [io.netty.buffer.PooledByteBufAllocator/]: -Dio.netty.allocator.numHeapArenas: 20
[25Sep2026 00:56:52.368] [Server thread/DEBUG] [io.netty.buffer.PooledByteBufAllocator/]: -Dio.netty.allocator.numDirectArenas: 20
[25Sep2026 00:56:52.368] [Server thread/DEBUG] [io.netty.buffer.PooledByteBufAllocator/]: -Dio.netty.allocator.pageSize: 8192
[25Sep2026 00:56:52.368] [Server thread/DEBUG] [io.netty.buffer.PooledByteBufAllocator/]: -Dio.netty.allocator.maxOrder: 9
[25Sep2026 00:56:52.368] [Server thread/DEBUG] [io.netty.buffer.PooledByteBufAllocator/]: -Dio.netty.allocator.chunkSize: 4194304
[25Sep2026 00:56:52.368] [Server thread/DEBUG] [io.netty.buffer.PooledByteBufAllocator/]: -Dio.netty.allocator.smallCacheSize: 256
[25Sep2026 00:56:52.368] [Server thread/DEBUG] [io.netty.buffer.PooledByteBufAllocator/]: -Dio.netty.allocator.normalCacheSize: 64
[25Sep2026 00:56:52.368] [Server thread/DEBUG] [io.netty.buffer.PooledByteBufAllocator/]: -Dio.netty.allocator.maxCachedBufferCapacity: 32768
[25Sep2026 00:56:52.368] [Server thread/DEBUG] [io.netty.buffer.PooledByteBufAllocator/]: -Dio.netty.allocator.cacheTrimInterval: 8192
[25Sep2026 00:56:52.368] [Server thread/DEBUG] [io.netty.buffer.PooledByteBufAllocator/]: -Dio.netty.allocator.cacheTrimIntervalMillis: 0
[25Sep2026 00:56:52.368] [Server thread/DEBUG] [io.netty.buffer.PooledByteBufAllocator/]: -Dio.netty.allocator.useCacheForAllThreads: false
[25Sep2026 00:56:52.368] [Server thread/DEBUG] [io.netty.buffer.PooledByteBufAllocator/]: -Dio.netty.allocator.maxCachedByteBuffersPerChunk: 1023
[25Sep2026 00:56:52.372] [Server thread/DEBUG] [io.netty.buffer.ByteBufUtil/]: -Dio.netty.allocator.type: pooled
[25Sep2026 00:56:52.372] [Server thread/DEBUG] [io.netty.buffer.ByteBufUtil/]: -Dio.netty.threadLocalDirectBufferSize: 0
[25Sep2026 00:56:52.372] [Server thread/DEBUG] [io.netty.buffer.ByteBufUtil/]: -Dio.netty.maxThreadLocalCharBufferSize: 16384
[25Sep2026 00:56:52.375] [Server thread/WARN] [net.minecraft.server.dedicated.DedicatedServer/]: **** SERVER IS RUNNING IN OFFLINE/INSECURE MODE!
[25Sep2026 00:56:52.375] [Server thread/WARN] [net.minecraft.server.dedicated.DedicatedServer/]: The server will make no attempt to authenticate usernames. Beware.
[25Sep2026 00:56:52.375] [Server thread/WARN] [net.minecraft.server.dedicated.DedicatedServer/]: While this makes the game possible to play without internet access, it also opens up the ability for hackers to connect with any username they choose.
[25Sep2026 00:56:52.376] [Server thread/WARN] [net.minecraft.server.dedicated.DedicatedServer/]: To change this, set "online-mode" to "true" in the server.properties file.
[25Sep2026 00:56:52.382] [Server thread/DEBUG] [net.minecraftforge.fml.config.ConfigTracker/CONFIG]: Loading configs type SERVER
[25Sep2026 00:56:52.382] [Server thread/DEBUG] [net.minecraftforge.fml.config.ConfigFileTypeHandler/CONFIG]: Built TOML config for ./world/serverconfig/forge-server.toml
[25Sep2026 00:56:52.383] [Server thread/DEBUG] [net.minecraftforge.fml.config.ConfigFileTypeHandler/CONFIG]: Loaded TOML config file ./world/serverconfig/forge-server.toml
[25Sep2026 00:56:52.383] [Server thread/DEBUG] [net.minecraftforge.fml.config.ConfigFileTypeHandler/CONFIG]: Starting watcher for handler: ConfigFileTypeHandler[SERVER]
[25Sep2026 00:56:52.383] [Server thread/DEBUG] [net.minecraftforge.fml.config.ConfigFileTypeHandler/CONFIG]: Watching TOML config file ./world/serverconfig/forge-server.toml for changes
[25Sep2026 00:56:52.383] [Server thread/WARN] [net.minecraftforge.common.ForgeConfigSpec/CORE]: Configuration file ./world/serverconfig/forge-server.toml is not correct. Correcting
[25Sep2026 00:56:52.384] [Server thread/WARN] [net.minecraftforge.common.ForgeConfigSpec/CORE]: Incorrect key server was corrected from null to its default, SynchronizedConfig{DataHolder:{}}. 
[25Sep2026 00:56:52.384] [Server thread/WARN] [net.minecraftforge.common.ForgeConfigSpec/CORE]: Incorrect key server.removeErroringBlockEntities was corrected from null to its default, false. 
[25Sep2026 00:56:52.384] [Server thread/DEBUG] [net.minecraftforge.common.ForgeConfigSpec/CORE]: The comment on key server.removeErroringBlockEntities does not match the spec. This may create a backup.
[25Sep2026 00:56:52.384] [Server thread/WARN] [net.minecraftforge.common.ForgeConfigSpec/CORE]: Incorrect key server.removeErroringEntities was corrected from null to its default, false. 
[25Sep2026 00:56:52.384] [Server thread/DEBUG] [net.minecraftforge.common.ForgeConfigSpec/CORE]: The comment on key server.removeErroringEntities does not match the spec. This may create a backup.
[25Sep2026 00:56:52.384] [Server thread/WARN] [net.minecraftforge.common.ForgeConfigSpec/CORE]: Incorrect key server.fullBoundingBoxLadders was corrected from null to its default, false. 
[25Sep2026 00:56:52.384] [Server thread/DEBUG] [net.minecraftforge.common.ForgeConfigSpec/CORE]: The comment on key server.fullBoundingBoxLadders does not match the spec. This may create a backup.
[25Sep2026 00:56:52.384] [Server thread/WARN] [net.minecraftforge.common.ForgeConfigSpec/CORE]: Incorrect key server.permissionHandler was corrected from null to its default, forge:default_handler. 
[25Sep2026 00:56:52.384] [Server thread/DEBUG] [net.minecraftforge.common.ForgeConfigSpec/CORE]: The comment on key server.permissionHandler does not match the spec. This may create a backup.
[25Sep2026 00:56:52.384] [Server thread/WARN] [net.minecraftforge.common.ForgeConfigSpec/CORE]: Incorrect key server.advertiseDedicatedServerToLan was corrected from null to its default, true. 
[25Sep2026 00:56:52.384] [Server thread/DEBUG] [net.minecraftforge.common.ForgeConfigSpec/CORE]: The comment on key server.advertiseDedicatedServerToLan does not match the spec. This may create a backup.
[25Sep2026 00:56:52.384] [Server thread/WARN] [net.minecraftforge.common.ForgeConfigSpec/CORE]: Incorrect key server.useItemWithDurationZero was corrected from null to its default, false. 
[25Sep2026 00:56:52.384] [Server thread/DEBUG] [net.minecraftforge.common.ForgeConfigSpec/CORE]: The comment on key server.useItemWithDurationZero does not match the spec. This may create a backup.
[25Sep2026 00:56:52.384] [Server thread/DEBUG] [net.minecraftforge.common.ForgeConfigSpec/CORE]: The comment on key server does not match the spec. This may create a backup.
[25Sep2026 00:56:52.384] [Server thread/DEBUG] [net.minecraftforge.common.ForgeConfig/FORGEMOD]: Loaded forge config file forge-server.toml
[25Sep2026 00:56:52.398] [Server thread/INFO] [net.minecraft.server.dedicated.DedicatedServer/]: Preparing level "world"
[25Sep2026 00:56:52.401] [Server thread/DEBUG] [net.minecraftforge.coremod.transformer.CoreModBaseTransformer/COREMOD]: Transforming net/minecraft/world/level/levelgen/PhantomSpawner
[25Sep2026 00:56:52.405] [Server thread/DEBUG] [net.minecraftforge.coremod.transformer.CoreModBaseTransformer/COREMOD]: Transforming net/minecraft/world/level/levelgen/PatrolSpawner
[25Sep2026 00:56:52.407] [Server thread/DEBUG] [net.minecraftforge.coremod.transformer.CoreModBaseTransformer/COREMOD]: Transforming net/minecraft/world/entity/npc/CatSpawner
[25Sep2026 00:56:52.409] [Server thread/DEBUG] [net.minecraftforge.coremod.transformer.CoreModBaseTransformer/COREMOD]: Transforming net/minecraft/world/entity/ai/village/VillageSiege
[25Sep2026 00:56:53.705] [Worker-Main-5/DEBUG] [net.minecraftforge.coremod.transformer.CoreModBaseTransformer/COREMOD]: Transforming net/minecraft/world/level/levelgen/structure/templatesystem/StructureTemplate
[25Sep2026 00:56:54.900] [pool-5-thread-1/DEBUG] [net.minecraftforge.fml.config.ConfigFileTypeHandler/CONFIG]: Config file forge-server.toml changed, sending notifies
[25Sep2026 00:56:54.901] [pool-5-thread-1/DEBUG] [net.minecraftforge.common.ForgeConfig/FORGEMOD]: Forge config just got changed on the file system!
[25Sep2026 00:56:54.924] [Worker-Main-9/DEBUG] [net.minecraftforge.coremod.transformer.CoreModBaseTransformer/COREMOD]: Transforming net/minecraft/world/level/NaturalSpawner
[25Sep2026 00:56:54.953] [Server thread/INFO] [net.minecraft.server.MinecraftServer/]: Preparing start region for dimension minecraft:overworld
[25Sep2026 00:56:54.967] [Worker-Main-6/INFO] [net.minecraft.server.level.progress.LoggerChunkProgressListener/]: Preparing spawn area: 2%
[25Sep2026 00:56:55.454] [Worker-Main-3/INFO] [net.minecraft.server.level.progress.LoggerChunkProgressListener/]: Preparing spawn area: 2%
[25Sep2026 00:56:55.956] [Worker-Main-3/INFO] [net.minecraft.server.level.progress.LoggerChunkProgressListener/]: Preparing spawn area: 18%
[25Sep2026 00:56:56.455] [Worker-Main-3/INFO] [net.minecraft.server.level.progress.LoggerChunkProgressListener/]: Preparing spawn area: 51%
[25Sep2026 00:56:56.871] [Server thread/INFO] [net.minecraft.server.level.progress.LoggerChunkProgressListener/]: Time elapsed: 1918 ms
[25Sep2026 00:56:56.871] [Server thread/INFO] [net.minecraft.server.dedicated.DedicatedServer/]: Done (4.489s)! For help, type "help"
[25Sep2026 00:56:56.874] [Server thread/DEBUG] [net.minecraftforge.network.DualStackUtils/]: Detected IPv6 address: "0:0:0:0:0:0:0:0"
[25Sep2026 00:56:56.878] [Server thread/DEBUG] [net.minecraftforge.common.ForgeI18n/CORE]: Loading I18N data entries: 0
[25Sep2026 00:56:56.879] [Server thread/INFO] [net.minecraftforge.gametest.ForgeGameTestHooks/]: Enabled Gametest Namespaces: [minecivilization]
[25Sep2026 00:56:56.881] [Server thread/INFO] [net.minecraftforge.server.permission.PermissionAPI/]: Successfully initialized permission handler forge:default_handler
[25Sep2026 00:56:56.887] [Server thread/DEBUG] [io.netty.buffer.AbstractByteBuf/]: -Dio.netty.buffer.checkAccessible: true
[25Sep2026 00:56:56.887] [Server thread/DEBUG] [io.netty.buffer.AbstractByteBuf/]: -Dio.netty.buffer.checkBounds: true
[25Sep2026 00:56:56.888] [Server thread/DEBUG] [io.netty.util.ResourceLeakDetectorFactory/]: Loaded default ResourceLeakDetector: io.netty.util.ResourceLeakDetector@1313ff64
[25Sep2026 00:58:18.943] [Server thread/INFO] [net.minecraft.server.MinecraftServer/]: Citizen 'Marie' spawned (2449988a-fdb9-4a35-a1d2-11a9fc6045bb).
[25Sep2026 00:58:18.991] [Server thread/INFO] [ai.minecivilization.citizen.CitizenBrain/]: [Citizen Marie · lumberjack] Goal assigned: CRAFT_ITEM minecraft:wooden_sword x1 (ready in hand)
[25Sep2026 00:58:19.021] [ForkJoinPool.commonPool-worker-1/DEBUG] [ai.minecivilization.network.AiBridge/]: [Cognition] citizen registered: Marie
[25Sep2026 00:58:19.034] [Server thread/DEBUG] [ai.minecivilization.citizen.CitizenBrain/]: [Citizen Marie · lumberjack] starts CRAFT minecraft:wooden_sword
[25Sep2026 00:58:19.283] [Server thread/INFO] [net.minecraft.server.MinecraftServer/]: Citizen 'Zoe' spawned (9322cbd5-0796-48bf-934e-02df9fe830e4).
[25Sep2026 00:58:19.333] [Server thread/INFO] [ai.minecivilization.citizen.CitizenBrain/]: [Citizen Zoe · miner] Goal assigned: CRAFT_ITEM minecraft:wooden_sword x1 (ready in hand)
[25Sep2026 00:58:19.347] [ForkJoinPool.commonPool-worker-1/DEBUG] [ai.minecivilization.network.AiBridge/]: [Cognition] citizen registered: Zoe
[25Sep2026 00:58:19.382] [Server thread/DEBUG] [ai.minecivilization.citizen.CitizenBrain/]: [Citizen Zoe · miner] starts CRAFT minecraft:wooden_sword
[25Sep2026 00:58:19.585] [Server thread/INFO] [net.minecraft.server.MinecraftServer/]: Citizen 'Hugo' spawned (ebb4deb3-b106-4a17-a05a-8b5dabb6bf67).
[25Sep2026 00:58:19.635] [Server thread/INFO] [ai.minecivilization.citizen.CitizenBrain/]: [Citizen Hugo · farmer] Goal assigned: CRAFT_ITEM minecraft:wooden_hoe x1 (ready in hand)
[25Sep2026 00:58:19.646] [ForkJoinPool.commonPool-worker-1/DEBUG] [ai.minecivilization.network.AiBridge/]: [Cognition] citizen registered: Hugo
[25Sep2026 00:58:19.685] [Server thread/DEBUG] [ai.minecivilization.citizen.CitizenBrain/]: [Citizen Hugo · farmer] starts CRAFT minecraft:wooden_hoe
[25Sep2026 00:58:19.884] [Server thread/INFO] [net.minecraft.server.MinecraftServer/]: Citizen 'Noor' spawned (b676f85e-abe6-4f4c-853c-9d7447a403be).
[25Sep2026 00:58:19.935] [Server thread/INFO] [ai.minecivilization.citizen.CitizenBrain/]: [Citizen Noor · builder] Goal assigned: CRAFT_ITEM minecraft:wooden_sword x1 (ready in hand)
[25Sep2026 00:58:19.943] [ForkJoinPool.commonPool-worker-1/DEBUG] [ai.minecivilization.network.AiBridge/]: [Cognition] citizen registered: Noor
[25Sep2026 00:58:19.986] [Server thread/DEBUG] [ai.minecivilization.citizen.CitizenBrain/]: [Citizen Noor · builder] starts CRAFT minecraft:wooden_sword
[25Sep2026 00:58:20.184] [Server thread/INFO] [net.minecraft.server.MinecraftServer/]: Citizen 'Lena' spawned (d242ef5e-7c45-43b0-af8b-194fe7f02e5f).
[25Sep2026 00:58:20.234] [Server thread/INFO] [ai.minecivilization.citizen.CitizenBrain/]: [Citizen Lena · crafter] Goal assigned: CRAFT_ITEM minecraft:crafting_table x1 (ready in hand)
[25Sep2026 00:58:20.240] [ForkJoinPool.commonPool-worker-1/DEBUG] [ai.minecivilization.network.AiBridge/]: [Cognition] citizen registered: Lena
[25Sep2026 00:58:20.283] [Server thread/DEBUG] [ai.minecivilization.citizen.CitizenBrain/]: [Citizen Lena · crafter] starts CRAFT minecraft:crafting_table
[25Sep2026 00:58:20.485] [Server thread/INFO] [net.minecraft.server.MinecraftServer/]: Citizen 'Ravi' spawned (61f201c1-87f5-4774-a2f1-9e546a2c6825).
[25Sep2026 00:58:20.534] [Server thread/INFO] [ai.minecivilization.citizen.CitizenBrain/]: [Citizen Ravi · shepherd] Goal assigned: CRAFT_ITEM minecraft:shears x1 (ready in hand)
[25Sep2026 00:58:20.551] [ForkJoinPool.commonPool-worker-1/DEBUG] [ai.minecivilization.network.AiBridge/]: [Cognition] citizen registered: Ravi
[25Sep2026 00:58:20.584] [Server thread/DEBUG] [ai.minecivilization.citizen.CitizenBrain/]: [Citizen Ravi · shepherd] starts CRAFT minecraft:shears
[25Sep2026 00:58:20.789] [Server thread/INFO] [net.minecraft.server.MinecraftServer/]: Citizen 'Sam' spawned (ad05dd0a-e774-43a2-89fc-8b594d20c7d0).
[25Sep2026 00:58:20.835] [Server thread/INFO] [ai.minecivilization.citizen.CitizenBrain/]: [Citizen Sam · lumberjack] Goal assigned: CRAFT_ITEM minecraft:wooden_sword x1 (ready in hand)
[25Sep2026 00:58:20.846] [ForkJoinPool.commonPool-worker-1/DEBUG] [ai.minecivilization.network.AiBridge/]: [Cognition] citizen registered: Sam
[25Sep2026 00:58:20.886] [Server thread/DEBUG] [ai.minecivilization.citizen.CitizenBrain/]: [Citizen Sam · lumberjack] starts CRAFT minecraft:wooden_sword
[25Sep2026 00:58:21.135] [Server thread/INFO] [net.minecraft.server.MinecraftServer/]: Citizen 'Jonas' spawned (1d76fba1-74c9-438c-85b7-c008a8ad5313).
[25Sep2026 00:58:21.185] [Server thread/INFO] [ai.minecivilization.citizen.CitizenBrain/]: [Citizen Jonas · miner] Goal assigned: CRAFT_ITEM minecraft:wooden_sword x1 (ready in hand)
[25Sep2026 00:58:21.194] [ForkJoinPool.commonPool-worker-1/DEBUG] [ai.minecivilization.network.AiBridge/]: [Cognition] citizen registered: Jonas
[25Sep2026 00:58:21.235] [Server thread/DEBUG] [ai.minecivilization.citizen.CitizenBrain/]: [Citizen Jonas · miner] starts CRAFT minecraft:wooden_sword
[25Sep2026 00:58:21.435] [Server thread/INFO] [net.minecraft.server.MinecraftServer/]: Citizen 'Tomas' spawned (2010e981-bb57-4ab7-a411-5bbcebe51ece).
[25Sep2026 00:58:21.486] [Server thread/INFO] [ai.minecivilization.citizen.CitizenBrain/]: [Citizen Tomas · farmer] Goal assigned: CRAFT_ITEM minecraft:wooden_hoe x1 (ready in hand)
[25Sep2026 00:58:21.498] [ForkJoinPool.commonPool-worker-1/DEBUG] [ai.minecivilization.network.AiBridge/]: [Cognition] citizen registered: Tomas
[25Sep2026 00:58:21.536] [Server thread/DEBUG] [ai.minecivilization.citizen.CitizenBrain/]: [Citizen Tomas · farmer] starts CRAFT minecraft:wooden_hoe
[25Sep2026 00:58:21.736] [Server thread/INFO] [net.minecraft.server.MinecraftServer/]: Citizen 'Mila' spawned (0da80a3c-c570-413a-8094-279007553a2b).
[25Sep2026 00:58:21.787] [Server thread/INFO] [ai.minecivilization.citizen.CitizenBrain/]: [Citizen Mila · builder] Goal assigned: CRAFT_ITEM minecraft:wooden_sword x1 (ready in hand)
[25Sep2026 00:58:21.798] [ForkJoinPool.commonPool-worker-1/DEBUG] [ai.minecivilization.network.AiBridge/]: [Cognition] citizen registered: Mila
[25Sep2026 00:58:21.839] [Server thread/DEBUG] [ai.minecivilization.citizen.CitizenBrain/]: [Citizen Mila · builder] starts CRAFT minecraft:wooden_sword
[25Sep2026 00:58:21.847] [Server thread/INFO] [ai.minecivilization.telemetry.ColonyEventLog/]: [Colony/construction] the colony began its Town Hall at 1,73,1
[25Sep2026 00:58:23.783] [Server thread/INFO] [ai.minecivilization.citizen.CitizenBrain/]: [Citizen Noor · builder] task CRAFT failed: TARGET_NOT_FOUND: No reachable minecraft:acacia_log (or any substitute) within 48 blocks. (recoverable)
[25Sep2026 00:58:23.834] [Server thread/INFO] [ai.minecivilization.citizen.CitizenBrain/]: [Citizen Noor · builder] Goal assigned: CRAFT_ITEM minecraft:oak_stairs x32 (ready in hand)
[25Sep2026 00:58:24.083] [Server thread/INFO] [ai.minecivilization.citizen.CitizenBrain/]: [Citizen Lena · crafter] task CRAFT failed: TARGET_NOT_FOUND: No reachable minecraft:acacia_log (or any substitute) within 48 blocks. (recoverable)
[25Sep2026 00:58:24.133] [Server thread/INFO] [ai.minecivilization.citizen.CitizenBrain/]: [Citizen Lena · crafter] Goal assigned: CRAFT_ITEM minecraft:chest x1 (ready in hand)
[25Sep2026 00:58:24.384] [Server thread/INFO] [ai.minecivilization.citizen.CitizenBrain/]: [Citizen Ravi · shepherd] task CRAFT failed: TARGET_NOT_FOUND: No reachable minecraft:deepslate_iron_ore (or any substitute) within 48 blocks. (recoverable)
[25Sep2026 00:58:24.434] [Server thread/INFO] [ai.minecivilization.citizen.CitizenBrain/]: [Citizen Ravi · shepherd] Goal assigned: CRAFT_ITEM minecraft:chest x1 (ready in hand)
[25Sep2026 00:58:24.685] [Server thread/INFO] [ai.minecivilization.citizen.CitizenBrain/]: [Citizen Sam · lumberjack] task CRAFT failed: TARGET_NOT_FOUND: No reachable minecraft:acacia_log (or any substitute) within 48 blocks. (recoverable)
[25Sep2026 00:58:24.738] [Server thread/INFO] [ai.minecivilization.citizen.CitizenBrain/]: [Citizen Sam · lumberjack] Goal assigned: EXPLORE x1 (ready in hand)
[25Sep2026 00:58:25.034] [Server thread/INFO] [ai.minecivilization.citizen.CitizenBrain/]: [Citizen Jonas · miner] task CRAFT failed: TARGET_NOT_FOUND: No reachable minecraft:acacia_log (or any substitute) within 48 blocks. (recoverable)
[25Sep2026 00:58:25.089] [Server thread/INFO] [ai.minecivilization.citizen.CitizenBrain/]: [Citizen Jonas · miner] Goal assigned: INCREASE_RESOURCE minecraft:torch x16 (ready in hand)
[25Sep2026 00:58:25.335] [Server thread/INFO] [ai.minecivilization.citizen.CitizenBrain/]: [Citizen Tomas · farmer] task CRAFT failed: TARGET_NOT_FOUND: No reachable minecraft:acacia_log (or any substitute) within 48 blocks. (recoverable)
[25Sep2026 00:58:25.387] [Server thread/INFO] [ai.minecivilization.citizen.CitizenBrain/]: [Citizen Tomas · farmer] Goal assigned: INCREASE_RESOURCE minecraft:torch x16 (ready in hand)
[25Sep2026 00:58:25.635] [Server thread/INFO] [ai.minecivilization.citizen.CitizenBrain/]: [Citizen Mila · builder] task CRAFT failed: TARGET_NOT_FOUND: No reachable minecraft:acacia_log (or any substitute) within 48 blocks. (recoverable)
[25Sep2026 00:58:25.688] [Server thread/INFO] [ai.minecivilization.citizen.CitizenBrain/]: [Citizen Mila · builder] Goal assigned: INCREASE_RESOURCE minecraft:torch x16 (ready in hand)
[25Sep2026 00:58:26.838] [Server thread/INFO] [ai.minecivilization.telemetry.ColonyEventLog/]: [Colony/construction] a new warehouse was planned at -20,0
[25Sep2026 00:58:27.682] [Server thread/INFO] [ai.minecivilization.citizen.CitizenBrain/]: [Citizen Noor · builder] task CRAFT failed: TARGET_NOT_FOUND: No reachable minecraft:oak_log (or any substitute) within 48 blocks. (recoverable)
[25Sep2026 00:58:27.732] [Server thread/INFO] [ai.minecivilization.citizen.CitizenBrain/]: [Citizen Noor · builder] Goal assigned: INCREASE_RESOURCE minecraft:oak_log x16 (ready in hand)
[25Sep2026 00:58:27.983] [Server thread/INFO] [ai.minecivilization.citizen.CitizenBrain/]: [Citizen Lena · crafter] task CRAFT failed: TARGET_NOT_FOUND: No reachable minecraft:acacia_log (or any substitute) within 48 blocks. (recoverable)
[25Sep2026 00:58:28.032] [Server thread/INFO] [ai.minecivilization.citizen.CitizenBrain/]: [Citizen Lena · crafter] Goal assigned: INCREASE_RESOURCE minecraft:oak_log x16 (ready in hand)
[25Sep2026 00:58:28.284] [Server thread/INFO] [ai.minecivilization.citizen.CitizenBrain/]: [Citizen Ravi · shepherd] task CRAFT failed: TARGET_NOT_FOUND: No reachable minecraft:acacia_log (or any substitute) within 48 blocks. (recoverable)
[25Sep2026 00:58:28.333] [Server thread/INFO] [ai.minecivilization.citizen.CitizenBrain/]: [Citizen Ravi · shepherd] Goal assigned: INCREASE_RESOURCE minecraft:oak_log x16 (ready in hand)
[25Sep2026 00:58:28.934] [Server thread/INFO] [ai.minecivilization.citizen.CitizenBrain/]: [Citizen Jonas · miner] task CRAFT failed: TARGET_NOT_FOUND: No reachable minecraft:acacia_log (or any substitute) within 48 blocks. (recoverable)
[25Sep2026 00:58:28.984] [Server thread/INFO] [ai.minecivilization.citizen.CitizenBrain/]: [Citizen Jonas · miner] Goal assigned: INCREASE_RESOURCE minecraft:oak_log x16 (ready in hand)
[25Sep2026 00:58:29.235] [Server thread/INFO] [ai.minecivilization.citizen.CitizenBrain/]: [Citizen Tomas · farmer] task CRAFT failed: TARGET_NOT_FOUND: No reachable minecraft:acacia_log (or any substitute) within 48 blocks. (recoverable)
[25Sep2026 00:58:29.285] [Server thread/INFO] [ai.minecivilization.citizen.CitizenBrain/]: [Citizen Tomas · farmer] Goal assigned: INCREASE_RESOURCE minecraft:oak_log x16 (ready in hand)
[25Sep2026 00:58:29.535] [Server thread/INFO] [ai.minecivilization.citizen.CitizenBrain/]: [Citizen Mila · builder] task CRAFT failed: TARGET_NOT_FOUND: No reachable minecraft:acacia_log (or any substitute) within 48 blocks. (recoverable)
[25Sep2026 00:58:29.585] [Server thread/INFO] [ai.minecivilization.citizen.CitizenBrain/]: [Citizen Mila · builder] Goal assigned: INCREASE_RESOURCE minecraft:oak_log x16 (ready in hand)
[25Sep2026 00:58:29.683] [Server thread/INFO] [ai.minecivilization.citizen.CitizenBrain/]: [Citizen Noor · builder] task GATHER failed: TARGET_NOT_FOUND: No reachable minecraft:oak_log (or any substitute) within 48 blocks. (recoverable)
[25Sep2026 00:58:29.733] [Server thread/INFO] [ai.minecivilization.citizen.CitizenBrain/]: [Citizen Noor · builder] Goal assigned: CRAFT_ITEM minecraft:chest x1 (ready in hand)
[25Sep2026 00:58:29.983] [Server thread/INFO] [ai.minecivilization.citizen.CitizenBrain/]: [Citizen Lena · crafter] task GATHER failed: TARGET_NOT_FOUND: No reachable minecraft:oak_log (or any substitute) within 48 blocks. (recoverable)
[25Sep2026 00:58:30.033] [Server thread/INFO] [ai.minecivilization.citizen.CitizenBrain/]: [Citizen Lena · crafter] Goal assigned: CRAFT_ITEM minecraft:oak_stairs x32 (ready in hand)
[25Sep2026 00:58:30.284] [Server thread/INFO] [ai.minecivilization.citizen.CitizenBrain/]: [Citizen Ravi · shepherd] task GATHER failed: TARGET_NOT_FOUND: No reachable minecraft:oak_log (or any substitute) within 48 blocks. (recoverable)
[25Sep2026 00:58:30.338] [Server thread/INFO] [ai.minecivilization.citizen.CitizenBrain/]: [Citizen Ravi · shepherd] Goal assigned: INCREASE_RESOURCE minecraft:torch x16 (ready in hand)
[25Sep2026 00:58:30.934] [Server thread/INFO] [ai.minecivilization.citizen.CitizenBrain/]: [Citizen Jonas · miner] task GATHER failed: TARGET_NOT_FOUND: No reachable minecraft:oak_log (or any substitute) within 48 blocks. (recoverable)
[25Sep2026 00:58:30.984] [Server thread/INFO] [ai.minecivilization.citizen.CitizenBrain/]: [Citizen Jonas · miner] Goal assigned: CRAFT_ITEM minecraft:chest x1 (ready in hand)
[25Sep2026 00:58:31.235] [Server thread/INFO] [ai.minecivilization.citizen.CitizenBrain/]: [Citizen Tomas · farmer] task GATHER failed: TARGET_NOT_FOUND: No reachable minecraft:oak_log (or any substitute) within 48 blocks. (recoverable)
[25Sep2026 00:58:31.286] [Server thread/INFO] [ai.minecivilization.citizen.CitizenBrain/]: [Citizen Tomas · farmer] Goal assigned: INCREASE_RESOURCE (ready in hand)
[25Sep2026 00:58:31.388] [Server thread/INFO] [ai.minecivilization.citizen.CitizenBrain/]: [Citizen Tomas · farmer] task BUILD failed: MISSING_RESOURCE: need minecraft:chest for Civic centre marker db920766 (recoverable)
[25Sep2026 00:58:31.486] [Server thread/DEBUG] [ai.minecivilization.citizen.CitizenBrain/]: [Cognition] Tomas · farmer queued priority=NORMAL reason=no_goal
[25Sep2026 00:58:31.535] [Server thread/INFO] [ai.minecivilization.citizen.CitizenBrain/]: [Citizen Mila · builder] task GATHER failed: TARGET_NOT_FOUND: No reachable minecraft:oak_log (or any substitute) within 48 blocks. (recoverable)
[25Sep2026 00:58:31.536] [Server thread/INFO] [ai.minecivilization.citizen.CitizenBrain/]: [Citizen Tomas · farmer] Goal assigned: INCREASE_RESOURCE minecraft:oak_log x16
[25Sep2026 00:58:31.587] [Server thread/INFO] [ai.minecivilization.citizen.CitizenBrain/]: [Citizen Mila · builder] Goal assigned: INCREASE_RESOURCE (ready in hand)
[25Sep2026 00:58:31.685] [Server thread/INFO] [ai.minecivilization.citizen.CitizenBrain/]: [Citizen Mila · builder] task BUILD failed: MISSING_RESOURCE: need minecraft:chest for Civic centre marker db920766 (recoverable)
[25Sep2026 00:58:31.786] [Server thread/DEBUG] [ai.minecivilization.citizen.CitizenBrain/]: [Cognition] Mila · builder queued priority=NORMAL reason=no_goal
[25Sep2026 00:58:31.835] [Server thread/INFO] [ai.minecivilization.citizen.CitizenBrain/]: [Citizen Mila · builder] Goal assigned: INCREASE_RESOURCE minecraft:oak_log x16
[25Sep2026 00:58:31.836] [Server thread/INFO] [ai.minecivilization.telemetry.ColonyEventLog/]: [Colony/construction] a new warehouse was planned at -32,0
[25Sep2026 00:58:32.334] [Server thread/INFO] [ai.minecivilization.telemetry.ColonyEventLog/]: [Colony/infrastructure] a new route is known: 0,0 → -31,-16 (41 blocks)
[25Sep2026 00:58:33.485] [Server thread/INFO] [ai.minecivilization.citizen.CitizenBrain/]: [Citizen Tomas · farmer] task GATHER failed: TARGET_NOT_FOUND: No reachable minecraft:oak_log (or any substitute) within 48 blocks. (recoverable)
[25Sep2026 00:58:33.538] [Server thread/INFO] [ai.minecivilization.citizen.CitizenBrain/]: [Citizen Tomas · farmer] Goal assigned: INCREASE_RESOURCE minecraft:dirt x16 (ready in hand)
[25Sep2026 00:58:33.582] [Server thread/INFO] [ai.minecivilization.citizen.CitizenBrain/]: [Citizen Noor · builder] task CRAFT failed: TARGET_NOT_FOUND: No reachable minecraft:acacia_log (or any substitute) within 48 blocks. (recoverable)
[25Sep2026 00:58:33.632] [Server thread/INFO] [ai.minecivilization.citizen.CitizenBrain/]: [Citizen Noor · builder] Goal assigned: INCREASE_RESOURCE minecraft:oak_log x16 (ready in hand)
[25Sep2026 00:58:33.786] [Server thread/INFO] [ai.minecivilization.citizen.CitizenBrain/]: [Citizen Mila · builder] task GATHER failed: TARGET_NOT_FOUND: No reachable minecraft:oak_log (or any substitute) within 48 blocks. (recoverable)
[25Sep2026 00:58:33.836] [Server thread/INFO] [ai.minecivilization.citizen.CitizenBrain/]: [Citizen Mila · builder] Goal assigned: CRAFT_ITEM minecraft:chest x1 (ready in hand)
[25Sep2026 00:58:33.884] [Server thread/INFO] [ai.minecivilization.citizen.CitizenBrain/]: [Citizen Lena · crafter] task CRAFT failed: TARGET_NOT_FOUND: No reachable minecraft:oak_log (or any substitute) within 48 blocks. (recoverable)
[25Sep2026 00:58:33.933] [Server thread/INFO] [ai.minecivilization.citizen.CitizenBrain/]: [Citizen Lena · crafter] Goal assigned: INCREASE_RESOURCE minecraft:oak_log x16 (ready in hand)
[25Sep2026 00:58:34.184] [Server thread/INFO] [ai.minecivilization.citizen.CitizenBrain/]: [Citizen Ravi · shepherd] task CRAFT failed: TARGET_NOT_FOUND: No reachable minecraft:acacia_log (or any substitute) within 48 blocks. (recoverable)
[25Sep2026 00:58:34.233] [Server thread/INFO] [ai.minecivilization.citizen.CitizenBrain/]: [Citizen Ravi · shepherd] Goal assigned: INCREASE_RESOURCE minecraft:oak_log x16 (ready in hand)
[25Sep2026 00:58:34.835] [Server thread/INFO] [ai.minecivilization.citizen.CitizenBrain/]: [Citizen Jonas · miner] task CRAFT failed: TARGET_NOT_FOUND: No reachable minecraft:acacia_log (or any substitute) within 48 blocks. (recoverable)
[25Sep2026 00:58:34.887] [Server thread/INFO] [ai.minecivilization.citizen.CitizenBrain/]: [Citizen Jonas · miner] Goal assigned: INCREASE_RESOURCE minecraft:oak_log x16 (ready in hand)
[25Sep2026 00:58:35.582] [Server thread/INFO] [ai.minecivilization.citizen.CitizenBrain/]: [Citizen Noor · builder] task GATHER failed: TARGET_NOT_FOUND: No reachable minecraft:oak_log (or any substitute) within 48 blocks. (recoverable)
[25Sep2026 00:58:35.632] [Server thread/INFO] [ai.minecivilization.telemetry.ColonyEventLog/]: [Colony/infrastructure] a new route is known: -3,5 → 31,19 (42 blocks)
[25Sep2026 00:58:35.632] [Server thread/INFO] [ai.minecivilization.citizen.CitizenBrain/]: [Citizen Noor · builder] Goal assigned: INCREASE_RESOURCE minecraft:oak_log x16 (ready in hand)
[25Sep2026 00:58:35.883] [Server thread/INFO] [ai.minecivilization.citizen.CitizenBrain/]: [Citizen Lena · crafter] task GATHER failed: TARGET_NOT_FOUND: No reachable minecraft:oak_log (or any substitute) within 48 blocks. (recoverable)
[25Sep2026 00:58:35.932] [Server thread/INFO] [ai.minecivilization.citizen.CitizenBrain/]: [Citizen Lena · crafter] Goal assigned: INCREASE_RESOURCE minecraft:oak_log x16 (ready in hand)
[25Sep2026 00:58:36.184] [Server thread/INFO] [ai.minecivilization.citizen.CitizenBrain/]: [Citizen Ravi · shepherd] task GATHER failed: TARGET_NOT_FOUND: No reachable minecraft:oak_log (or any substitute) within 48 blocks. (recoverable)
[25Sep2026 00:58:36.233] [Server thread/INFO] [ai.minecivilization.citizen.CitizenBrain/]: [Citizen Ravi · shepherd] Goal assigned: INCREASE_RESOURCE minecraft:oak_log x16 (ready in hand)
[25Sep2026 00:58:36.834] [Server thread/INFO] [ai.minecivilization.citizen.CitizenBrain/]: [Citizen Jonas · miner] task GATHER failed: TARGET_NOT_FOUND: No reachable minecraft:oak_log (or any substitute) within 48 blocks. (recoverable)
[25Sep2026 00:58:36.884] [Server thread/INFO] [ai.minecivilization.citizen.CitizenBrain/]: [Citizen Jonas · miner] Goal assigned: INCREASE_RESOURCE minecraft:oak_log x16 (ready in hand)
[25Sep2026 00:58:37.582] [Server thread/INFO] [ai.minecivilization.citizen.CitizenBrain/]: [Citizen Noor · builder] task GATHER failed: TARGET_NOT_FOUND: No reachable minecraft:oak_log (or any substitute) within 48 blocks. (recoverable)
[25Sep2026 00:58:37.634] [Server thread/INFO] [ai.minecivilization.citizen.CitizenBrain/]: [Citizen Noor · builder] Goal assigned: INCREASE_RESOURCE minecraft:torch x16 (ready in hand)
[25Sep2026 00:58:37.685] [Server thread/INFO] [ai.minecivilization.citizen.CitizenBrain/]: [Citizen Mila · builder] task CRAFT failed: TARGET_NOT_FOUND: No reachable minecraft:acacia_log (or any substitute) within 48 blocks. (recoverable)
[25Sep2026 00:58:37.734] [Server thread/INFO] [ai.minecivilization.citizen.CitizenBrain/]: [Citizen Mila · builder] Goal assigned: INCREASE_RESOURCE minecraft:oak_log x16 (ready in hand)
[25Sep2026 00:58:37.883] [Server thread/INFO] [ai.minecivilization.citizen.CitizenBrain/]: [Citizen Lena · crafter] task GATHER failed: TARGET_NOT_FOUND: No reachable minecraft:oak_log (or any substitute) within 48 blocks. (recoverable)
[25Sep2026 00:58:37.935] [Server thread/INFO] [ai.minecivilization.citizen.CitizenBrain/]: [Citizen Lena · crafter] Goal assigned: INCREASE_RESOURCE (ready in hand)
[25Sep2026 00:58:38.033] [Server thread/INFO] [ai.minecivilization.citizen.CitizenBrain/]: [Citizen Lena · crafter] task BUILD failed: MISSING_RESOURCE: need minecraft:chest for Civic centre marker db920766 (recoverable)
[25Sep2026 00:58:38.184] [Server thread/INFO] [ai.minecivilization.citizen.CitizenBrain/]: [Citizen Lena · crafter] Goal assigned: INCREASE_RESOURCE minecraft:wooden_hoe x1 (ready in hand)
[25Sep2026 00:58:38.185] [Server thread/INFO] [ai.minecivilization.citizen.CitizenBrain/]: [Citizen Ravi · shepherd] task GATHER failed: TARGET_NOT_FOUND: No reachable minecraft:oak_log (or any substitute) within 48 blocks. (recoverable)
[25Sep2026 00:58:38.233] [Server thread/INFO] [ai.minecivilization.citizen.CitizenBrain/]: [Citizen Ravi · shepherd] Goal assigned: CRAFT_ITEM minecraft:oak_stairs x32 (ready in hand)
[25Sep2026 00:58:38.834] [Server thread/INFO] [ai.minecivilization.citizen.CitizenBrain/]: [Citizen Jonas · miner] task GATHER failed: TARGET_NOT_FOUND: No reachable minecraft:oak_log (or any substitute) within 48 blocks. (recoverable)
[25Sep2026 00:58:38.886] [Server thread/INFO] [ai.minecivilization.citizen.CitizenBrain/]: [Citizen Jonas · miner] Goal assigned: INCREASE_RESOURCE (ready in hand)
[25Sep2026 00:58:38.987] [Server thread/INFO] [ai.minecivilization.citizen.CitizenBrain/]: [Citizen Jonas · miner] task BUILD failed: MISSING_RESOURCE: need minecraft:chest for Civic centre marker db920766 (recoverable)
[25Sep2026 00:58:39.136] [Server thread/INFO] [ai.minecivilization.citizen.CitizenBrain/]: [Citizen Jonas · miner] Goal assigned: INCREASE_RESOURCE minecraft:wooden_hoe x1 (ready in hand)
[25Sep2026 00:58:39.685] [Server thread/INFO] [ai.minecivilization.citizen.CitizenBrain/]: [Citizen Mila · builder] task GATHER failed: TARGET_NOT_FOUND: No reachable minecraft:oak_log (or any substitute) within 48 blocks. (recoverable)
[25Sep2026 00:58:39.738] [Server thread/INFO] [ai.minecivilization.citizen.CitizenBrain/]: [Citizen Mila · builder] Goal assigned: INCREASE_RESOURCE minecraft:wooden_hoe x1 (ready in hand)
[25Sep2026 00:58:39.834] [Server thread/INFO] [ai.minecivilization.telemetry.ColonyEventLog/]: [Colony/infrastructure] a new route is known: 0,0 → -14,37 (48 blocks)
[25Sep2026 00:58:41.482] [Server thread/INFO] [ai.minecivilization.citizen.CitizenBrain/]: [Citizen Noor · builder] task CRAFT failed: TARGET_NOT_FOUND: No reachable minecraft:acacia_log (or any substitute) within 48 blocks. (recoverable)
[25Sep2026 00:58:41.532] [Server thread/INFO] [ai.minecivilization.citizen.CitizenBrain/]: [Citizen Noor · builder] Goal assigned: INCREASE_RESOURCE minecraft:oak_log x16 (ready in hand)
[25Sep2026 00:58:41.634] [Server thread/INFO] [ai.minecivilization.citizen.CitizenBrain/]: [Citizen Tomas · farmer] task GATHER failed: TARGET_UNREACHABLE: Could not reach target after 6 repaths. (recoverable)
[25Sep2026 00:58:42.033] [Server thread/INFO] [ai.minecivilization.citizen.CitizenBrain/]: [Citizen Lena · crafter] task CRAFT failed: TARGET_NOT_FOUND: No reachable minecraft:acacia_log (or any substitute) within 48 blocks. (recoverable)
[25Sep2026 00:58:42.082] [Server thread/INFO] [ai.minecivilization.citizen.CitizenBrain/]: [Citizen Lena · crafter] Goal assigned: INCREASE_RESOURCE minecraft:oak_log x16 (ready in hand)
[25Sep2026 00:58:42.083] [Server thread/INFO] [ai.minecivilization.citizen.CitizenBrain/]: [Citizen Ravi · shepherd] task CRAFT failed: TARGET_NOT_FOUND: No reachable minecraft:oak_log (or any substitute) within 48 blocks. (recoverable)
[25Sep2026 00:58:42.133] [Server thread/INFO] [ai.minecivilization.citizen.CitizenBrain/]: [Citizen Ravi · shepherd] Goal assigned: INCREASE_RESOURCE minecraft:oak_log x16 (ready in hand)
[25Sep2026 00:58:42.634] [Server thread/INFO] [ai.minecivilization.citizen.CitizenBrain/]: [Citizen Tomas · farmer] task GATHER failed: TARGET_UNREACHABLE: Could not reach target after 6 repaths. (recoverable)
[25Sep2026 00:58:42.635] [Server thread/DEBUG] [ai.minecivilization.citizen.CitizenBrain/]: [Cognition] Tomas · farmer queued priority=HIGH reason=task_failed
[25Sep2026 00:58:43.482] [Server thread/INFO] [ai.minecivilization.citizen.CitizenBrain/]: [Citizen Noor · builder] task GATHER failed: TARGET_NOT_FOUND: No reachable minecraft:oak_log (or any substitute) within 48 blocks. (recoverable)
[25Sep2026 00:58:43.533] [Server thread/INFO] [ai.minecivilization.citizen.CitizenBrain/]: [Citizen Noor · builder] Goal assigned: INCREASE_RESOURCE x1 (ready in hand)
[25Sep2026 00:58:43.584] [Server thread/INFO] [ai.minecivilization.citizen.CitizenBrain/]: [Citizen Mila · builder] task CRAFT failed: TARGET_NOT_FOUND: No reachable minecraft:acacia_log (or any substitute) within 48 blocks. (recoverable)
[25Sep2026 00:58:43.634] [Server thread/INFO] [ai.minecivilization.citizen.CitizenBrain/]: [Citizen Tomas · farmer] task GATHER keeps failing (TARGET_UNREACHABLE) — further repeats will not be logged
[25Sep2026 00:58:43.635] [Server thread/INFO] [ai.minecivilization.citizen.CitizenBrain/]: [Citizen Tomas · farmer] goal disengaged after 3 failures
[25Sep2026 00:58:43.635] [Server thread/INFO] [ai.minecivilization.citizen.CitizenBrain/]: [Citizen Mila · builder] Goal assigned: INCREASE_RESOURCE minecraft:oak_log x16 (ready in hand)
[25Sep2026 00:58:43.683] [Server thread/INFO] [ai.minecivilization.citizen.CitizenBrain/]: [Citizen Tomas · farmer] dropped nothing after REPEATED_FAILURE — taking different work
[25Sep2026 00:58:43.684] [Server thread/INFO] [ai.minecivilization.citizen.CitizenBrain/]: [Citizen Tomas · farmer] Goal assigned: CRAFT_ITEM minecraft:oak_stairs x32 (ready in hand)
[25Sep2026 00:58:43.734] [Server thread/DEBUG] [ai.minecivilization.citizen.CitizenBrain/]: [Citizen Tomas · farmer] starts CRAFT minecraft:oak_stairs
[25Sep2026 00:58:44.032] [Server thread/INFO] [ai.minecivilization.citizen.CitizenBrain/]: [Citizen Lena · crafter] task GATHER failed: TARGET_NOT_FOUND: No reachable minecraft:oak_log (or any substitute) within 48 blocks. (recoverable)
[25Sep2026 00:58:44.086] [Server thread/INFO] [ai.minecivilization.citizen.CitizenBrain/]: [Citizen Lena · crafter] Goal assigned: INCREASE_RESOURCE minecraft:dirt x16 (ready in hand)
[25Sep2026 00:58:44.087] [Server thread/INFO] [ai.minecivilization.citizen.CitizenBrain/]: [Citizen Ravi · shepherd] task GATHER failed: TARGET_NOT_FOUND: No reachable minecraft:oak_log (or any substitute) within 48 blocks. (recoverable)
[25Sep2026 00:58:44.136] [Server thread/INFO] [ai.minecivilization.citizen.CitizenBrain/]: [Citizen Ravi · shepherd] Goal assigned: INCREASE_RESOURCE (ready in hand)
[25Sep2026 00:58:44.234] [Server thread/INFO] [ai.minecivilization.citizen.CitizenBrain/]: [Citizen Noor · builder] task COLLECT failed: TARGET_UNREACHABLE: Could not reach target after 6 repaths. (recoverable)
[25Sep2026 00:58:44.234] [Server thread/INFO] [ai.minecivilization.citizen.CitizenBrain/]: [Citizen Ravi · shepherd] task BUILD failed: MISSING_RESOURCE: need minecraft:chest for Civic centre marker db920766 (recoverable)
[25Sep2026 00:58:44.383] [Server thread/INFO] [ai.minecivilization.citizen.CitizenBrain/]: [Citizen Noor · builder] task COLLECT failed: TARGET_UNREACHABLE: Could not reach target after 6 repaths. (recoverable)
[25Sep2026 00:58:44.386] [Server thread/INFO] [ai.minecivilization.citizen.CitizenBrain/]: [Citizen Ravi · shepherd] Goal assigned: INCREASE_RESOURCE minecraft:wooden_hoe x1 (ready in hand)
[25Sep2026 00:58:44.533] [Server thread/INFO] [ai.minecivilization.citizen.CitizenBrain/]: [Citizen Noor · builder] task COLLECT keeps failing (TARGET_UNREACHABLE) — further repeats will not be logged
[25Sep2026 00:58:44.534] [Server thread/INFO] [ai.minecivilization.citizen.CitizenBrain/]: [Citizen Noor · builder] goal disengaged after 3 failures
[25Sep2026 00:58:44.582] [Server thread/INFO] [ai.minecivilization.citizen.CitizenBrain/]: [Citizen Noor · builder] dropped nothing after REPEATED_FAILURE — taking different work
[25Sep2026 00:58:44.585] [Server thread/INFO] [ai.minecivilization.citizen.CitizenBrain/]: [Citizen Noor · builder] Goal assigned: INCREASE_RESOURCE (ready in hand)
[25Sep2026 00:58:44.632] [Server thread/DEBUG] [ai.minecivilization.citizen.CitizenBrain/]: [Citizen Noor · builder] starts BUILD
[25Sep2026 00:58:44.682] [Server thread/INFO] [ai.minecivilization.citizen.CitizenBrain/]: [Citizen Noor · builder] task BUILD failed: MISSING_RESOURCE: need minecraft:chest for Civic centre marker db920766 (recoverable)
[25Sep2026 00:58:44.833] [Server thread/INFO] [ai.minecivilization.citizen.CitizenBrain/]: [Citizen Noor · builder] Goal assigned: INCREASE_RESOURCE minecraft:wooden_hoe x1 (ready in hand)
[25Sep2026 00:58:45.584] [Server thread/INFO] [ai.minecivilization.citizen.CitizenBrain/]: [Citizen Mila · builder] task GATHER failed: TARGET_NOT_FOUND: No reachable minecraft:oak_log (or any substitute) within 48 blocks. (recoverable)
[25Sep2026 00:58:45.635] [Server thread/INFO] [ai.minecivilization.citizen.CitizenBrain/]: [Citizen Mila · builder] Goal assigned: INCREASE_RESOURCE x1 (ready in hand)
[25Sep2026 00:58:46.336] [Server thread/INFO] [ai.minecivilization.citizen.CitizenBrain/]: [Citizen Mila · builder] task COLLECT failed: TARGET_UNREACHABLE: Could not reach target after 6 repaths. (recoverable)
[25Sep2026 00:58:46.486] [Server thread/INFO] [ai.minecivilization.citizen.CitizenBrain/]: [Citizen Mila · builder] task COLLECT failed: TARGET_UNREACHABLE: Could not reach target after 6 repaths. (recoverable)
[25Sep2026 00:58:46.638] [Server thread/INFO] [ai.minecivilization.citizen.CitizenBrain/]: [Citizen Mila · builder] task COLLECT keeps failing (TARGET_UNREACHABLE) — further repeats will not be logged
[25Sep2026 00:58:46.638] [Server thread/INFO] [ai.minecivilization.citizen.CitizenBrain/]: [Citizen Mila · builder] goal disengaged after 3 failures
[25Sep2026 00:58:46.686] [Server thread/INFO] [ai.minecivilization.citizen.CitizenBrain/]: [Citizen Mila · builder] dropped nothing after REPEATED_FAILURE — taking different work
[25Sep2026 00:58:46.689] [Server thread/INFO] [ai.minecivilization.citizen.CitizenBrain/]: [Citizen Mila · builder] Goal assigned: INCREASE_RESOURCE minecraft:cobblestone x16 (ready in hand)
[25Sep2026 00:58:46.734] [Server thread/DEBUG] [ai.minecivilization.citizen.CitizenBrain/]: [Citizen Mila · builder] starts GATHER minecraft:cobblestone
[25Sep2026 00:58:47.534] [Server thread/INFO] [ai.minecivilization.citizen.CitizenBrain/]: [Citizen Tomas · farmer] task CRAFT failed: TARGET_NOT_FOUND: No reachable minecraft:oak_log (or any substitute) within 48 blocks. (recoverable)
[25Sep2026 00:58:47.586] [Server thread/INFO] [ai.minecivilization.citizen.CitizenBrain/]: [Citizen Tomas · farmer] Goal assigned: INCREASE_RESOURCE x1 (ready in hand)
[25Sep2026 00:58:47.737] [Server thread/INFO] [ai.minecivilization.citizen.CitizenBrain/]: [Citizen Tomas · farmer] task COLLECT failed: TARGET_UNREACHABLE: Could not reach target after 6 repaths. (recoverable)
[25Sep2026 00:58:47.885] [Server thread/INFO] [ai.minecivilization.citizen.CitizenBrain/]: [Citizen Tomas · farmer] task COLLECT failed: TARGET_UNREACHABLE: Could not reach target after 6 repaths. (recoverable)
[25Sep2026 00:58:48.035] [Server thread/INFO] [ai.minecivilization.citizen.CitizenBrain/]: [Citizen Tomas · farmer] task COLLECT keeps failing (TARGET_UNREACHABLE) — further repeats will not be logged
[25Sep2026 00:58:48.035] [Server thread/INFO] [ai.minecivilization.citizen.CitizenBrain/]: [Citizen Tomas · farmer] goal disengaged after 3 failures
[25Sep2026 00:58:48.083] [Server thread/INFO] [ai.minecivilization.citizen.CitizenBrain/]: [Citizen Tomas · farmer] dropped nothing after REPEATED_FAILURE — taking different work
[25Sep2026 00:58:48.084] [Server thread/INFO] [ai.minecivilization.citizen.CitizenBrain/]: [Citizen Tomas · farmer] Goal assigned: CRAFT_ITEM minecraft:chest x1 (ready in hand)
[25Sep2026 00:58:48.133] [Server thread/DEBUG] [ai.minecivilization.citizen.CitizenBrain/]: [Citizen Tomas · farmer] starts CRAFT minecraft:chest
[25Sep2026 00:58:48.233] [Server thread/INFO] [ai.minecivilization.citizen.CitizenBrain/]: [Citizen Ravi · shepherd] task CRAFT failed: TARGET_NOT_FOUND: No reachable minecraft:acacia_log (or any substitute) within 48 blocks. (recoverable)
[25Sep2026 00:58:48.283] [Server thread/INFO] [ai.minecivilization.citizen.CitizenBrain/]: [Citizen Ravi · shepherd] Goal assigned: INCREASE_RESOURCE minecraft:oak_log x16 (ready in hand)
[25Sep2026 00:58:48.682] [Server thread/INFO] [ai.minecivilization.citizen.CitizenBrain/]: [Citizen Noor · builder] task CRAFT failed: TARGET_NOT_FOUND: No reachable minecraft:acacia_log (or any substitute) within 48 blocks. (recoverable)
[25Sep2026 00:58:48.732] [Server thread/INFO] [ai.minecivilization.citizen.CitizenBrain/]: [Citizen Noor · builder] Goal assigned: INCREASE_RESOURCE minecraft:oak_log x16 (ready in hand)
[25Sep2026 00:58:50.233] [Server thread/INFO] [ai.minecivilization.citizen.CitizenBrain/]: [Citizen Ravi · shepherd] task GATHER failed: TARGET_NOT_FOUND: No reachable minecraft:oak_log (or any substitute) within 48 blocks. (recoverable)
[25Sep2026 00:58:50.283] [Server thread/INFO] [ai.minecivilization.citizen.CitizenBrain/]: [Citizen Ravi · shepherd] Goal assigned: INCREASE_RESOURCE x1 (ready in hand)
[25Sep2026 00:58:50.682] [Server thread/INFO] [ai.minecivilization.citizen.CitizenBrain/]: [Citizen Noor · builder] task GATHER failed: TARGET_NOT_FOUND: No reachable minecraft:oak_log (or any substitute) within 48 blocks. (recoverable)
[25Sep2026 00:58:50.732] [Server thread/INFO] [ai.minecivilization.citizen.CitizenBrain/]: [Citizen Noor · builder] Goal assigned: INCREASE_RESOURCE minecraft:oak_log x16 (ready in hand)
[25Sep2026 00:58:50.984] [Server thread/INFO] [ai.minecivilization.citizen.CitizenBrain/]: [Citizen Ravi · shepherd] task COLLECT failed: TARGET_UNREACHABLE: Could not reach target after 6 repaths. (recoverable)
[25Sep2026 00:58:51.134] [Server thread/INFO] [ai.minecivilization.citizen.CitizenBrain/]: [Citizen Ravi · shepherd] task COLLECT failed: TARGET_UNREACHABLE: Could not reach target after 6 repaths. (recoverable)
[25Sep2026 00:58:51.284] [Server thread/INFO] [ai.minecivilization.citizen.CitizenBrain/]: [Citizen Ravi · shepherd] task COLLECT keeps failing (TARGET_UNREACHABLE) — further repeats will not be logged
[25Sep2026 00:58:51.285] [Server thread/INFO] [ai.minecivilization.citizen.CitizenBrain/]: [Citizen Ravi · shepherd] goal disengaged after 3 failures
[25Sep2026 00:58:51.332] [Server thread/INFO] [ai.minecivilization.citizen.CitizenBrain/]: [Citizen Ravi · shepherd] dropped nothing after REPEATED_FAILURE — taking different work
[25Sep2026 00:58:51.350] [Server thread/INFO] [ai.minecivilization.citizen.CitizenBrain/]: [Citizen Ravi · shepherd] Goal assigned: INCREASE_RESOURCE minecraft:oak_log x16 (ready in hand)
[25Sep2026 00:58:51.385] [Server thread/DEBUG] [ai.minecivilization.citizen.CitizenBrain/]: [Citizen Ravi · shepherd] starts GATHER minecraft:oak_log
[25Sep2026 00:58:51.933] [Server thread/INFO] [ai.minecivilization.citizen.CitizenBrain/]: [Citizen Tomas · farmer] task CRAFT failed: TARGET_NOT_FOUND: No reachable minecraft:acacia_log (or any substitute) within 48 blocks. (recoverable)
[25Sep2026 00:58:51.985] [Server thread/INFO] [ai.minecivilization.citizen.CitizenBrain/]: [Citizen Tomas · farmer] Goal assigned: INCREASE_RESOURCE minecraft:oak_log x16 (ready in hand)
[25Sep2026 00:58:52.682] [Server thread/INFO] [ai.minecivilization.citizen.CitizenBrain/]: [Citizen Noor · builder] task GATHER failed: TARGET_NOT_FOUND: No reachable minecraft:oak_log (or any substitute) within 48 blocks. (recoverable)
[25Sep2026 00:58:52.733] [Server thread/INFO] [ai.minecivilization.citizen.CitizenBrain/]: [Citizen Noor · builder] Goal assigned: INCREASE_RESOURCE minecraft:cobblestone x16 (ready in hand)
[25Sep2026 00:58:53.282] [Server thread/INFO] [ai.minecivilization.citizen.CitizenBrain/]: [Citizen Ravi · shepherd] task GATHER failed: TARGET_NOT_FOUND: No reachable minecraft:oak_log (or any substitute) within 48 blocks. (recoverable)
[25Sep2026 00:58:53.338] [Server thread/INFO] [ai.minecivilization.citizen.CitizenBrain/]: [Citizen Ravi · shepherd] Goal assigned: INCREASE_RESOURCE minecraft:cobblestone x16 (ready in hand)
[25Sep2026 00:58:53.935] [Server thread/INFO] [ai.minecivilization.citizen.CitizenBrain/]: [Citizen Tomas · farmer] task GATHER failed: TARGET_NOT_FOUND: No reachable minecraft:oak_log (or any substitute) within 48 blocks. (recoverable)
[25Sep2026 00:58:53.982] [Server thread/INFO] [ai.minecivilization.citizen.CitizenBrain/]: [Citizen Tomas · farmer] Goal assigned: INCREASE_RESOURCE minecraft:oak_log x16 (ready in hand)
[25Sep2026 00:58:55.933] [Server thread/INFO] [ai.minecivilization.citizen.CitizenBrain/]: [Citizen Tomas · farmer] task GATHER failed: TARGET_NOT_FOUND: No reachable minecraft:oak_log (or any substitute) within 48 blocks. (recoverable)
[25Sep2026 00:58:55.984] [Server thread/INFO] [ai.minecivilization.citizen.CitizenBrain/]: [Citizen Tomas · farmer] Goal assigned: INCREASE_RESOURCE minecraft:cobblestone x16 (ready in hand)
[25Sep2026 00:58:56.837] [Server thread/INFO] [ai.minecivilization.events.ModEvents/]: [Colony] Colony — day 0, 10 citizen(s), 100% busy, 10 building, 3 road(s)
[25Sep2026 00:58:56.837] [Server thread/INFO] [ai.minecivilization.events.ModEvents/]: [Colony] 100% busy — working 9 building 0 exploring 1 returning 0 idle 0 stuck 0 lost 0
[25Sep2026 00:58:56.838] [Server thread/INFO] [ai.minecivilization.events.ModEvents/]: [Colony] time spent (364s observed, 2% wasted): 41% searching  20% walking  15% felling  9% exploring  7% mining  3% hauling  2% no work  1% starting craft  1% crafting  1% making a way
[25Sep2026 00:58:56.838] [Server thread/INFO] [ai.minecivilization.events.ModEvents/]: [Colony] 7 district(s), 0 container(s), 0 bed(s), 0 sign(s), 3 road(s), food 0 — growth: needs 11 beds, has 0
[25Sep2026 00:58:56.838] [Server thread/INFO] [ai.minecivilization.events.ModEvents/]: [Colony]   build Civic centre marker db920766 [WAITING_FOR_RESOURCES] 0% at -7,76,-7  waiting for 2x chest
[25Sep2026 00:58:56.838] [Server thread/INFO] [ai.minecivilization.events.ModEvents/]: [Colony]   build Town Hall [PLANNED] 0% at 1,73,1
[25Sep2026 00:58:56.838] [Server thread/INFO] [ai.minecivilization.events.ModEvents/]: [Colony]   build Oak House 1 [PLANNED] 0% at 16,77,-1
[25Sep2026 00:58:56.838] [Server thread/INFO] [ai.minecivilization.events.ModEvents/]: [Colony]   build Warehouse district marker d1c79ed2 [PLANNED] 0% at -27,74,-7
[25Sep2026 00:58:56.838] [Server thread/INFO] [ai.minecivilization.events.ModEvents/]: [Colony]   build Warehouse 1 [PLANNED] 0% at -20,71,0
[25Sep2026 00:58:56.838] [Server thread/INFO] [ai.minecivilization.events.ModEvents/]: [Colony]   build Oak House 2 [PLANNED] 0% at 34,78,-1
[25Sep2026 00:58:56.838] [Server thread/INFO] [ai.minecivilization.events.ModEvents/]: [Colony]   build Warehouse 2 [PLANNED] 0% at -32,72,0
[25Sep2026 00:58:56.838] [Server thread/INFO] [ai.minecivilization.events.ModEvents/]: [Colony]   build Oak House 3 [PLANNED] 0% at 52,83,-1
[25Sep2026 00:58:56.838] [Server thread/INFO] [ai.minecivilization.events.ModEvents/]: [Colony]   build Oak House 4 [PLANNED] 0% at 70,86,-1
[25Sep2026 00:58:56.838] [Server thread/INFO] [ai.minecivilization.events.ModEvents/]: [Colony]   build Oak House 5 [PLANNED] 0% at 88,87,-1
[25Sep2026 00:58:56.838] [Server thread/INFO] [ai.minecivilization.events.ModEvents/]: [Colony]   Marie        LUMBERJACK  Working   CRAFT wooden sword x1  at 9,71,14  16m NW
[25Sep2026 00:58:56.838] [Server thread/INFO] [ai.minecivilization.events.ModEvents/]: [Colony]   Zoe          MINER       Working   CRAFT wooden sword x1  at -31,75,-16  35m SE
[25Sep2026 00:58:56.838] [Server thread/INFO] [ai.minecivilization.events.ModEvents/]: [Colony]   Hugo         FARMER      Working   CRAFT wooden hoe x1    at 31,73,19  36m NW
[25Sep2026 00:58:56.838] [Server thread/INFO] [ai.minecivilization.events.ModEvents/]: [Colony]   Noor         BUILDER     Working   GATHER cobblestone x16 at -2,71,0  2m E
[25Sep2026 00:58:56.838] [Server thread/INFO] [ai.minecivilization.events.ModEvents/]: [Colony]   Lena         CRAFTER     Working   GATHER dirt x16        at -2,71,0  2m E
[25Sep2026 00:58:56.838] [Server thread/INFO] [ai.minecivilization.events.ModEvents/]: [Colony]   Ravi         SHEPHERD    Working   GATHER cobblestone x16 at 0,69,-2  2m S
[25Sep2026 00:58:56.838] [Server thread/INFO] [ai.minecivilization.events.ModEvents/]: [Colony]   Sam          LUMBERJACK  Exploring EXPLORE x1             at -14,73,37  39m N
[25Sep2026 00:58:56.838] [Server thread/INFO] [ai.minecivilization.events.ModEvents/]: [Colony]   Jonas        MINER       Working   CRAFT wooden hoe x1    at 31,73,19  36m NW
[25Sep2026 00:58:56.839] [Server thread/INFO] [ai.minecivilization.events.ModEvents/]: [Colony]   Tomas        FARMER      Working   GATHER cobblestone x16 at -1,71,-1  1m SE
[25Sep2026 00:58:56.839] [Server thread/INFO] [ai.minecivilization.events.ModEvents/]: [Colony]   Mila         BUILDER     Working   GATHER cobblestone x16 at 0,70,-2  2m S
[25Sep2026 00:59:11.432] [Server thread/INFO] [ai.minecivilization.citizen.CitizenBrain/]: [Citizen Marie · lumberjack] task CRAFT failed: TARGET_NOT_FOUND: no crafting table within sight — this recipe needs a 3x3 grid (recoverable)
[25Sep2026 00:59:11.482] [Server thread/INFO] [ai.minecivilization.citizen.CitizenBrain/]: [Citizen Marie · lumberjack] Goal assigned: INCREASE_RESOURCE minecraft:oak_log x16 (ready in hand)
[25Sep2026 00:59:15.132] [Server thread/INFO] [ai.minecivilization.citizen.CitizenBrain/]: [Citizen Sam · lumberjack] task EXPLORE failed: TARGET_UNREACHABLE: Could not reach target after 6 repaths. (recoverable)
[25Sep2026 00:59:16.231] [Server thread/INFO] [ai.minecivilization.citizen.CitizenBrain/]: [Citizen Zoe · miner] task CRAFT failed: TARGET_NOT_FOUND: no crafting table within sight — this recipe needs a 3x3 grid (recoverable)
[25Sep2026 00:59:16.281] [Server thread/INFO] [ai.minecivilization.citizen.CitizenBrain/]: [Citizen Zoe · miner] Goal assigned: INCREASE_RESOURCE minecraft:oak_log x16 (ready in hand)
[25Sep2026 00:59:27.432] [Server thread/INFO] [ai.minecivilization.citizen.CitizenBrain/]: [Citizen Mila · builder] completed GATHER minecraft:cobblestone
[25Sep2026 00:59:27.482] [Server thread/INFO] [ai.minecivilization.citizen.CitizenBrain/]: [Citizen Mila · builder] Goal completed: INCREASE_RESOURCE minecraft:cobblestone x16
[25Sep2026 00:59:27.482] [Server thread/INFO] [ai.minecivilization.citizen.CitizenBrain/]: [Citizen Mila · builder] Goal assigned: INCREASE_RESOURCE minecraft:oak_log x16 (ready in hand)
[25Sep2026 00:59:27.532] [Server thread/DEBUG] [ai.minecivilization.citizen.CitizenBrain/]: [Citizen Mila · builder] starts GATHER minecraft:oak_log
[25Sep2026 00:59:29.432] [Server thread/INFO] [ai.minecivilization.citizen.CitizenBrain/]: [Citizen Mila · builder] task GATHER failed: TARGET_NOT_FOUND: No reachable minecraft:oak_log (or any substitute) within 48 blocks. (recoverable)
[25Sep2026 00:59:29.482] [Server thread/INFO] [ai.minecivilization.citizen.CitizenBrain/]: [Citizen Mila · builder] Goal assigned: INCREASE_RESOURCE minecraft:oak_log x16 (ready in hand)
[25Sep2026 00:59:31.432] [Server thread/INFO] [ai.minecivilization.citizen.CitizenBrain/]: [Citizen Mila · builder] task GATHER failed: TARGET_NOT_FOUND: No reachable minecraft:oak_log (or any substitute) within 48 blocks. (recoverable)
[25Sep2026 00:59:31.482] [Server thread/INFO] [ai.minecivilization.citizen.CitizenBrain/]: [Citizen Mila · builder] Goal assigned: CRAFT_ITEM minecraft:furnace x1 (ready in hand)
[25Sep2026 00:59:33.731] [Server thread/INFO] [ai.minecivilization.citizen.CitizenBrain/]: [Citizen Noor · builder] completed GATHER minecraft:cobblestone
[25Sep2026 00:59:33.781] [Server thread/INFO] [ai.minecivilization.citizen.CitizenBrain/]: [Citizen Noor · builder] Goal completed: INCREASE_RESOURCE minecraft:cobblestone x16
[25Sep2026 00:59:33.781] [Server thread/INFO] [ai.minecivilization.citizen.CitizenBrain/]: [Citizen Noor · builder] Goal assigned: INCREASE_RESOURCE minecraft:oak_log x16 (ready in hand)
[25Sep2026 00:59:33.831] [Server thread/DEBUG] [ai.minecivilization.citizen.CitizenBrain/]: [Citizen Noor · builder] starts GATHER minecraft:oak_log
[25Sep2026 00:59:34.432] [Server thread/INFO] [ai.minecivilization.citizen.CitizenBrain/]: [Citizen Ravi · shepherd] completed GATHER minecraft:cobblestone
[25Sep2026 00:59:34.482] [Server thread/INFO] [ai.minecivilization.citizen.CitizenBrain/]: [Citizen Ravi · shepherd] Goal completed: INCREASE_RESOURCE minecraft:cobblestone x16
[25Sep2026 00:59:34.482] [Server thread/INFO] [ai.minecivilization.citizen.CitizenBrain/]: [Citizen Ravi · shepherd] Goal assigned: INCREASE_RESOURCE minecraft:oak_log x16 (ready in hand)
[25Sep2026 00:59:34.532] [Server thread/DEBUG] [ai.minecivilization.citizen.CitizenBrain/]: [Citizen Ravi · shepherd] starts GATHER minecraft:oak_log
[25Sep2026 00:59:36.182] [Server thread/INFO] [ai.minecivilization.citizen.CitizenBrain/]: [Citizen Tomas · farmer] completed GATHER minecraft:cobblestone
[25Sep2026 00:59:36.232] [Server thread/INFO] [ai.minecivilization.citizen.CitizenBrain/]: [Citizen Tomas · farmer] Goal completed: INCREASE_RESOURCE minecraft:cobblestone x16
[25Sep2026 00:59:36.233] [Server thread/INFO] [ai.minecivilization.citizen.CitizenBrain/]: [Citizen Tomas · farmer] Goal assigned: INCREASE_RESOURCE minecraft:oak_log x16 (ready in hand)
[25Sep2026 00:59:36.282] [Server thread/DEBUG] [ai.minecivilization.citizen.CitizenBrain/]: [Citizen Tomas · farmer] starts GATHER minecraft:oak_log
[25Sep2026 00:59:36.433] [Server thread/INFO] [ai.minecivilization.citizen.CitizenBrain/]: [Citizen Ravi · shepherd] task GATHER failed: TARGET_NOT_FOUND: No reachable minecraft:oak_log (or any substitute) within 48 blocks. (recoverable)
[25Sep2026 00:59:36.481] [Server thread/INFO] [ai.minecivilization.citizen.CitizenBrain/]: [Citizen Ravi · shepherd] Goal assigned: INCREASE_RESOURCE minecraft:oak_log x16 (ready in hand)
[25Sep2026 00:59:38.183] [Server thread/INFO] [ai.minecivilization.citizen.CitizenBrain/]: [Citizen Tomas · farmer] task GATHER failed: TARGET_NOT_FOUND: No reachable minecraft:oak_log (or any substitute) within 48 blocks. (recoverable)
[25Sep2026 00:59:38.232] [Server thread/INFO] [ai.minecivilization.citizen.CitizenBrain/]: [Citizen Tomas · farmer] Goal assigned: INCREASE_RESOURCE minecraft:oak_log x16 (ready in hand)
[25Sep2026 00:59:38.432] [Server thread/INFO] [ai.minecivilization.citizen.CitizenBrain/]: [Citizen Ravi · shepherd] task GATHER failed: TARGET_NOT_FOUND: No reachable minecraft:oak_log (or any substitute) within 48 blocks. (recoverable)
[25Sep2026 00:59:38.482] [Server thread/INFO] [ai.minecivilization.citizen.CitizenBrain/]: [Citizen Ravi · shepherd] Goal assigned: CRAFT_ITEM minecraft:furnace x1 (ready in hand)
[25Sep2026 00:59:40.183] [Server thread/INFO] [ai.minecivilization.citizen.CitizenBrain/]: [Citizen Tomas · farmer] task GATHER failed: TARGET_NOT_FOUND: No reachable minecraft:oak_log (or any substitute) within 48 blocks. (recoverable)
[25Sep2026 00:59:40.233] [Server thread/INFO] [ai.minecivilization.citizen.CitizenBrain/]: [Citizen Tomas · farmer] Goal assigned: CRAFT_ITEM minecraft:wooden_hoe x1 (ready in hand)
[25Sep2026 00:59:41.582] [Server thread/INFO] [ai.minecivilization.citizen.CitizenBrain/]: [Citizen Hugo · farmer] task CRAFT failed: TARGET_NOT_FOUND: No reachable minecraft:acacia_log (or any substitute) within 48 blocks. (recoverable)
[25Sep2026 00:59:41.631] [Server thread/INFO] [ai.minecivilization.citizen.CitizenBrain/]: [Citizen Hugo · farmer] Goal assigned: INCREASE_RESOURCE minecraft:oak_log x16 (ready in hand)
[25Sep2026 00:59:43.582] [Server thread/INFO] [ai.minecivilization.citizen.CitizenBrain/]: [Citizen Hugo · farmer] task GATHER failed: TARGET_NOT_FOUND: No reachable minecraft:oak_log (or any substitute) within 48 blocks. (recoverable)
[25Sep2026 00:59:43.631] [Server thread/INFO] [ai.minecivilization.citizen.CitizenBrain/]: [Citizen Hugo · farmer] Goal assigned: INCREASE_RESOURCE minecraft:oak_log x16 (ready in hand)
[25Sep2026 00:59:44.083] [Server thread/INFO] [ai.minecivilization.citizen.CitizenBrain/]: [Citizen Tomas · farmer] task CRAFT failed: TARGET_NOT_FOUND: No reachable minecraft:acacia_log (or any substitute) within 48 blocks. (recoverable)
[25Sep2026 00:59:44.132] [Server thread/INFO] [ai.minecivilization.citizen.CitizenBrain/]: [Citizen Tomas · farmer] Goal assigned: INCREASE_RESOURCE minecraft:oak_log x16 (ready in hand)
[25Sep2026 00:59:45.582] [Server thread/INFO] [ai.minecivilization.citizen.CitizenBrain/]: [Citizen Hugo · farmer] task GATHER failed: TARGET_NOT_FOUND: No reachable minecraft:oak_log (or any substitute) within 48 blocks. (recoverable)
[25Sep2026 00:59:45.640] [Server thread/INFO] [ai.minecivilization.citizen.CitizenBrain/]: [Citizen Hugo · farmer] Goal assigned: INCREASE_RESOURCE minecraft:cobblestone x32 (ready in hand)
[25Sep2026 00:59:46.085] [Server thread/INFO] [ai.minecivilization.citizen.CitizenBrain/]: [Citizen Tomas · farmer] task GATHER failed: TARGET_NOT_FOUND: No reachable minecraft:oak_log (or any substitute) within 48 blocks. (recoverable)
[25Sep2026 00:59:46.132] [Server thread/INFO] [ai.minecivilization.citizen.CitizenBrain/]: [Citizen Tomas · farmer] Goal assigned: CRAFT_ITEM minecraft:oak_stairs x32 (ready in hand)
[25Sep2026 00:59:49.982] [Server thread/INFO] [ai.minecivilization.citizen.CitizenBrain/]: [Citizen Tomas · farmer] task CRAFT failed: TARGET_NOT_FOUND: No reachable minecraft:oak_log (or any substitute) within 48 blocks. (recoverable)
[25Sep2026 00:59:50.032] [Server thread/INFO] [ai.minecivilization.citizen.CitizenBrain/]: [Citizen Tomas · farmer] Goal assigned: INCREASE_RESOURCE minecraft:oak_log x16 (ready in hand)
[25Sep2026 00:59:51.982] [Server thread/INFO] [ai.minecivilization.citizen.CitizenBrain/]: [Citizen Tomas · farmer] task GATHER failed: TARGET_NOT_FOUND: No reachable minecraft:oak_log (or any substitute) within 48 blocks. (recoverable)
[25Sep2026 00:59:52.031] [Server thread/INFO] [ai.minecivilization.citizen.CitizenBrain/]: [Citizen Tomas · farmer] Goal assigned: INCREASE_RESOURCE minecraft:oak_log x16 (ready in hand)
[25Sep2026 00:59:53.532] [Server thread/INFO] [ai.minecivilization.citizen.CitizenBrain/]: [Citizen Sam · lumberjack] task EXPLORE failed: TARGET_UNREACHABLE: Could not reach target after 6 repaths. (recoverable)
[25Sep2026 00:59:53.532] [Server thread/DEBUG] [ai.minecivilization.citizen.CitizenBrain/]: [Cognition] Sam · lumberjack queued priority=HIGH reason=task_failed
[25Sep2026 00:59:53.837] [Server thread/INFO] [ai.minecivilization.citizen.CitizenBrain/]: [Citizen Sam · lumberjack] task EXPLORE keeps failing (TARGET_UNREACHABLE) — further repeats will not be logged
[25Sep2026 00:59:53.837] [Server thread/INFO] [ai.minecivilization.citizen.CitizenBrain/]: [Citizen Sam · lumberjack] goal disengaged after 3 failures
[25Sep2026 00:59:53.841] [Server thread/INFO] [ai.minecivilization.citizen.CitizenBrain/]: [Citizen Sam · lumberjack] dropped nothing after REPEATED_FAILURE — taking different work
[25Sep2026 00:59:53.841] [Server thread/INFO] [ai.minecivilization.citizen.CitizenBrain/]: [Citizen Sam · lumberjack] Goal assigned: CRAFT_ITEM minecraft:wooden_sword x1 (ready in hand)
[25Sep2026 00:59:53.843] [Server thread/DEBUG] [ai.minecivilization.citizen.CitizenBrain/]: [Citizen Sam · lumberjack] starts CRAFT minecraft:wooden_sword
[25Sep2026 00:59:53.983] [Server thread/INFO] [ai.minecivilization.citizen.CitizenBrain/]: [Citizen Tomas · farmer] task GATHER failed: TARGET_NOT_FOUND: No reachable minecraft:oak_log (or any substitute) within 48 blocks. (recoverable)
[25Sep2026 00:59:54.033] [Server thread/INFO] [ai.minecivilization.citizen.CitizenBrain/]: [Citizen Tomas · farmer] Goal assigned: INCREASE_RESOURCE x1 (ready in hand)
[25Sep2026 00:59:54.382] [Server thread/INFO] [ai.minecivilization.citizen.CitizenBrain/]: [Citizen Tomas · farmer] task COLLECT failed: TARGET_UNREACHABLE: Could not reach target after 6 repaths. (recoverable)
[25Sep2026 00:59:54.632] [Server thread/INFO] [ai.minecivilization.citizen.CitizenBrain/]: [Citizen Tomas · farmer] task COLLECT failed: TARGET_UNREACHABLE: Could not reach target after 6 repaths. (recoverable)
[25Sep2026 00:59:54.782] [Server thread/INFO] [ai.minecivilization.citizen.CitizenBrain/]: [Citizen Tomas · farmer] task COLLECT keeps failing (TARGET_UNREACHABLE) — further repeats will not be logged
[25Sep2026 00:59:54.782] [Server thread/INFO] [ai.minecivilization.citizen.CitizenBrain/]: [Citizen Tomas · farmer] goal disengaged after 3 failures
[25Sep2026 00:59:54.832] [Server thread/INFO] [ai.minecivilization.citizen.CitizenBrain/]: [Citizen Tomas · farmer] dropped nothing after REPEATED_FAILURE — taking different work
[25Sep2026 00:59:54.832] [Server thread/INFO] [ai.minecivilization.citizen.CitizenBrain/]: [Citizen Tomas · farmer] Goal assigned: CRAFT_ITEM minecraft:chest x1 (ready in hand)
[25Sep2026 00:59:54.881] [Server thread/DEBUG] [ai.minecivilization.citizen.CitizenBrain/]: [Citizen Tomas · farmer] starts CRAFT minecraft:chest
[25Sep2026 00:59:56.832] [Server thread/INFO] [ai.minecivilization.events.ModEvents/]: [Colony] Colony — day 0, 10 citizen(s), 70% busy, 10 building, 3 road(s)
[25Sep2026 00:59:56.833] [Server thread/INFO] [ai.minecivilization.events.ModEvents/]: [Colony] 70% busy — working 7 building 0 exploring 0 returning 0 idle 0 stuck 3 lost 0
[25Sep2026 00:59:56.833] [Server thread/INFO] [ai.minecivilization.events.ModEvents/]: [Colony] time spent (964s observed, 1% wasted): 29% walking  19% searching  17% mining  9% exploring  9% making a way  8% crafting  6% felling  2% hauling  1% no work
[25Sep2026 00:59:56.833] [Server thread/INFO] [ai.minecivilization.events.ModEvents/]: [Colony] 17 district(s), 0 container(s), 0 bed(s), 0 sign(s), 3 road(s), food 0 — growth: needs 11 beds, has 0
[25Sep2026 00:59:56.833] [Server thread/INFO] [ai.minecivilization.events.ModEvents/]: [Colony]   build Civic centre marker db920766 [WAITING_FOR_RESOURCES] 0% at -7,76,-7  waiting for 2x chest
[25Sep2026 00:59:56.833] [Server thread/INFO] [ai.minecivilization.events.ModEvents/]: [Colony]   build Town Hall [PLANNED] 0% at 1,73,1
[25Sep2026 00:59:56.833] [Server thread/INFO] [ai.minecivilization.events.ModEvents/]: [Colony]   build Oak House 1 [PLANNED] 0% at 7,70,18
[25Sep2026 00:59:56.833] [Server thread/INFO] [ai.minecivilization.events.ModEvents/]: [Colony]   build Warehouse district marker d1c79ed2 [PLANNED] 0% at -27,74,-7
[25Sep2026 00:59:56.833] [Server thread/INFO] [ai.minecivilization.events.ModEvents/]: [Colony]   build Warehouse 1 [PLANNED] 0% at -20,71,0
[25Sep2026 00:59:56.833] [Server thread/INFO] [ai.minecivilization.events.ModEvents/]: [Colony]   build Oak House 2 [PLANNED] 0% at 25,70,18
[25Sep2026 00:59:56.833] [Server thread/INFO] [ai.minecivilization.events.ModEvents/]: [Colony]   build Warehouse 2 [PLANNED] 0% at -32,72,0
[25Sep2026 00:59:56.833] [Server thread/INFO] [ai.minecivilization.events.ModEvents/]: [Colony]   build Oak House 3 [PLANNED] 0% at 43,76,18
[25Sep2026 00:59:56.833] [Server thread/INFO] [ai.minecivilization.events.ModEvents/]: [Colony]   build Oak House 4 [PLANNED] 0% at 61,79,18
[25Sep2026 00:59:56.833] [Server thread/INFO] [ai.minecivilization.events.ModEvents/]: [Colony]   build Oak House 5 [PLANNED] 0% at 79,72,18
[25Sep2026 00:59:56.833] [Server thread/INFO] [ai.minecivilization.events.ModEvents/]: [Colony]   Marie        LUMBERJACK  Stuck     GATHER oak log x16     at 31,73,19  36m NW  ! Not moving
[25Sep2026 00:59:56.833] [Server thread/INFO] [ai.minecivilization.events.ModEvents/]: [Colony]   Zoe          MINER       Stuck     GATHER oak log x16     at -48,72,-6  48m E  ! Not moving
[25Sep2026 00:59:56.833] [Server thread/INFO] [ai.minecivilization.events.ModEvents/]: [Colony]   Hugo         FARMER      Working   GATHER cobblestone x32 at 31,73,19  36m NW
[25Sep2026 00:59:56.833] [Server thread/INFO] [ai.minecivilization.events.ModEvents/]: [Colony]   Noor         BUILDER     Working   GATHER oak log x16     at 31,73,19  36m NW
[25Sep2026 00:59:56.834] [Server thread/INFO] [ai.minecivilization.events.ModEvents/]: [Colony]   Lena         CRAFTER     Stuck     GATHER dirt x16        at -2,70,0  2m E  ! Not moving
[25Sep2026 00:59:56.834] [Server thread/INFO] [ai.minecivilization.events.ModEvents/]: [Colony]   Ravi         SHEPHERD    Working   CRAFT furnace x1       at 0,67,-4  5m S
[25Sep2026 00:59:56.834] [Server thread/INFO] [ai.minecivilization.events.ModEvents/]: [Colony]   Sam          LUMBERJACK  Working   CRAFT wooden sword x1  at -14,73,37  39m N
[25Sep2026 00:59:56.834] [Server thread/INFO] [ai.minecivilization.events.ModEvents/]: [Colony]   Jonas        MINER       Working   CRAFT wooden hoe x1    at 31,73,19  36m NW
[25Sep2026 00:59:56.834] [Server thread/INFO] [ai.minecivilization.events.ModEvents/]: [Colony]   Tomas        FARMER      Working   CRAFT chest x1         at -1,68,-1  2m SE
[25Sep2026 00:59:56.834] [Server thread/INFO] [ai.minecivilization.events.ModEvents/]: [Colony]   Mila         BUILDER     Working   CRAFT furnace x1       at 0,68,-2  2m S
[25Sep2026 00:59:56.834] [Server thread/INFO] [ai.minecivilization.events.ModEvents/]: [Colony] Citizen Marie [LUMBERJACK]  Stuck
[25Sep2026 00:59:56.834] [Server thread/INFO] [ai.minecivilization.events.ModEvents/]: [Colony]   Goal:        INCREASE_RESOURCE oak log x16 — wood is the first prerequisite for tools, storage and construction
[25Sep2026 00:59:56.834] [Server thread/INFO] [ai.minecivilization.events.ModEvents/]: [Colony]   Task:        GATHER oak log x16
[25Sep2026 00:59:56.834] [Server thread/INFO] [ai.minecivilization.events.ModEvents/]: [Colony]   Doing:       MOVE_TO making a way to 39,76,23
[25Sep2026 00:59:56.834] [Server thread/INFO] [ai.minecivilization.events.ModEvents/]: [Colony]   Priority:    tools
[25Sep2026 00:59:56.834] [Server thread/INFO] [ai.minecivilization.events.ModEvents/]: [Colony]   Position:    X=31 Y=73 Z=19
[25Sep2026 00:59:56.834] [Server thread/INFO] [ai.minecivilization.events.ModEvents/]: [Colony]   Colony:      X=0 Y=70 Z=0  (36m NW)
[25Sep2026 00:59:56.834] [Server thread/INFO] [ai.minecivilization.events.ModEvents/]: [Colony]   Condition:   health 40  hunger 83  energy 100
[25Sep2026 00:59:56.834] [Server thread/INFO] [ai.minecivilization.events.ModEvents/]: [Colony]   Because:     equip wooden sword for work as a lumberjack
[25Sep2026 00:59:56.834] [Server thread/INFO] [ai.minecivilization.events.ModEvents/]: [Colony]   Problem:     Not moving (45s)
[25Sep2026 00:59:56.834] [Server thread/INFO] [ai.minecivilization.events.ModEvents/]: [Colony]   Completed:   0 task(s)   failures 0   cognition idle
[25Sep2026 00:59:56.834] [Server thread/INFO] [ai.minecivilization.events.ModEvents/]: [Colony]   Carrying:    {minecraft:spruce_log=5, minecraft:dirt=1, minecraft:spruce_planks=2, minecraft:stick=4}
[25Sep2026 00:59:56.834] [Server thread/INFO] [ai.minecivilization.events.ModEvents/]: [Colony] Citizen Zoe [MINER]  Stuck
[25Sep2026 00:59:56.834] [Server thread/INFO] [ai.minecivilization.events.ModEvents/]: [Colony]   Goal:        INCREASE_RESOURCE oak log x16 — wood is the first prerequisite for tools, storage and construction
[25Sep2026 00:59:56.834] [Server thread/INFO] [ai.minecivilization.events.ModEvents/]: [Colony]   Task:        GATHER oak log x16
[25Sep2026 00:59:56.834] [Server thread/INFO] [ai.minecivilization.events.ModEvents/]: [Colony]   Doing:       MOVE_TO making a way to -61,75,3
[25Sep2026 00:59:56.834] [Server thread/INFO] [ai.minecivilization.events.ModEvents/]: [Colony]   Priority:    tools
[25Sep2026 00:59:56.834] [Server thread/INFO] [ai.minecivilization.events.ModEvents/]: [Colony]   Position:    X=-48 Y=72 Z=-6
[25Sep2026 00:59:56.834] [Server thread/INFO] [ai.minecivilization.events.ModEvents/]: [Colony]   Colony:      X=0 Y=70 Z=0  (48m E)
[25Sep2026 00:59:56.834] [Server thread/INFO] [ai.minecivilization.events.ModEvents/]: [Colony]   Condition:   health 40  hunger 83  energy 100
[25Sep2026 00:59:56.834] [Server thread/INFO] [ai.minecivilization.events.ModEvents/]: [Colony]   Because:     equip wooden sword for work as a miner
[25Sep2026 00:59:56.834] [Server thread/INFO] [ai.minecivilization.events.ModEvents/]: [Colony]   Problem:     Not moving (40s)
[25Sep2026 00:59:56.834] [Server thread/INFO] [ai.minecivilization.events.ModEvents/]: [Colony]   Completed:   0 task(s)   failures 0   cognition idle
[25Sep2026 00:59:56.834] [Server thread/INFO] [ai.minecivilization.events.ModEvents/]: [Colony]   Carrying:    {minecraft:spruce_log=5, minecraft:dirt=1, minecraft:spruce_planks=2, minecraft:stick=4}
[25Sep2026 00:59:56.834] [Server thread/INFO] [ai.minecivilization.events.ModEvents/]: [Colony] Citizen Lena [CRAFTER]  Stuck
[25Sep2026 00:59:56.834] [Server thread/INFO] [ai.minecivilization.events.ModEvents/]: [Colony]   Goal:        INCREASE_RESOURCE dirt x16 — Colony maintenance
[25Sep2026 00:59:56.835] [Server thread/INFO] [ai.minecivilization.events.ModEvents/]: [Colony]   Task:        GATHER dirt x16
[25Sep2026 00:59:56.835] [Server thread/INFO] [ai.minecivilization.events.ModEvents/]: [Colony]   Doing:       TRAVERSE STEP_DOWN 1/3
[25Sep2026 00:59:56.835] [Server thread/INFO] [ai.minecivilization.events.ModEvents/]: [Colony]   Priority:    resources
[25Sep2026 00:59:56.835] [Server thread/INFO] [ai.minecivilization.events.ModEvents/]: [Colony]   Position:    X=-2 Y=70 Z=0
[25Sep2026 00:59:56.835] [Server thread/INFO] [ai.minecivilization.events.ModEvents/]: [Colony]   Colony:      X=0 Y=70 Z=0  (2m E)
[25Sep2026 00:59:56.835] [Server thread/INFO] [ai.minecivilization.events.ModEvents/]: [Colony]   Condition:   health 40  hunger 83  energy 100
[25Sep2026 00:59:56.835] [Server thread/INFO] [ai.minecivilization.events.ModEvents/]: [Colony]   Because:     Useful local work while awaiting cognition
[25Sep2026 00:59:56.835] [Server thread/INFO] [ai.minecivilization.events.ModEvents/]: [Colony]   Problem:     Not moving (72s)
[25Sep2026 00:59:56.835] [Server thread/INFO] [ai.minecivilization.events.ModEvents/]: [Colony]   Completed:   0 task(s)   failures 0   cognition idle
[25Sep2026 00:59:56.835] [Server thread/INFO] [ai.minecivilization.events.ModEvents/]: [Colony]   Carrying:    {minecraft:dirt=7}
[25Sep2026 01:00:00.131] [Server thread/INFO] [ai.minecivilization.citizen.CitizenBrain/]: [Citizen Lena · crafter] task GATHER failed: TARGET_UNREACHABLE: Could not reach target after 6 repaths. (recoverable)
[25Sep2026 01:00:02.032] [Server thread/INFO] [ai.minecivilization.citizen.CitizenBrain/]: [Citizen Tomas · farmer] task CRAFT failed: TARGET_UNREACHABLE: Could not reach target after 6 repaths. (recoverable)
[25Sep2026 01:00:06.032] [Server thread/INFO] [ai.minecivilization.citizen.CitizenBrain/]: [Citizen Mila · builder] task CRAFT failed: TARGET_NOT_FOUND: no crafting table within sight — this recipe needs a 3x3 grid (recoverable)
[25Sep2026 01:00:06.082] [Server thread/INFO] [ai.minecivilization.citizen.CitizenBrain/]: [Citizen Mila · builder] Goal assigned: INCREASE_RESOURCE minecraft:oak_log x16 (ready in hand)
[25Sep2026 01:00:07.532] [Server thread/INFO] [ai.minecivilization.citizen.CitizenBrain/]: [Citizen Tomas · farmer] task CRAFT failed: TARGET_UNREACHABLE: Could not reach target after 6 repaths. (recoverable)
[25Sep2026 01:00:07.532] [Server thread/DEBUG] [ai.minecivilization.citizen.CitizenBrain/]: [Cognition] Tomas · farmer queued priority=HIGH reason=task_failed
[25Sep2026 01:00:08.034] [Server thread/INFO] [ai.minecivilization.citizen.CitizenBrain/]: [Citizen Mila · builder] task GATHER failed: TARGET_NOT_FOUND: No reachable minecraft:oak_log (or any substitute) within 48 blocks. (recoverable)
[25Sep2026 01:00:08.083] [Server thread/INFO] [ai.minecivilization.citizen.CitizenBrain/]: [Citizen Mila · builder] Goal assigned: INCREASE_RESOURCE minecraft:oak_log x16 (ready in hand)
[25Sep2026 01:00:09.732] [Server thread/INFO] [ai.minecivilization.citizen.CitizenBrain/]: [Citizen Jonas · miner] task CRAFT failed: TARGET_NOT_FOUND: No reachable minecraft:acacia_log (or any substitute) within 48 blocks. (recoverable)
[25Sep2026 01:00:09.782] [Server thread/INFO] [ai.minecivilization.citizen.CitizenBrain/]: [Citizen Jonas · miner] Goal assigned: INCREASE_RESOURCE minecraft:oak_log x16 (ready in hand)
[25Sep2026 01:00:10.033] [Server thread/INFO] [ai.minecivilization.citizen.CitizenBrain/]: [Citizen Mila · builder] task GATHER failed: TARGET_NOT_FOUND: No reachable minecraft:oak_log (or any substitute) within 48 blocks. (recoverable)
[25Sep2026 01:00:10.082] [Server thread/INFO] [ai.minecivilization.citizen.CitizenBrain/]: [Citizen Mila · builder] Goal assigned: CRAFT_ITEM minecraft:wooden_sword x1 (ready in hand)
[25Sep2026 01:00:11.732] [Server thread/INFO] [ai.minecivilization.citizen.CitizenBrain/]: [Citizen Jonas · miner] task GATHER failed: TARGET_NOT_FOUND: No reachable minecraft:oak_log (or any substitute) within 48 blocks. (recoverable)
[25Sep2026 01:00:11.781] [Server thread/INFO] [ai.minecivilization.citizen.CitizenBrain/]: [Citizen Jonas · miner] Goal assigned: INCREASE_RESOURCE minecraft:oak_log x16 (ready in hand)
[25Sep2026 01:00:13.031] [Server thread/INFO] [ai.minecivilization.citizen.CitizenBrain/]: [Citizen Ravi · shepherd] task CRAFT failed: TARGET_NOT_FOUND: no crafting table within sight — this recipe needs a 3x3 grid (recoverable)
[25Sep2026 01:00:13.032] [Server thread/INFO] [ai.minecivilization.citizen.CitizenBrain/]: [Citizen Tomas · farmer] task CRAFT failed: TARGET_UNREACHABLE: Could not reach target after 6 repaths. (recoverable)
[25Sep2026 01:00:13.032] [Server thread/INFO] [ai.minecivilization.citizen.CitizenBrain/]: [Citizen Tomas · farmer] goal disengaged after 3 failures
[25Sep2026 01:00:13.033] [Server thread/DEBUG] [ai.minecivilization.citizen.CitizenBrain/]: [Cognition] Tomas · farmer queued priority=HIGH reason=task_failed
[25Sep2026 01:00:13.081] [Server thread/INFO] [ai.minecivilization.citizen.CitizenBrain/]: [Citizen Ravi · shepherd] Goal assigned: INCREASE_RESOURCE minecraft:oak_log x16 (ready in hand)
[25Sep2026 01:00:13.082] [Server thread/INFO] [ai.minecivilization.citizen.CitizenBrain/]: [Citizen Tomas · farmer] Goal assigned: CRAFT_ITEM minecraft:chest x2 (ready in hand)
[25Sep2026 01:00:13.732] [Server thread/INFO] [ai.minecivilization.citizen.CitizenBrain/]: [Citizen Jonas · miner] task GATHER failed: TARGET_NOT_FOUND: No reachable minecraft:oak_log (or any substitute) within 48 blocks. (recoverable)
[25Sep2026 01:00:13.782] [Server thread/INFO] [ai.minecivilization.citizen.CitizenBrain/]: [Citizen Jonas · miner] Goal assigned: CRAFT_ITEM minecraft:wooden_sword x1 (ready in hand)
[25Sep2026 01:00:13.934] [Server thread/INFO] [ai.minecivilization.citizen.CitizenBrain/]: [Citizen Mila · builder] task CRAFT failed: TARGET_NOT_FOUND: No reachable minecraft:acacia_log (or any substitute) within 48 blocks. (recoverable)
[25Sep2026 01:00:13.983] [Server thread/INFO] [ai.minecivilization.citizen.CitizenBrain/]: [Citizen Mila · builder] Goal assigned: INCREASE_RESOURCE minecraft:oak_log x16 (ready in hand)
[25Sep2026 01:00:15.040] [Server thread/INFO] [ai.minecivilization.citizen.CitizenBrain/]: [Citizen Ravi · shepherd] task GATHER failed: TARGET_NOT_FOUND: No reachable minecraft:oak_log (or any substitute) within 48 blocks. (recoverable)
[25Sep2026 01:00:15.081] [Server thread/INFO] [ai.minecivilization.citizen.CitizenBrain/]: [Citizen Ravi · shepherd] Goal assigned: INCREASE_RESOURCE minecraft:oak_log x16 (ready in hand)
[25Sep2026 01:00:15.933] [Server thread/INFO] [ai.minecivilization.citizen.CitizenBrain/]: [Citizen Mila · builder] task GATHER failed: TARGET_NOT_FOUND: No reachable minecraft:oak_log (or any substitute) within 48 blocks. (recoverable)
[25Sep2026 01:00:15.983] [Server thread/INFO] [ai.minecivilization.citizen.CitizenBrain/]: [Citizen Mila · builder] Goal assigned: CRAFT_ITEM minecraft:oak_stairs x32 (ready in hand)
[25Sep2026 01:00:17.032] [Server thread/INFO] [ai.minecivilization.citizen.CitizenBrain/]: [Citizen Ravi · shepherd] task GATHER failed: TARGET_NOT_FOUND: No reachable minecraft:oak_log (or any substitute) within 48 blocks. (recoverable)
[25Sep2026 01:00:17.081] [Server thread/INFO] [ai.minecivilization.citizen.CitizenBrain/]: [Citizen Ravi · shepherd] Goal assigned: CRAFT_ITEM minecraft:shears x1 (ready in hand)
[25Sep2026 01:00:17.637] [Server thread/INFO] [ai.minecivilization.citizen.CitizenBrain/]: [Citizen Jonas · miner] task CRAFT failed: TARGET_NOT_FOUND: No reachable minecraft:acacia_log (or any substitute) within 48 blocks. (recoverable)
[25Sep2026 01:00:17.682] [Server thread/INFO] [ai.minecivilization.citizen.CitizenBrain/]: [Citizen Jonas · miner] Goal assigned: INCREASE_RESOURCE minecraft:oak_log x16 (ready in hand)
[25Sep2026 01:00:18.733] [Server thread/INFO] [ai.minecivilization.citizen.CitizenBrain/]: [Citizen Tomas · farmer] task CRAFT failed: TARGET_UNREACHABLE: Could not reach target after 6 repaths. (recoverable)
[25Sep2026 01:00:19.633] [Server thread/INFO] [ai.minecivilization.citizen.CitizenBrain/]: [Citizen Jonas · miner] task GATHER failed: TARGET_NOT_FOUND: No reachable minecraft:oak_log (or any substitute) within 48 blocks. (recoverable)
[25Sep2026 01:00:19.682] [Server thread/INFO] [ai.minecivilization.citizen.CitizenBrain/]: [Citizen Jonas · miner] Goal assigned: EXPLORE x1 (ready in hand)
[25Sep2026 01:00:19.833] [Server thread/INFO] [ai.minecivilization.citizen.CitizenBrain/]: [Citizen Mila · builder] task CRAFT failed: TARGET_NOT_FOUND: No reachable minecraft:oak_log (or any substitute) within 48 blocks. (recoverable)
[25Sep2026 01:00:19.882] [Server thread/INFO] [ai.minecivilization.citizen.CitizenBrain/]: [Citizen Mila · builder] Goal assigned: INCREASE_RESOURCE minecraft:oak_log x16 (ready in hand)
[25Sep2026 01:00:20.932] [Server thread/INFO] [ai.minecivilization.citizen.CitizenBrain/]: [Citizen Ravi · shepherd] task CRAFT failed: TARGET_NOT_FOUND: No reachable minecraft:deepslate_iron_ore (or any substitute) within 48 blocks. (recoverable)
[25Sep2026 01:00:20.981] [Server thread/INFO] [ai.minecivilization.citizen.CitizenBrain/]: [Citizen Ravi · shepherd] Goal assigned: INCREASE_RESOURCE minecraft:oak_log x16 (ready in hand)
[25Sep2026 01:00:21.834] [Server thread/INFO] [ai.minecivilization.citizen.CitizenBrain/]: [Citizen Mila · builder] task GATHER failed: TARGET_NOT_FOUND: No reachable minecraft:oak_log (or any substitute) within 48 blocks. (recoverable)
[25Sep2026 01:00:21.883] [Server thread/INFO] [ai.minecivilization.citizen.CitizenBrain/]: [Citizen Mila · builder] Goal assigned: INCREASE_RESOURCE minecraft:oak_log x16 (ready in hand)
[25Sep2026 01:00:22.932] [Server thread/INFO] [ai.minecivilization.citizen.CitizenBrain/]: [Citizen Ravi · shepherd] task GATHER failed: TARGET_NOT_FOUND: No reachable minecraft:oak_log (or any substitute) within 48 blocks. (recoverable)
[25Sep2026 01:00:22.981] [Server thread/INFO] [ai.minecivilization.citizen.CitizenBrain/]: [Citizen Ravi · shepherd] Goal assigned: CRAFT_ITEM minecraft:oak_stairs x32 (ready in hand)
[25Sep2026 01:00:23.833] [Server thread/INFO] [ai.minecivilization.citizen.CitizenBrain/]: [Citizen Mila · builder] task GATHER failed: TARGET_NOT_FOUND: No reachable minecraft:oak_log (or any substitute) within 48 blocks. (recoverable)
[25Sep2026 01:00:23.900] [Server thread/INFO] [ai.minecivilization.citizen.CitizenBrain/]: [Citizen Mila · builder] Goal assigned: INCREASE_RESOURCE x1 (ready in hand)
[25Sep2026 01:00:24.232] [Server thread/INFO] [ai.minecivilization.citizen.CitizenBrain/]: [Citizen Tomas · farmer] task CRAFT failed: TARGET_UNREACHABLE: Could not reach target after 6 repaths. (recoverable)
[25Sep2026 01:00:24.233] [Server thread/DEBUG] [ai.minecivilization.citizen.CitizenBrain/]: [Cognition] Tomas · farmer queued priority=HIGH reason=task_failed
[25Sep2026 01:00:24.483] [Server thread/INFO] [ai.minecivilization.citizen.CitizenBrain/]: [Citizen Mila · builder] task COLLECT failed: TARGET_UNREACHABLE: Could not reach target after 6 repaths. (recoverable)
[25Sep2026 01:00:24.835] [Server thread/INFO] [ai.minecivilization.citizen.CitizenBrain/]: [Citizen Mila · builder] task COLLECT failed: TARGET_UNREACHABLE: Could not reach target after 6 repaths. (recoverable)
[25Sep2026 01:00:24.982] [Server thread/INFO] [ai.minecivilization.citizen.CitizenBrain/]: [Citizen Mila · builder] task COLLECT keeps failing (TARGET_UNREACHABLE) — further repeats will not be logged
[25Sep2026 01:00:24.983] [Server thread/INFO] [ai.minecivilization.citizen.CitizenBrain/]: [Citizen Mila · builder] goal disengaged after 3 failures
[25Sep2026 01:00:25.033] [Server thread/INFO] [ai.minecivilization.citizen.CitizenBrain/]: [Citizen Mila · builder] dropped nothing after REPEATED_FAILURE — taking different work
[25Sep2026 01:00:25.034] [Server thread/INFO] [ai.minecivilization.citizen.CitizenBrain/]: [Citizen Mila · builder] Goal assigned: CRAFT_ITEM minecraft:chest x1 (ready in hand)
[25Sep2026 01:00:25.083] [Server thread/DEBUG] [ai.minecivilization.citizen.CitizenBrain/]: [Citizen Mila · builder] starts CRAFT minecraft:chest
[25Sep2026 01:00:26.832] [Server thread/INFO] [ai.minecivilization.citizen.CitizenBrain/]: [Citizen Ravi · shepherd] task CRAFT failed: TARGET_NOT_FOUND: No reachable minecraft:oak_log (or any substitute) within 48 blocks. (recoverable)
[25Sep2026 01:00:26.881] [Server thread/INFO] [ai.minecivilization.citizen.CitizenBrain/]: [Citizen Ravi · shepherd] Goal assigned: INCREASE_RESOURCE minecraft:oak_log x16 (ready in hand)
[25Sep2026 01:00:28.832] [Server thread/INFO] [ai.minecivilization.citizen.CitizenBrain/]: [Citizen Ravi · shepherd] task GATHER failed: TARGET_NOT_FOUND: No reachable minecraft:oak_log (or any substitute) within 48 blocks. (recoverable)
[25Sep2026 01:00:28.881] [Server thread/INFO] [ai.minecivilization.citizen.CitizenBrain/]: [Citizen Ravi · shepherd] Goal assigned: INCREASE_RESOURCE minecraft:oak_log x16 (ready in hand)
[25Sep2026 01:00:28.882] [Server thread/INFO] [ai.minecivilization.citizen.CitizenBrain/]: [Citizen Mila · builder] task CRAFT failed: TARGET_NOT_FOUND: No reachable minecraft:acacia_log (or any substitute) within 48 blocks. (recoverable)
[25Sep2026 01:00:28.931] [Server thread/INFO] [ai.minecivilization.citizen.CitizenBrain/]: [Citizen Mila · builder] Goal assigned: INCREASE_RESOURCE minecraft:oak_log x16 (ready in hand)
[25Sep2026 01:00:29.681] [Server thread/INFO] [ai.minecivilization.citizen.CitizenBrain/]: [Citizen Zoe · miner] task GATHER failed: TARGET_UNREACHABLE: Could not reach target after 6 repaths. (recoverable)
[25Sep2026 01:00:29.733] [Server thread/INFO] [ai.minecivilization.citizen.CitizenBrain/]: [Citizen Tomas · farmer] task CRAFT failed: TARGET_UNREACHABLE: Could not reach target after 6 repaths. (recoverable)
[25Sep2026 01:00:29.733] [Server thread/INFO] [ai.minecivilization.citizen.CitizenBrain/]: [Citizen Tomas · farmer] goal disengaged after 3 failures
[25Sep2026 01:00:29.733] [Server thread/DEBUG] [ai.minecivilization.citizen.CitizenBrain/]: [Cognition] Tomas · farmer queued priority=HIGH reason=task_failed
[25Sep2026 01:00:29.783] [Server thread/INFO] [ai.minecivilization.citizen.CitizenBrain/]: [Citizen Tomas · farmer] Goal assigned: CRAFT_ITEM minecraft:chest x2 (ready in hand)
[25Sep2026 01:00:30.832] [Server thread/INFO] [ai.minecivilization.citizen.CitizenBrain/]: [Citizen Ravi · shepherd] task GATHER failed: TARGET_NOT_FOUND: No reachable minecraft:oak_log (or any substitute) within 48 blocks. (recoverable)
[25Sep2026 01:00:30.882] [Server thread/INFO] [ai.minecivilization.citizen.CitizenBrain/]: [Citizen Ravi · shepherd] Goal assigned: INCREASE_RESOURCE x1 (ready in hand)
[25Sep2026 01:00:30.883] [Server thread/INFO] [ai.minecivilization.citizen.CitizenBrain/]: [Citizen Mila · builder] task GATHER failed: TARGET_NOT_FOUND: No reachable minecraft:oak_log (or any substitute) within 48 blocks. (recoverable)
[25Sep2026 01:00:30.935] [Server thread/INFO] [ai.minecivilization.citizen.CitizenBrain/]: [Citizen Mila · builder] Goal assigned: INCREASE_RESOURCE minecraft:torch x16 (ready in hand)
[25Sep2026 01:00:31.931] [Server thread/INFO] [ai.minecivilization.citizen.CitizenBrain/]: [Citizen Ravi · shepherd] task COLLECT failed: TARGET_UNREACHABLE: Could not reach target after 6 repaths. (recoverable)
[25Sep2026 01:00:32.281] [Server thread/INFO] [ai.minecivilization.citizen.CitizenBrain/]: [Citizen Marie · lumberjack] task GATHER failed: TARGET_UNREACHABLE: Could not reach target after 6 repaths. (recoverable)
[25Sep2026 01:00:32.282] [Server thread/INFO] [ai.minecivilization.citizen.CitizenBrain/]: [Citizen Ravi · shepherd] task COLLECT failed: TARGET_UNREACHABLE: Could not reach target after 6 repaths. (recoverable)
[25Sep2026 01:00:32.432] [Server thread/INFO] [ai.minecivilization.citizen.CitizenBrain/]: [Citizen Ravi · shepherd] task COLLECT keeps failing (TARGET_UNREACHABLE) — further repeats will not be logged
[25Sep2026 01:00:32.432] [Server thread/INFO] [ai.minecivilization.citizen.CitizenBrain/]: [Citizen Ravi · shepherd] goal disengaged after 3 failures
[25Sep2026 01:00:32.482] [Server thread/INFO] [ai.minecivilization.citizen.CitizenBrain/]: [Citizen Ravi · shepherd] dropped nothing after REPEATED_FAILURE — taking different work
[25Sep2026 01:00:32.482] [Server thread/INFO] [ai.minecivilization.citizen.CitizenBrain/]: [Citizen Ravi · shepherd] Goal assigned: CRAFT_ITEM minecraft:chest x1 (ready in hand)
[25Sep2026 01:00:32.532] [Server thread/DEBUG] [ai.minecivilization.citizen.CitizenBrain/]: [Citizen Ravi · shepherd] starts CRAFT minecraft:chest
[25Sep2026 01:00:34.182] [Server thread/INFO] [ai.minecivilization.citizen.CitizenBrain/]: [Citizen Marie · lumberjack] task GATHER failed: TARGET_NOT_FOUND: No reachable minecraft:oak_log (or any substitute) within 48 blocks. (recoverable)
[25Sep2026 01:00:34.231] [Server thread/INFO] [ai.minecivilization.citizen.CitizenBrain/]: [Citizen Marie · lumberjack] Goal assigned: INCREASE_RESOURCE minecraft:oak_log x16 (ready in hand)
[25Sep2026 01:00:34.783] [Server thread/INFO] [ai.minecivilization.citizen.CitizenBrain/]: [Citizen Mila · builder] task CRAFT failed: TARGET_NOT_FOUND: No reachable minecraft:acacia_log (or any substitute) within 48 blocks. (recoverable)
[25Sep2026 01:00:34.833] [Server thread/INFO] [ai.minecivilization.citizen.CitizenBrain/]: [Citizen Mila · builder] Goal assigned: INCREASE_RESOURCE minecraft:oak_log x16 (ready in hand)
[25Sep2026 01:00:35.432] [Server thread/INFO] [ai.minecivilization.citizen.CitizenBrain/]: [Citizen Tomas · farmer] task CRAFT failed: TARGET_UNREACHABLE: Could not reach target after 6 repaths. (recoverable)
[25Sep2026 01:00:36.182] [Server thread/INFO] [ai.minecivilization.citizen.CitizenBrain/]: [Citizen Marie · lumberjack] task GATHER failed: TARGET_NOT_FOUND: No reachable minecraft:oak_log (or any substitute) within 48 blocks. (recoverable)
[25Sep2026 01:00:36.231] [Server thread/INFO] [ai.minecivilization.citizen.CitizenBrain/]: [Citizen Marie · lumberjack] Goal assigned: INCREASE_RESOURCE minecraft:oak_log x16 (ready in hand)
[25Sep2026 01:00:36.332] [Server thread/INFO] [ai.minecivilization.citizen.CitizenBrain/]: [Citizen Ravi · shepherd] task CRAFT failed: TARGET_NOT_FOUND: No reachable minecraft:acacia_log (or any substitute) within 48 blocks. (recoverable)
[25Sep2026 01:00:36.382] [Server thread/INFO] [ai.minecivilization.citizen.CitizenBrain/]: [Citizen Ravi · shepherd] Goal assigned: INCREASE_RESOURCE minecraft:oak_log x16 (ready in hand)
[25Sep2026 01:00:36.783] [Server thread/INFO] [ai.minecivilization.citizen.CitizenBrain/]: [Citizen Mila · builder] task GATHER failed: TARGET_NOT_FOUND: No reachable minecraft:oak_log (or any substitute) within 48 blocks. (recoverable)
[25Sep2026 01:00:36.850] [Server thread/INFO] [ai.minecivilization.citizen.CitizenBrain/]: [Citizen Mila · builder] Goal assigned: INCREASE_RESOURCE minecraft:oak_log x16 (ready in hand)
[25Sep2026 01:00:38.182] [Server thread/INFO] [ai.minecivilization.citizen.CitizenBrain/]: [Citizen Marie · lumberjack] task GATHER failed: TARGET_NOT_FOUND: No reachable minecraft:oak_log (or any substitute) within 48 blocks. (recoverable)
[25Sep2026 01:00:38.231] [Server thread/INFO] [ai.minecivilization.citizen.CitizenBrain/]: [Citizen Marie · lumberjack] Goal assigned: CRAFT_ITEM minecraft:wooden_sword x1 (ready in hand)
[25Sep2026 01:00:38.332] [Server thread/INFO] [ai.minecivilization.citizen.CitizenBrain/]: [Citizen Ravi · shepherd] task GATHER failed: TARGET_NOT_FOUND: No reachable minecraft:oak_log (or any substitute) within 48 blocks. (recoverable)
[25Sep2026 01:00:38.381] [Server thread/INFO] [ai.minecivilization.citizen.CitizenBrain/]: [Citizen Ravi · shepherd] Goal assigned: INCREASE_RESOURCE minecraft:oak_log x16 (ready in hand)
[25Sep2026 01:00:38.783] [Server thread/INFO] [ai.minecivilization.citizen.CitizenBrain/]: [Citizen Mila · builder] task GATHER failed: TARGET_NOT_FOUND: No reachable minecraft:oak_log (or any substitute) within 48 blocks. (recoverable)
[25Sep2026 01:00:38.833] [Server thread/INFO] [ai.minecivilization.citizen.CitizenBrain/]: [Citizen Mila · builder] Goal assigned: CRAFT_ITEM minecraft:furnace x1 (ready in hand)
[25Sep2026 01:00:40.332] [Server thread/INFO] [ai.minecivilization.citizen.CitizenBrain/]: [Citizen Ravi · shepherd] task GATHER failed: TARGET_NOT_FOUND: No reachable minecraft:oak_log (or any substitute) within 48 blocks. (recoverable)
[25Sep2026 01:00:40.396] [Server thread/INFO] [ai.minecivilization.citizen.CitizenBrain/]: [Citizen Ravi · shepherd] Goal assigned: INCREASE_RESOURCE minecraft:torch x16 (ready in hand)
[25Sep2026 01:00:40.932] [Server thread/INFO] [ai.minecivilization.citizen.CitizenBrain/]: [Citizen Tomas · farmer] task CRAFT failed: TARGET_UNREACHABLE: Could not reach target after 6 repaths. (recoverable)
[25Sep2026 01:00:40.933] [Server thread/DEBUG] [ai.minecivilization.citizen.CitizenBrain/]: [Cognition] Tomas · farmer queued priority=HIGH reason=task_failed
[25Sep2026 01:00:41.981] [Server thread/INFO] [ai.minecivilization.citizen.CitizenBrain/]: [Citizen Lena · crafter] dropped GATHER after NOT_MOVING — taking different work
[25Sep2026 01:00:41.982] [Server thread/DEBUG] [ai.minecivilization.citizen.CitizenBrain/]: [Cognition] Lena · crafter queued priority=NORMAL reason=no_goal
[25Sep2026 01:00:42.032] [Server thread/INFO] [ai.minecivilization.citizen.CitizenBrain/]: [Citizen Lena · crafter] Goal assigned: INCREASE_RESOURCE minecraft:oak_log x16
[25Sep2026 01:00:42.081] [Server thread/DEBUG] [ai.minecivilization.citizen.CitizenBrain/]: [Citizen Lena · crafter] starts GATHER minecraft:oak_log
[25Sep2026 01:00:43.982] [Server thread/INFO] [ai.minecivilization.citizen.CitizenBrain/]: [Citizen Lena · crafter] task GATHER failed: TARGET_NOT_FOUND: No reachable minecraft:oak_log (or any substitute) within 48 blocks. (recoverable)
[25Sep2026 01:00:44.031] [Server thread/INFO] [ai.minecivilization.citizen.CitizenBrain/]: [Citizen Lena · crafter] Goal assigned: CRAFT_ITEM minecraft:crafting_table x1 (ready in hand)
[25Sep2026 01:00:44.233] [Server thread/INFO] [ai.minecivilization.citizen.CitizenBrain/]: [Citizen Ravi · shepherd] task CRAFT failed: TARGET_NOT_FOUND: No reachable minecraft:acacia_log (or any substitute) within 48 blocks. (recoverable)
[25Sep2026 01:00:44.282] [Server thread/INFO] [ai.minecivilization.citizen.CitizenBrain/]: [Citizen Ravi · shepherd] Goal assigned: INCREASE_RESOURCE minecraft:oak_log x16 (ready in hand)
[25Sep2026 01:00:46.233] [Server thread/INFO] [ai.minecivilization.citizen.CitizenBrain/]: [Citizen Ravi · shepherd] task GATHER failed: TARGET_NOT_FOUND: No reachable minecraft:oak_log (or any substitute) within 48 blocks. (recoverable)
[25Sep2026 01:00:46.282] [Server thread/INFO] [ai.minecivilization.citizen.CitizenBrain/]: [Citizen Ravi · shepherd] Goal assigned: CRAFT_ITEM minecraft:furnace x1 (ready in hand)
[25Sep2026 01:00:46.432] [Server thread/INFO] [ai.minecivilization.citizen.CitizenBrain/]: [Citizen Tomas · farmer] task CRAFT failed: TARGET_UNREACHABLE: Could not reach target after 6 repaths. (recoverable)
[25Sep2026 01:00:46.433] [Server thread/INFO] [ai.minecivilization.citizen.CitizenBrain/]: [Citizen Tomas · farmer] goal disengaged after 3 failures
[25Sep2026 01:00:46.433] [Server thread/DEBUG] [ai.minecivilization.citizen.CitizenBrain/]: [Cognition] Tomas · farmer queued priority=HIGH reason=task_failed
[25Sep2026 01:00:46.482] [Server thread/INFO] [ai.minecivilization.citizen.CitizenBrain/]: [Citizen Tomas · farmer] Goal assigned: CRAFT_ITEM minecraft:chest x2 (ready in hand)
[25Sep2026 01:00:47.882] [Server thread/INFO] [ai.minecivilization.citizen.CitizenBrain/]: [Citizen Lena · crafter] task CRAFT failed: TARGET_NOT_FOUND: No reachable minecraft:acacia_log (or any substitute) within 48 blocks. (recoverable)
[25Sep2026 01:00:47.931] [Server thread/INFO] [ai.minecivilization.citizen.CitizenBrain/]: [Citizen Lena · crafter] Goal assigned: INCREASE_RESOURCE minecraft:oak_log x16 (ready in hand)
[25Sep2026 01:00:48.631] [Server thread/INFO] [ai.minecivilization.citizen.CitizenBrain/]: [Citizen Noor · builder] dropped GATHER after NOT_MOVING — taking different work
[25Sep2026 01:00:48.632] [Server thread/DEBUG] [ai.minecivilization.citizen.CitizenBrain/]: [Cognition] Noor · builder queued priority=NORMAL reason=no_goal
[25Sep2026 01:00:48.650] [Server thread/INFO] [ai.minecivilization.citizen.CitizenBrain/]: [Citizen Noor · builder] Goal assigned: INCREASE_RESOURCE minecraft:oak_log x16
[25Sep2026 01:00:48.681] [Server thread/DEBUG] [ai.minecivilization.citizen.CitizenBrain/]: [Citizen Noor · builder] starts GATHER minecraft:oak_log
[25Sep2026 01:00:49.882] [Server thread/INFO] [ai.minecivilization.citizen.CitizenBrain/]: [Citizen Lena · crafter] task GATHER failed: TARGET_NOT_FOUND: No reachable minecraft:oak_log (or any substitute) within 48 blocks. (recoverable)
[25Sep2026 01:00:49.932] [Server thread/INFO] [ai.minecivilization.citizen.CitizenBrain/]: [Citizen Lena · crafter] Goal assigned: INCREASE_RESOURCE x1 (ready in hand)
[25Sep2026 01:00:50.582] [Server thread/INFO] [ai.minecivilization.citizen.CitizenBrain/]: [Citizen Noor · builder] task GATHER failed: TARGET_NOT_FOUND: No reachable minecraft:oak_log (or any substitute) within 48 blocks. (recoverable)
[25Sep2026 01:00:50.631] [Server thread/INFO] [ai.minecivilization.citizen.CitizenBrain/]: [Citizen Noor · builder] Goal assigned: CRAFT_ITEM minecraft:wooden_sword x1 (ready in hand)
[25Sep2026 01:00:52.132] [Server thread/INFO] [ai.minecivilization.citizen.CitizenBrain/]: [Citizen Tomas · farmer] task CRAFT failed: TARGET_UNREACHABLE: Could not reach target after 6 repaths. (recoverable)
[25Sep2026 01:00:52.982] [Server thread/INFO] [ai.minecivilization.citizen.CitizenBrain/]: [Citizen Lena · crafter] task COLLECT failed: TARGET_NOT_FOUND: no dropped items within 14 blocks (recoverable)
[25Sep2026 01:00:53.032] [Server thread/INFO] [ai.minecivilization.citizen.CitizenBrain/]: [Citizen Lena · crafter] Goal assigned: INCREASE_RESOURCE minecraft:oak_log x16 (ready in hand)
[25Sep2026 01:00:54.482] [Server thread/INFO] [ai.minecivilization.citizen.CitizenBrain/]: [Citizen Noor · builder] task CRAFT failed: TARGET_NOT_FOUND: No reachable minecraft:acacia_log (or any substitute) within 48 blocks. (recoverable)
[25Sep2026 01:00:54.531] [Server thread/INFO] [ai.minecivilization.citizen.CitizenBrain/]: [Citizen Noor · builder] Goal assigned: INCREASE_RESOURCE minecraft:oak_log x16 (ready in hand)
[25Sep2026 01:00:54.983] [Server thread/INFO] [ai.minecivilization.citizen.CitizenBrain/]: [Citizen Lena · crafter] task GATHER failed: TARGET_NOT_FOUND: No reachable minecraft:oak_log (or any substitute) within 48 blocks. (recoverable)
[25Sep2026 01:00:55.032] [Server thread/INFO] [ai.minecivilization.citizen.CitizenBrain/]: [Citizen Lena · crafter] Goal assigned: CRAFT_ITEM minecraft:chest x1 (ready in hand)
[25Sep2026 01:00:56.381] [Server thread/INFO] [ai.minecivilization.citizen.CitizenBrain/]: [Citizen Hugo · farmer] task GATHER failed: TARGET_UNREACHABLE: Could not reach target after 6 repaths. (recoverable)
[25Sep2026 01:00:56.482] [Server thread/INFO] [ai.minecivilization.citizen.CitizenBrain/]: [Citizen Noor · builder] task GATHER failed: TARGET_NOT_FOUND: No reachable minecraft:oak_log (or any substitute) within 48 blocks. (recoverable)
[25Sep2026 01:00:56.531] [Server thread/INFO] [ai.minecivilization.citizen.CitizenBrain/]: [Citizen Noor · builder] Goal assigned: INCREASE_RESOURCE minecraft:cobblestone x32 (ready in hand)
[25Sep2026 01:00:56.833] [Server thread/INFO] [ai.minecivilization.events.ModEvents/]: [Colony] Colony — day 0, 10 citizen(s), 70% busy, 10 building, 3 road(s)
[25Sep2026 01:00:56.833] [Server thread/INFO] [ai.minecivilization.events.ModEvents/]: [Colony] 70% busy — working 7 building 0 exploring 0 returning 0 idle 0 stuck 3 lost 0
[25Sep2026 01:00:56.833] [Server thread/INFO] [ai.minecivilization.events.ModEvents/]: [Colony] time spent (1564s observed, 1% wasted): 27% walking  19% searching  16% making a way  10% mining  10% crafting  8% exploring  4% hauling  4% felling  1% no work
[25Sep2026 01:00:56.833] [Server thread/INFO] [ai.minecivilization.events.ModEvents/]: [Colony] 17 district(s), 0 container(s), 0 bed(s), 0 sign(s), 3 road(s), food 0 — growth: needs 11 beds, has 0
[25Sep2026 01:00:56.833] [Server thread/INFO] [ai.minecivilization.events.ModEvents/]: [Colony]   build Civic centre marker db920766 [WAITING_FOR_RESOURCES] 0% at -7,76,-7  waiting for 2x chest
[25Sep2026 01:00:56.833] [Server thread/INFO] [ai.minecivilization.events.ModEvents/]: [Colony]   build Town Hall [PLANNED] 0% at 1,73,1
[25Sep2026 01:00:56.833] [Server thread/INFO] [ai.minecivilization.events.ModEvents/]: [Colony]   build Oak House 1 [PLANNED] 0% at 7,70,18
[25Sep2026 01:00:56.833] [Server thread/INFO] [ai.minecivilization.events.ModEvents/]: [Colony]   build Warehouse district marker d1c79ed2 [PLANNED] 0% at -27,74,-7
[25Sep2026 01:00:56.833] [Server thread/INFO] [ai.minecivilization.events.ModEvents/]: [Colony]   build Warehouse 1 [PLANNED] 0% at -20,71,0
[25Sep2026 01:00:56.833] [Server thread/INFO] [ai.minecivilization.events.ModEvents/]: [Colony]   build Oak House 2 [PLANNED] 0% at 25,70,18
[25Sep2026 01:00:56.833] [Server thread/INFO] [ai.minecivilization.events.ModEvents/]: [Colony]   build Warehouse 2 [PLANNED] 0% at -32,72,0
[25Sep2026 01:00:56.833] [Server thread/INFO] [ai.minecivilization.events.ModEvents/]: [Colony]   build Oak House 3 [PLANNED] 0% at 43,76,18
[25Sep2026 01:00:56.833] [Server thread/INFO] [ai.minecivilization.events.ModEvents/]: [Colony]   build Oak House 4 [PLANNED] 0% at 61,79,18
[25Sep2026 01:00:56.833] [Server thread/INFO] [ai.minecivilization.events.ModEvents/]: [Colony]   build Oak House 5 [PLANNED] 0% at 79,72,18
[25Sep2026 01:00:56.833] [Server thread/INFO] [ai.minecivilization.events.ModEvents/]: [Colony]   Marie        LUMBERJACK  Working   CRAFT wooden sword x1  at 31,73,19  36m NW
[25Sep2026 01:00:56.833] [Server thread/INFO] [ai.minecivilization.events.ModEvents/]: [Colony]   Zoe          MINER       Stuck     GATHER oak log x16     at -48,72,-6  48m E  ! Not moving
[25Sep2026 01:00:56.833] [Server thread/INFO] [ai.minecivilization.events.ModEvents/]: [Colony]   Hugo         FARMER      Stuck     GATHER cobblestone x32 at 31,73,19  36m NW  ! Not moving
[25Sep2026 01:00:56.833] [Server thread/INFO] [ai.minecivilization.events.ModEvents/]: [Colony]   Noor         BUILDER     Working   GATHER cobblestone x32 at 31,73,19  36m NW
[25Sep2026 01:00:56.833] [Server thread/INFO] [ai.minecivilization.events.ModEvents/]: [Colony]   Lena         CRAFTER     Working   CRAFT chest x1         at -3,71,-1  3m E
[25Sep2026 01:00:56.833] [Server thread/INFO] [ai.minecivilization.events.ModEvents/]: [Colony]   Ravi         SHEPHERD    Working   CRAFT furnace x1       at -1,67,-2  3m SE
[25Sep2026 01:00:56.834] [Server thread/INFO] [ai.minecivilization.events.ModEvents/]: [Colony]   Sam          LUMBERJACK  Working   CRAFT wooden sword x1  at -14,73,37  39m N
[25Sep2026 01:00:56.834] [Server thread/INFO] [ai.minecivilization.events.ModEvents/]: [Colony]   Jonas        MINER       Stuck     EXPLORE x1             at 31,73,19  36m NW  ! Not moving
[25Sep2026 01:00:56.834] [Server thread/INFO] [ai.minecivilization.events.ModEvents/]: [Colony]   Tomas        FARMER      Working   CRAFT chest x2         at 1,67,-1  3m SW
[25Sep2026 01:00:56.834] [Server thread/INFO] [ai.minecivilization.events.ModEvents/]: [Colony]   Mila         BUILDER     Working   CRAFT furnace x1       at -1,67,-2  3m SE
[25Sep2026 01:00:56.834] [Server thread/INFO] [ai.minecivilization.events.ModEvents/]: [Colony] Citizen Zoe [MINER]  Stuck
[25Sep2026 01:00:56.834] [Server thread/INFO] [ai.minecivilization.events.ModEvents/]: [Colony]   Goal:        INCREASE_RESOURCE oak log x16 — wood is the first prerequisite for tools, storage and construction
[25Sep2026 01:00:56.834] [Server thread/INFO] [ai.minecivilization.events.ModEvents/]: [Colony]   Task:        GATHER oak log x16
[25Sep2026 01:00:56.834] [Server thread/INFO] [ai.minecivilization.events.ModEvents/]: [Colony]   Doing:       MOVE_TO making a way to -61,75,3
[25Sep2026 01:00:56.834] [Server thread/INFO] [ai.minecivilization.events.ModEvents/]: [Colony]   Priority:    tools
[25Sep2026 01:00:56.834] [Server thread/INFO] [ai.minecivilization.events.ModEvents/]: [Colony]   Position:    X=-48 Y=72 Z=-6
[25Sep2026 01:00:56.834] [Server thread/INFO] [ai.minecivilization.events.ModEvents/]: [Colony]   Colony:      X=0 Y=70 Z=0  (48m E)
[25Sep2026 01:00:56.834] [Server thread/INFO] [ai.minecivilization.events.ModEvents/]: [Colony]   Condition:   health 40  hunger 72  energy 100
[25Sep2026 01:00:56.834] [Server thread/INFO] [ai.minecivilization.events.ModEvents/]: [Colony]   Because:     equip wooden sword for work as a miner
[25Sep2026 01:00:56.834] [Server thread/INFO] [ai.minecivilization.events.ModEvents/]: [Colony]   Problem:     Not moving (100s)
[25Sep2026 01:00:56.834] [Server thread/INFO] [ai.minecivilization.events.ModEvents/]: [Colony]   Completed:   0 task(s)   failures 1   cognition idle
[25Sep2026 01:00:56.834] [Server thread/INFO] [ai.minecivilization.events.ModEvents/]: [Colony]   Carrying:    {minecraft:spruce_log=5, minecraft:dirt=1, minecraft:spruce_planks=2, minecraft:stick=4}
[25Sep2026 01:00:56.834] [Server thread/INFO] [ai.minecivilization.events.ModEvents/]: [Colony] Citizen Hugo [FARMER]  Stuck
[25Sep2026 01:00:56.834] [Server thread/INFO] [ai.minecivilization.events.ModEvents/]: [Colony]   Goal:        INCREASE_RESOURCE cobblestone x32 — construction: fetch cobblestone for Oak House 2
[25Sep2026 01:00:56.834] [Server thread/INFO] [ai.minecivilization.events.ModEvents/]: [Colony]   Task:        GATHER cobblestone x32
[25Sep2026 01:00:56.834] [Server thread/INFO] [ai.minecivilization.events.ModEvents/]: [Colony]   Doing:       MOVE_TO making a way to 33,70,20
[25Sep2026 01:00:56.834] [Server thread/INFO] [ai.minecivilization.events.ModEvents/]: [Colony]   Priority:    construction
[25Sep2026 01:00:56.834] [Server thread/INFO] [ai.minecivilization.events.ModEvents/]: [Colony]   Position:    X=31 Y=73 Z=19
[25Sep2026 01:00:56.834] [Server thread/INFO] [ai.minecivilization.events.ModEvents/]: [Colony]   Colony:      X=0 Y=70 Z=0  (36m NW)
[25Sep2026 01:00:56.834] [Server thread/INFO] [ai.minecivilization.events.ModEvents/]: [Colony]   Condition:   health 40  hunger 72  energy 100
[25Sep2026 01:00:56.834] [Server thread/INFO] [ai.minecivilization.events.ModEvents/]: [Colony]   Because:     fetch cobblestone for Oak House 2
[25Sep2026 01:00:56.834] [Server thread/INFO] [ai.minecivilization.events.ModEvents/]: [Colony]   Problem:     Not moving (71s)
[25Sep2026 01:00:56.834] [Server thread/INFO] [ai.minecivilization.events.ModEvents/]: [Colony]   Completed:   0 task(s)   failures 1   cognition idle
[25Sep2026 01:00:56.834] [Server thread/INFO] [ai.minecivilization.events.ModEvents/]: [Colony]   Carrying:    {}
[25Sep2026 01:00:56.834] [Server thread/INFO] [ai.minecivilization.events.ModEvents/]: [Colony] Citizen Jonas [MINER]  Stuck
[25Sep2026 01:00:56.834] [Server thread/INFO] [ai.minecivilization.events.ModEvents/]: [Colony]   Goal:        EXPLORE x1 — exploration: survey the land around the colony
[25Sep2026 01:00:56.834] [Server thread/INFO] [ai.minecivilization.events.ModEvents/]: [Colony]   Task:        EXPLORE x1
[25Sep2026 01:00:56.834] [Server thread/INFO] [ai.minecivilization.events.ModEvents/]: [Colony]   Doing:       EXPLORE exploring toward -86,42 (119m, 126 found)
[25Sep2026 01:00:56.834] [Server thread/INFO] [ai.minecivilization.events.ModEvents/]: [Colony]   Priority:    exploration
[25Sep2026 01:00:56.834] [Server thread/INFO] [ai.minecivilization.events.ModEvents/]: [Colony]   Position:    X=31 Y=73 Z=19
[25Sep2026 01:00:56.834] [Server thread/INFO] [ai.minecivilization.events.ModEvents/]: [Colony]   Colony:      X=0 Y=70 Z=0  (36m NW)
[25Sep2026 01:00:56.835] [Server thread/INFO] [ai.minecivilization.events.ModEvents/]: [Colony]   Condition:   health 40  hunger 73  energy 100
[25Sep2026 01:00:56.835] [Server thread/INFO] [ai.minecivilization.events.ModEvents/]: [Colony]   Because:     survey the land around the colony
[25Sep2026 01:00:56.835] [Server thread/INFO] [ai.minecivilization.events.ModEvents/]: [Colony]   Problem:     Not moving (37s)
[25Sep2026 01:00:56.835] [Server thread/INFO] [ai.minecivilization.events.ModEvents/]: [Colony]   Completed:   0 task(s)   failures 0   cognition idle
[25Sep2026 01:00:56.835] [Server thread/INFO] [ai.minecivilization.events.ModEvents/]: [Colony]   Holding:     explore
[25Sep2026 01:00:56.835] [Server thread/INFO] [ai.minecivilization.events.ModEvents/]: [Colony]   Carrying:    {}
[25Sep2026 01:00:57.632] [Server thread/INFO] [ai.minecivilization.citizen.CitizenBrain/]: [Citizen Tomas · farmer] task CRAFT failed: TARGET_UNREACHABLE: Could not reach target after 6 repaths. (recoverable)
[25Sep2026 01:00:57.633] [Server thread/DEBUG] [ai.minecivilization.citizen.CitizenBrain/]: [Cognition] Tomas · farmer queued priority=HIGH reason=task_failed
[25Sep2026 01:00:58.132] [Server thread/INFO] [ai.minecivilization.citizen.CitizenBrain/]: [Citizen Jonas · miner] completed EXPLORE
[25Sep2026 01:00:58.182] [Server thread/INFO] [ai.minecivilization.citizen.CitizenBrain/]: [Citizen Jonas · miner] Goal completed: EXPLORE x1
[25Sep2026 01:00:58.182] [Server thread/INFO] [ai.minecivilization.citizen.CitizenBrain/]: [Citizen Jonas · miner] Goal assigned: INCREASE_RESOURCE minecraft:oak_log x16 (ready in hand)
[25Sep2026 01:00:58.232] [Server thread/DEBUG] [ai.minecivilization.citizen.CitizenBrain/]: [Citizen Jonas · miner] starts GATHER minecraft:oak_log
[25Sep2026 01:00:58.882] [Server thread/INFO] [ai.minecivilization.citizen.CitizenBrain/]: [Citizen Lena · crafter] task CRAFT failed: TARGET_NOT_FOUND: No reachable minecraft:acacia_log (or any substitute) within 48 blocks. (recoverable)
[25Sep2026 01:00:58.931] [Server thread/INFO] [ai.minecivilization.citizen.CitizenBrain/]: [Citizen Lena · crafter] Goal assigned: INCREASE_RESOURCE minecraft:oak_log x16 (ready in hand)
[25Sep2026 01:00:59.031] [Server thread/INFO] [ai.minecivilization.citizen.CitizenBrain/]: [Citizen Zoe · miner] dropped GATHER after NOT_MOVING — taking different work
[25Sep2026 01:00:59.031] [Server thread/DEBUG] [ai.minecivilization.citizen.CitizenBrain/]: [Cognition] Zoe · miner queued priority=NORMAL reason=no_goal
[25Sep2026 01:00:59.049] [Server thread/INFO] [ai.minecivilization.citizen.CitizenBrain/]: [Citizen Zoe · miner] Goal assigned: INCREASE_RESOURCE minecraft:oak_log x16
[25Sep2026 01:00:59.081] [Server thread/DEBUG] [ai.minecivilization.citizen.CitizenBrain/]: [Citizen Zoe · miner] starts GATHER minecraft:oak_log
[25Sep2026 01:01:00.132] [Server thread/INFO] [ai.minecivilization.citizen.CitizenBrain/]: [Citizen Jonas · miner] task GATHER failed: TARGET_NOT_FOUND: No reachable minecraft:oak_log (or any substitute) within 48 blocks. (recoverable)
[25Sep2026 01:01:00.182] [Server thread/INFO] [ai.minecivilization.citizen.CitizenBrain/]: [Citizen Jonas · miner] Goal assigned: INCREASE_RESOURCE minecraft:oak_log x16 (ready in hand)
[25Sep2026 01:01:00.882] [Server thread/INFO] [ai.minecivilization.citizen.CitizenBrain/]: [Citizen Lena · crafter] task GATHER failed: TARGET_NOT_FOUND: No reachable minecraft:oak_log (or any substitute) within 48 blocks. (recoverable)
[25Sep2026 01:01:00.932] [Server thread/INFO] [ai.minecivilization.citizen.CitizenBrain/]: [Citizen Lena · crafter] Goal assigned: EXPLORE x1 (ready in hand)
[25Sep2026 01:01:02.132] [Server thread/INFO] [ai.minecivilization.citizen.CitizenBrain/]: [Citizen Jonas · miner] task GATHER failed: TARGET_NOT_FOUND: No reachable minecraft:oak_log (or any substitute) within 48 blocks. (recoverable)
[25Sep2026 01:01:02.181] [Server thread/INFO] [ai.minecivilization.citizen.CitizenBrain/]: [Citizen Jonas · miner] Goal assigned: CRAFT_ITEM minecraft:wooden_sword x1 (ready in hand)
[25Sep2026 01:01:03.132] [Server thread/INFO] [ai.minecivilization.citizen.CitizenBrain/]: [Citizen Tomas · farmer] task CRAFT failed: TARGET_UNREACHABLE: Could not reach target after 6 repaths. (recoverable)
[25Sep2026 01:01:03.132] [Server thread/INFO] [ai.minecivilization.citizen.CitizenBrain/]: [Citizen Tomas · farmer] goal disengaged after 3 failures
[25Sep2026 01:01:03.133] [Server thread/DEBUG] [ai.minecivilization.citizen.CitizenBrain/]: [Cognition] Tomas · farmer queued priority=HIGH reason=task_failed
[25Sep2026 01:01:03.182] [Server thread/INFO] [ai.minecivilization.citizen.CitizenBrain/]: [Citizen Tomas · farmer] Goal assigned: CRAFT_ITEM minecraft:chest x2 (ready in hand)
[25Sep2026 01:01:06.032] [Server thread/INFO] [ai.minecivilization.citizen.CitizenBrain/]: [Citizen Jonas · miner] task CRAFT failed: TARGET_NOT_FOUND: No reachable minecraft:acacia_log (or any substitute) within 48 blocks. (recoverable)
[25Sep2026 01:01:06.082] [Server thread/INFO] [ai.minecivilization.citizen.CitizenBrain/]: [Citizen Jonas · miner] Goal assigned: INCREASE_RESOURCE minecraft:oak_log x16 (ready in hand)
[25Sep2026 01:01:08.032] [Server thread/INFO] [ai.minecivilization.citizen.CitizenBrain/]: [Citizen Jonas · miner] task GATHER failed: TARGET_NOT_FOUND: No reachable minecraft:oak_log (or any substitute) within 48 blocks. (recoverable)
[25Sep2026 01:01:08.082] [Server thread/INFO] [ai.minecivilization.citizen.CitizenBrain/]: [Citizen Jonas · miner] Goal assigned: CRAFT_ITEM minecraft:chest x1 (ready in hand)
[25Sep2026 01:01:08.832] [Server thread/INFO] [ai.minecivilization.citizen.CitizenBrain/]: [Citizen Tomas · farmer] task CRAFT failed: TARGET_UNREACHABLE: Could not reach target after 6 repaths. (recoverable)
[25Sep2026 01:01:09.936] [Server thread/INFO] [ai.minecivilization.citizen.CitizenBrain/]: [Citizen Lena · crafter] stopped (command or interruption)
[25Sep2026 01:01:09.936] [Server thread/WARN] [ai.minecivilization.entity.CitizenEntity/]: [Citizen Lena · crafter] extracted from an occupied AABB at BlockPos{x=-4, y=73, z=0}
[25Sep2026 01:01:09.937] [Server thread/DEBUG] [ai.minecivilization.citizen.CitizenBrain/]: [Cognition] Lena · crafter queued priority=NORMAL reason=no_goal
[25Sep2026 01:01:09.982] [Server thread/INFO] [ai.minecivilization.citizen.CitizenBrain/]: [Citizen Lena · crafter] Goal assigned: INCREASE_RESOURCE minecraft:oak_log x16
[25Sep2026 01:01:10.031] [Server thread/DEBUG] [ai.minecivilization.citizen.CitizenBrain/]: [Citizen Lena · crafter] starts GATHER minecraft:oak_log
[25Sep2026 01:01:11.932] [Server thread/INFO] [ai.minecivilization.citizen.CitizenBrain/]: [Citizen Lena · crafter] task GATHER failed: TARGET_NOT_FOUND: No reachable minecraft:oak_log (or any substitute) within 48 blocks. (recoverable)
[25Sep2026 01:01:11.933] [Server thread/INFO] [ai.minecivilization.citizen.CitizenBrain/]: [Citizen Jonas · miner] task CRAFT failed: TARGET_NOT_FOUND: No reachable minecraft:acacia_log (or any substitute) within 48 blocks. (recoverable)
[25Sep2026 01:01:11.981] [Server thread/INFO] [ai.minecivilization.citizen.CitizenBrain/]: [Citizen Lena · crafter] Goal assigned: CRAFT_ITEM minecraft:oak_stairs x32 (ready in hand)
[25Sep2026 01:01:11.982] [Server thread/INFO] [ai.minecivilization.citizen.CitizenBrain/]: [Citizen Jonas · miner] Goal assigned: INCREASE_RESOURCE minecraft:oak_log x16 (ready in hand)
[25Sep2026 01:01:12.781] [Server thread/INFO] [ai.minecivilization.citizen.CitizenBrain/]: [Citizen Marie · lumberjack] task CRAFT failed: TARGET_NOT_FOUND: no crafting table within sight — this recipe needs a 3x3 grid (recoverable)
[25Sep2026 01:01:12.831] [Server thread/INFO] [ai.minecivilization.citizen.CitizenBrain/]: [Citizen Marie · lumberjack] Goal assigned: INCREASE_RESOURCE minecraft:oak_log x16 (ready in hand)
[25Sep2026 01:01:13.401] [Server thread/INFO] [ai.minecivilization.citizen.CitizenBrain/]: [Citizen Mila · builder] task CRAFT failed: TARGET_NOT_FOUND: no crafting table within sight — this recipe needs a 3x3 grid (recoverable)
[25Sep2026 01:01:13.433] [Server thread/INFO] [ai.minecivilization.citizen.CitizenBrain/]: [Citizen Mila · builder] Goal assigned: INCREASE_RESOURCE minecraft:oak_log x16 (ready in hand)
[25Sep2026 01:01:13.933] [Server thread/INFO] [ai.minecivilization.citizen.CitizenBrain/]: [Citizen Jonas · miner] task GATHER failed: TARGET_NOT_FOUND: No reachable minecraft:oak_log (or any substitute) within 48 blocks. (recoverable)
[25Sep2026 01:01:13.982] [Server thread/INFO] [ai.minecivilization.citizen.CitizenBrain/]: [Citizen Jonas · miner] Goal assigned: INCREASE_RESOURCE minecraft:oak_log x16 (ready in hand)
[25Sep2026 01:01:14.334] [Server thread/INFO] [ai.minecivilization.citizen.CitizenBrain/]: [Citizen Tomas · farmer] task CRAFT failed: TARGET_UNREACHABLE: Could not reach target after 6 repaths. (recoverable)
[25Sep2026 01:01:14.335] [Server thread/DEBUG] [ai.minecivilization.citizen.CitizenBrain/]: [Cognition] Tomas · farmer queued priority=HIGH reason=task_failed
[25Sep2026 01:01:14.782] [Server thread/INFO] [ai.minecivilization.citizen.CitizenBrain/]: [Citizen Marie · lumberjack] task GATHER failed: TARGET_NOT_FOUND: No reachable minecraft:oak_log (or any substitute) within 48 blocks. (recoverable)
[25Sep2026 01:01:14.831] [Server thread/INFO] [ai.minecivilization.citizen.CitizenBrain/]: [Citizen Marie · lumberjack] Goal assigned: INCREASE_RESOURCE minecraft:oak_log x16 (ready in hand)
[25Sep2026 01:01:15.385] [Server thread/INFO] [ai.minecivilization.citizen.CitizenBrain/]: [Citizen Mila · builder] task GATHER failed: TARGET_NOT_FOUND: No reachable minecraft:oak_log (or any substitute) within 48 blocks. (recoverable)
[25Sep2026 01:01:15.434] [Server thread/INFO] [ai.minecivilization.citizen.CitizenBrain/]: [Citizen Mila · builder] Goal assigned: INCREASE_RESOURCE minecraft:oak_log x16 (ready in hand)
[25Sep2026 01:01:15.832] [Server thread/INFO] [ai.minecivilization.citizen.CitizenBrain/]: [Citizen Lena · crafter] task CRAFT failed: TARGET_NOT_FOUND: No reachable minecraft:oak_log (or any substitute) within 48 blocks. (recoverable)
[25Sep2026 01:01:15.882] [Server thread/INFO] [ai.minecivilization.citizen.CitizenBrain/]: [Citizen Lena · crafter] Goal assigned: INCREASE_RESOURCE minecraft:oak_log x16 (ready in hand)
[25Sep2026 01:01:15.933] [Server thread/INFO] [ai.minecivilization.citizen.CitizenBrain/]: [Citizen Jonas · miner] task GATHER failed: TARGET_NOT_FOUND: No reachable minecraft:oak_log (or any substitute) within 48 blocks. (recoverable)
[25Sep2026 01:01:15.982] [Server thread/INFO] [ai.minecivilization.citizen.CitizenBrain/]: [Citizen Jonas · miner] Goal assigned: EXPLORE x1 (ready in hand)
[25Sep2026 01:01:17.332] [Server thread/INFO] [ai.minecivilization.citizen.CitizenBrain/]: [Citizen Jonas · miner] task EXPLORE failed: TARGET_UNREACHABLE: no route to -8,65,27 even after digging and bridging (recoverable)
[25Sep2026 01:01:17.488] [Server thread/INFO] [ai.minecivilization.citizen.CitizenBrain/]: [Citizen Jonas · miner] task EXPLORE failed: TARGET_UNREACHABLE: no route to -8,65,27 even after digging and bridging (recoverable)
[25Sep2026 01:01:17.661] [Server thread/INFO] [ai.minecivilization.citizen.CitizenBrain/]: [Citizen Jonas · miner] task EXPLORE keeps failing (TARGET_UNREACHABLE) — further repeats will not be logged
[25Sep2026 01:01:17.661] [Server thread/INFO] [ai.minecivilization.citizen.CitizenBrain/]: [Citizen Jonas · miner] goal disengaged after 3 failures
[25Sep2026 01:01:17.665] [Server thread/INFO] [ai.minecivilization.citizen.CitizenBrain/]: [Citizen Jonas · miner] dropped nothing after REPEATED_FAILURE — taking different work
[25Sep2026 01:01:17.670] [Server thread/INFO] [ai.minecivilization.citizen.CitizenBrain/]: [Citizen Jonas · miner] Goal assigned: INCREASE_RESOURCE minecraft:torch x16 (ready in hand)
[25Sep2026 01:01:17.690] [Server thread/DEBUG] [ai.minecivilization.citizen.CitizenBrain/]: [Citizen Jonas · miner] starts CRAFT minecraft:crafting_table
[25Sep2026 01:01:17.719] [Server thread/INFO] [ai.minecivilization.citizen.CitizenBrain/]: [Citizen Marie · lumberjack] task GATHER failed: TARGET_NOT_FOUND: No reachable minecraft:oak_log (or any substitute) within 48 blocks. (recoverable)
[25Sep2026 01:01:17.723] [Server thread/INFO] [ai.minecivilization.citizen.CitizenBrain/]: [Citizen Marie · lumberjack] Goal assigned: CRAFT_ITEM minecraft:chest x1 (ready in hand)
[25Sep2026 01:01:17.777] [Server thread/INFO] [ai.minecivilization.citizen.CitizenBrain/]: [Citizen Mila · builder] task GATHER failed: TARGET_NOT_FOUND: No reachable minecraft:oak_log (or any substitute) within 48 blocks. (recoverable)
[25Sep2026 01:01:17.780] [Server thread/INFO] [ai.minecivilization.citizen.CitizenBrain/]: [Citizen Mila · builder] Goal assigned: CRAFT_ITEM minecraft:wooden_sword x1 (ready in hand)
[25Sep2026 01:01:17.832] [Server thread/INFO] [ai.minecivilization.citizen.CitizenBrain/]: [Citizen Lena · crafter] task GATHER failed: TARGET_NOT_FOUND: No reachable minecraft:oak_log (or any substitute) within 48 blocks. (recoverable)
[25Sep2026 01:01:17.881] [Server thread/INFO] [ai.minecivilization.citizen.CitizenBrain/]: [Citizen Lena · crafter] Goal assigned: CRAFT_ITEM minecraft:crafting_table x1 (ready in hand)
[25Sep2026 01:01:19.833] [Server thread/INFO] [ai.minecivilization.citizen.CitizenBrain/]: [Citizen Tomas · farmer] task CRAFT failed: TARGET_UNREACHABLE: Could not reach target after 6 repaths. (recoverable)
[25Sep2026 01:01:19.833] [Server thread/INFO] [ai.minecivilization.citizen.CitizenBrain/]: [Citizen Tomas · farmer] goal disengaged after 3 failures
[25Sep2026 01:01:19.833] [Server thread/DEBUG] [ai.minecivilization.citizen.CitizenBrain/]: [Cognition] Tomas · farmer queued priority=HIGH reason=task_failed
[25Sep2026 01:01:19.882] [Server thread/INFO] [ai.minecivilization.citizen.CitizenBrain/]: [Citizen Tomas · farmer] Goal assigned: CRAFT_ITEM minecraft:chest x2 (ready in hand)
[25Sep2026 01:01:20.383] [Server thread/INFO] [ai.minecivilization.citizen.CitizenBrain/]: [Citizen Jonas · miner] task CRAFT failed: TARGET_NOT_FOUND: No reachable minecraft:acacia_log (or any substitute) within 48 blocks. (recoverable)
[25Sep2026 01:01:20.432] [Server thread/INFO] [ai.minecivilization.citizen.CitizenBrain/]: [Citizen Jonas · miner] Goal assigned: INCREASE_RESOURCE minecraft:oak_log x16 (ready in hand)
[25Sep2026 01:01:20.832] [Server thread/INFO] [ai.minecivilization.citizen.CitizenBrain/]: [Citizen Ravi · shepherd] task CRAFT failed: TARGET_NOT_FOUND: no crafting table within sight — this recipe needs a 3x3 grid (recoverable)
[25Sep2026 01:01:20.882] [Server thread/INFO] [ai.minecivilization.citizen.CitizenBrain/]: [Citizen Ravi · shepherd] Goal assigned: INCREASE_RESOURCE minecraft:oak_log x16 (ready in hand)
[25Sep2026 01:01:21.284] [Server thread/INFO] [ai.minecivilization.citizen.CitizenBrain/]: [Citizen Mila · builder] task CRAFT failed: TARGET_NOT_FOUND: No reachable minecraft:acacia_log (or any substitute) within 48 blocks. (recoverable)
[25Sep2026 01:01:21.333] [Server thread/INFO] [ai.minecivilization.citizen.CitizenBrain/]: [Citizen Mila · builder] Goal assigned: INCREASE_RESOURCE minecraft:oak_log x16 (ready in hand)
[25Sep2026 01:01:21.732] [Server thread/INFO] [ai.minecivilization.citizen.CitizenBrain/]: [Citizen Lena · crafter] task CRAFT failed: TARGET_NOT_FOUND: No reachable minecraft:acacia_log (or any substitute) within 48 blocks. (recoverable)
[25Sep2026 01:01:21.781] [Server thread/INFO] [ai.minecivilization.citizen.CitizenBrain/]: [Citizen Lena · crafter] Goal assigned: INCREASE_RESOURCE minecraft:oak_log x16 (ready in hand)
[25Sep2026 01:01:22.383] [Server thread/INFO] [ai.minecivilization.citizen.CitizenBrain/]: [Citizen Jonas · miner] task GATHER failed: TARGET_NOT_FOUND: No reachable minecraft:oak_log (or any substitute) within 48 blocks. (recoverable)
[25Sep2026 01:01:22.434] [Server thread/INFO] [ai.minecivilization.citizen.CitizenBrain/]: [Citizen Jonas · miner] Goal assigned: INCREASE_RESOURCE (ready in hand)
[25Sep2026 01:01:22.533] [Server thread/INFO] [ai.minecivilization.citizen.CitizenBrain/]: [Citizen Jonas · miner] task BUILD failed: MISSING_RESOURCE: need minecraft:chest for Civic centre marker db920766 (recoverable)
[25Sep2026 01:01:22.683] [Server thread/INFO] [ai.minecivilization.citizen.CitizenBrain/]: [Citizen Jonas · miner] Goal assigned: INCREASE_RESOURCE minecraft:oak_log x1 (ready in hand)
[25Sep2026 01:01:22.833] [Server thread/INFO] [ai.minecivilization.citizen.CitizenBrain/]: [Citizen Ravi · shepherd] task GATHER failed: TARGET_NOT_FOUND: No reachable minecraft:oak_log (or any substitute) within 48 blocks. (recoverable)
[25Sep2026 01:01:22.882] [Server thread/INFO] [ai.minecivilization.citizen.CitizenBrain/]: [Citizen Ravi · shepherd] Goal assigned: INCREASE_RESOURCE minecraft:oak_log x16 (ready in hand)
[25Sep2026 01:01:23.284] [Server thread/INFO] [ai.minecivilization.citizen.CitizenBrain/]: [Citizen Mila · builder] task GATHER failed: TARGET_NOT_FOUND: No reachable minecraft:oak_log (or any substitute) within 48 blocks. (recoverable)
[25Sep2026 01:01:23.333] [Server thread/INFO] [ai.minecivilization.citizen.CitizenBrain/]: [Citizen Mila · builder] Goal assigned: CRAFT_ITEM minecraft:oak_stairs x32 (ready in hand)
[25Sep2026 01:01:23.732] [Server thread/INFO] [ai.minecivilization.citizen.CitizenBrain/]: [Citizen Lena · crafter] task GATHER failed: TARGET_NOT_FOUND: No reachable minecraft:oak_log (or any substitute) within 48 blocks. (recoverable)
[25Sep2026 01:01:23.781] [Server thread/INFO] [ai.minecivilization.citizen.CitizenBrain/]: [Citizen Lena · crafter] Goal assigned: EXPLORE x1 (ready in hand)
[25Sep2026 01:01:24.832] [Server thread/INFO] [ai.minecivilization.citizen.CitizenBrain/]: [Citizen Ravi · shepherd] task GATHER failed: TARGET_NOT_FOUND: No reachable minecraft:oak_log (or any substitute) within 48 blocks. (recoverable)
[25Sep2026 01:01:24.882] [Server thread/INFO] [ai.minecivilization.citizen.CitizenBrain/]: [Citizen Ravi · shepherd] Goal assigned: CRAFT_ITEM minecraft:shears x1 (ready in hand)
[25Sep2026 01:01:25.532] [Server thread/INFO] [ai.minecivilization.citizen.CitizenBrain/]: [Citizen Tomas · farmer] task CRAFT failed: TARGET_UNREACHABLE: Could not reach target after 6 repaths. (recoverable)
[25Sep2026 01:01:27.183] [Server thread/INFO] [ai.minecivilization.citizen.CitizenBrain/]: [Citizen Mila · builder] task CRAFT failed: TARGET_NOT_FOUND: No reachable minecraft:oak_log (or any substitute) within 48 blocks. (recoverable)
[25Sep2026 01:01:27.232] [Server thread/INFO] [ai.minecivilization.citizen.CitizenBrain/]: [Citizen Mila · builder] Goal assigned: INCREASE_RESOURCE minecraft:oak_log x16 (ready in hand)
[25Sep2026 01:01:28.732] [Server thread/INFO] [ai.minecivilization.citizen.CitizenBrain/]: [Citizen Ravi · shepherd] task CRAFT failed: TARGET_NOT_FOUND: No reachable minecraft:deepslate_iron_ore (or any substitute) within 48 blocks. (recoverable)
[25Sep2026 01:01:28.781] [Server thread/INFO] [ai.minecivilization.citizen.CitizenBrain/]: [Citizen Ravi · shepherd] Goal assigned: INCREASE_RESOURCE minecraft:oak_log x16 (ready in hand)
[25Sep2026 01:01:29.131] [Server thread/INFO] [ai.minecivilization.citizen.CitizenBrain/]: [Citizen Zoe · miner] dropped GATHER after NOT_MOVING — taking different work
[25Sep2026 01:01:29.132] [Server thread/DEBUG] [ai.minecivilization.citizen.CitizenBrain/]: [Cognition] Zoe · miner queued priority=NORMAL reason=no_goal
[25Sep2026 01:01:29.183] [Server thread/INFO] [ai.minecivilization.citizen.CitizenBrain/]: [Citizen Mila · builder] task GATHER failed: TARGET_NOT_FOUND: No reachable minecraft:oak_log (or any substitute) within 48 blocks. (recoverable)
[25Sep2026 01:01:29.184] [Server thread/INFO] [ai.minecivilization.citizen.CitizenBrain/]: [Citizen Zoe · miner] Goal assigned: INCREASE_RESOURCE minecraft:oak_log x16
[25Sep2026 01:01:29.231] [Server thread/DEBUG] [ai.minecivilization.citizen.CitizenBrain/]: [Citizen Zoe · miner] starts GATHER minecraft:oak_log
[25Sep2026 01:01:29.233] [Server thread/INFO] [ai.minecivilization.citizen.CitizenBrain/]: [Citizen Mila · builder] Goal assigned: INCREASE_RESOURCE minecraft:oak_log x16 (ready in hand)
[25Sep2026 01:01:30.732] [Server thread/INFO] [ai.minecivilization.citizen.CitizenBrain/]: [Citizen Ravi · shepherd] task GATHER failed: TARGET_NOT_FOUND: No reachable minecraft:oak_log (or any substitute) within 48 blocks. (recoverable)
[25Sep2026 01:01:30.781] [Server thread/INFO] [ai.minecivilization.citizen.CitizenBrain/]: [Citizen Ravi · shepherd] Goal assigned: CRAFT_ITEM minecraft:oak_stairs x32 (ready in hand)
[25Sep2026 01:01:31.032] [Server thread/INFO] [ai.minecivilization.citizen.CitizenBrain/]: [Citizen Tomas · farmer] task CRAFT failed: TARGET_UNREACHABLE: Could not reach target after 6 repaths. (recoverable)
[25Sep2026 01:01:31.032] [Server thread/DEBUG] [ai.minecivilization.citizen.CitizenBrain/]: [Cognition] Tomas · farmer queued priority=HIGH reason=task_failed
[25Sep2026 01:01:31.183] [Server thread/INFO] [ai.minecivilization.citizen.CitizenBrain/]: [Citizen Mila · builder] task GATHER failed: TARGET_NOT_FOUND: No reachable minecraft:oak_log (or any substitute) within 48 blocks. (recoverable)
[25Sep2026 01:01:31.233] [Server thread/INFO] [ai.minecivilization.citizen.CitizenBrain/]: [Citizen Mila · builder] Goal assigned: CRAFT_ITEM minecraft:chest x1 (ready in hand)
[25Sep2026 01:01:34.632] [Server thread/INFO] [ai.minecivilization.citizen.CitizenBrain/]: [Citizen Ravi · shepherd] task CRAFT failed: TARGET_NOT_FOUND: No reachable minecraft:oak_log (or any substitute) within 48 blocks. (recoverable)
[25Sep2026 01:01:34.681] [Server thread/INFO] [ai.minecivilization.citizen.CitizenBrain/]: [Citizen Ravi · shepherd] Goal assigned: INCREASE_RESOURCE minecraft:oak_log x16 (ready in hand)
[25Sep2026 01:01:35.083] [Server thread/INFO] [ai.minecivilization.citizen.CitizenBrain/]: [Citizen Mila · builder] task CRAFT failed: TARGET_NOT_FOUND: No reachable minecraft:acacia_log (or any substitute) within 48 blocks. (recoverable)
[25Sep2026 01:01:35.132] [Server thread/INFO] [ai.minecivilization.citizen.CitizenBrain/]: [Citizen Mila · builder] Goal assigned: INCREASE_RESOURCE minecraft:oak_log x16 (ready in hand)
[25Sep2026 01:01:36.532] [Server thread/INFO] [ai.minecivilization.citizen.CitizenBrain/]: [Citizen Tomas · farmer] task CRAFT failed: TARGET_UNREACHABLE: Could not reach target after 6 repaths. (recoverable)
[25Sep2026 01:01:36.532] [Server thread/INFO] [ai.minecivilization.citizen.CitizenBrain/]: [Citizen Tomas · farmer] goal disengaged after 3 failures
[25Sep2026 01:01:36.533] [Server thread/DEBUG] [ai.minecivilization.citizen.CitizenBrain/]: [Cognition] Tomas · farmer queued priority=HIGH reason=task_failed
[25Sep2026 01:01:36.582] [Server thread/INFO] [ai.minecivilization.citizen.CitizenBrain/]: [Citizen Tomas · farmer] Goal assigned: CRAFT_ITEM minecraft:chest x2 (ready in hand)
[25Sep2026 01:01:36.632] [Server thread/INFO] [ai.minecivilization.citizen.CitizenBrain/]: [Citizen Ravi · shepherd] task GATHER failed: TARGET_NOT_FOUND: No reachable minecraft:oak_log (or any substitute) within 48 blocks. (recoverable)
[25Sep2026 01:01:36.681] [Server thread/INFO] [ai.minecivilization.citizen.CitizenBrain/]: [Citizen Ravi · shepherd] Goal assigned: INCREASE_RESOURCE minecraft:oak_log x16 (ready in hand)
[25Sep2026 01:01:37.083] [Server thread/INFO] [ai.minecivilization.citizen.CitizenBrain/]: [Citizen Mila · builder] task GATHER failed: TARGET_NOT_FOUND: No reachable minecraft:oak_log (or any substitute) within 48 blocks. (recoverable)
[25Sep2026 01:01:37.134] [Server thread/INFO] [ai.minecivilization.citizen.CitizenBrain/]: [Citizen Mila · builder] Goal assigned: INCREASE_RESOURCE minecraft:torch x16 (ready in hand)
[25Sep2026 01:01:38.632] [Server thread/INFO] [ai.minecivilization.citizen.CitizenBrain/]: [Citizen Ravi · shepherd] task GATHER failed: TARGET_NOT_FOUND: No reachable minecraft:oak_log (or any substitute) within 48 blocks. (recoverable)
[25Sep2026 01:01:38.681] [Server thread/INFO] [ai.minecivilization.citizen.CitizenBrain/]: [Citizen Ravi · shepherd] Goal assigned: CRAFT_ITEM minecraft:chest x1 (ready in hand)
[25Sep2026 01:01:40.983] [Server thread/INFO] [ai.minecivilization.citizen.CitizenBrain/]: [Citizen Mila · builder] task CRAFT failed: TARGET_NOT_FOUND: No reachable minecraft:acacia_log (or any substitute) within 48 blocks. (recoverable)
[25Sep2026 01:01:41.032] [Server thread/INFO] [ai.minecivilization.citizen.CitizenBrain/]: [Citizen Mila · builder] Goal assigned: INCREASE_RESOURCE minecraft:oak_log x16 (ready in hand)
[25Sep2026 01:01:41.531] [Server thread/INFO] [ai.minecivilization.citizen.CitizenBrain/]: [Citizen Hugo · farmer] dropped GATHER after NOT_MOVING — taking different work
[25Sep2026 01:01:41.531] [Server thread/DEBUG] [ai.minecivilization.citizen.CitizenBrain/]: [Cognition] Hugo · farmer queued priority=NORMAL reason=no_goal
[25Sep2026 01:01:41.583] [Server thread/INFO] [ai.minecivilization.citizen.CitizenBrain/]: [Citizen Hugo · farmer] Goal assigned: INCREASE_RESOURCE minecraft:oak_log x16
[25Sep2026 01:01:41.631] [Server thread/DEBUG] [ai.minecivilization.citizen.CitizenBrain/]: [Citizen Hugo · farmer] starts GATHER minecraft:oak_log
[25Sep2026 01:01:42.233] [Server thread/INFO] [ai.minecivilization.citizen.CitizenBrain/]: [Citizen Tomas · farmer] task CRAFT failed: TARGET_UNREACHABLE: Could not reach target after 6 repaths. (recoverable)
[25Sep2026 01:01:42.533] [Server thread/INFO] [ai.minecivilization.citizen.CitizenBrain/]: [Citizen Ravi · shepherd] task CRAFT failed: TARGET_NOT_FOUND: No reachable minecraft:acacia_log (or any substitute) within 48 blocks. (recoverable)
[25Sep2026 01:01:42.582] [Server thread/INFO] [ai.minecivilization.citizen.CitizenBrain/]: [Citizen Ravi · shepherd] Goal assigned: INCREASE_RESOURCE minecraft:oak_log x16 (ready in hand)
[25Sep2026 01:01:42.984] [Server thread/INFO] [ai.minecivilization.citizen.CitizenBrain/]: [Citizen Mila · builder] task GATHER failed: TARGET_NOT_FOUND: No reachable minecraft:oak_log (or any substitute) within 48 blocks. (recoverable)
[25Sep2026 01:01:43.035] [Server thread/INFO] [ai.minecivilization.citizen.CitizenBrain/]: [Citizen Mila · builder] Goal assigned: INCREASE_RESOURCE (ready in hand)
[25Sep2026 01:01:43.133] [Server thread/INFO] [ai.minecivilization.citizen.CitizenBrain/]: [Citizen Mila · builder] task BUILD failed: MISSING_RESOURCE: need minecraft:chest for Civic centre marker db920766 (recoverable)
[25Sep2026 01:01:43.284] [Server thread/INFO] [ai.minecivilization.citizen.CitizenBrain/]: [Citizen Mila · builder] Goal assigned: INCREASE_RESOURCE minecraft:wooden_hoe x1 (ready in hand)
[25Sep2026 01:01:43.532] [Server thread/INFO] [ai.minecivilization.citizen.CitizenBrain/]: [Citizen Hugo · farmer] task GATHER failed: TARGET_NOT_FOUND: No reachable minecraft:oak_log (or any substitute) within 48 blocks. (recoverable)
[25Sep2026 01:01:43.581] [Server thread/INFO] [ai.minecivilization.citizen.CitizenBrain/]: [Citizen Hugo · farmer] Goal assigned: CRAFT_ITEM minecraft:wooden_hoe x1 (ready in hand)
[25Sep2026 01:01:44.532] [Server thread/INFO] [ai.minecivilization.citizen.CitizenBrain/]: [Citizen Ravi · shepherd] task GATHER failed: TARGET_NOT_FOUND: No reachable minecraft:oak_log (or any substitute) within 48 blocks. (recoverable)
[25Sep2026 01:01:44.587] [Server thread/INFO] [ai.minecivilization.citizen.CitizenBrain/]: [Citizen Ravi · shepherd] Goal assigned: INCREASE_RESOURCE minecraft:torch x16 (ready in hand)
[25Sep2026 01:01:47.133] [Server thread/INFO] [ai.minecivilization.citizen.CitizenBrain/]: [Citizen Mila · builder] task CRAFT failed: TARGET_NOT_FOUND: No reachable minecraft:acacia_log (or any substitute) within 48 blocks. (recoverable)
[25Sep2026 01:01:47.200] [Server thread/INFO] [ai.minecivilization.citizen.CitizenBrain/]: [Citizen Mila · builder] Goal assigned: INCREASE_RESOURCE minecraft:oak_log x16 (ready in hand)
[25Sep2026 01:01:47.432] [Server thread/INFO] [ai.minecivilization.citizen.CitizenBrain/]: [Citizen Hugo · farmer] task CRAFT failed: TARGET_NOT_FOUND: No reachable minecraft:acacia_log (or any substitute) within 48 blocks. (recoverable)
[25Sep2026 01:01:47.481] [Server thread/INFO] [ai.minecivilization.citizen.CitizenBrain/]: [Citizen Hugo · farmer] Goal assigned: INCREASE_RESOURCE minecraft:oak_log x16 (ready in hand)
[25Sep2026 01:01:47.732] [Server thread/INFO] [ai.minecivilization.citizen.CitizenBrain/]: [Citizen Tomas · farmer] task CRAFT failed: TARGET_UNREACHABLE: Could not reach target after 6 repaths. (recoverable)
[25Sep2026 01:01:47.733] [Server thread/DEBUG] [ai.minecivilization.citizen.CitizenBrain/]: [Cognition] Tomas · farmer queued priority=HIGH reason=task_failed
[25Sep2026 01:01:48.432] [Server thread/INFO] [ai.minecivilization.citizen.CitizenBrain/]: [Citizen Ravi · shepherd] task CRAFT failed: TARGET_NOT_FOUND: No reachable minecraft:acacia_log (or any substitute) within 48 blocks. (recoverable)
[25Sep2026 01:01:48.482] [Server thread/INFO] [ai.minecivilization.citizen.CitizenBrain/]: [Citizen Ravi · shepherd] Goal assigned: INCREASE_RESOURCE minecraft:oak_log x16 (ready in hand)
[25Sep2026 01:01:49.150] [Server thread/INFO] [ai.minecivilization.citizen.CitizenBrain/]: [Citizen Mila · builder] task GATHER failed: TARGET_NOT_FOUND: No reachable minecraft:oak_log (or any substitute) within 48 blocks. (recoverable)
[25Sep2026 01:01:49.183] [Server thread/INFO] [ai.minecivilization.citizen.CitizenBrain/]: [Citizen Mila · builder] Goal assigned: INCREASE_RESOURCE minecraft:oak_log x16 (ready in hand)
[25Sep2026 01:01:49.432] [Server thread/INFO] [ai.minecivilization.citizen.CitizenBrain/]: [Citizen Hugo · farmer] task GATHER failed: TARGET_NOT_FOUND: No reachable minecraft:oak_log (or any substitute) within 48 blocks. (recoverable)
[25Sep2026 01:01:49.481] [Server thread/INFO] [ai.minecivilization.citizen.CitizenBrain/]: [Citizen Hugo · farmer] Goal assigned: CRAFT_ITEM minecraft:chest x1 (ready in hand)
[25Sep2026 01:01:50.433] [Server thread/INFO] [ai.minecivilization.citizen.CitizenBrain/]: [Citizen Ravi · shepherd] task GATHER failed: TARGET_NOT_FOUND: No reachable minecraft:oak_log (or any substitute) within 48 blocks. (recoverable)
[25Sep2026 01:01:50.486] [Server thread/INFO] [ai.minecivilization.citizen.CitizenBrain/]: [Citizen Ravi · shepherd] Goal assigned: INCREASE_RESOURCE (ready in hand)
[25Sep2026 01:01:50.582] [Server thread/INFO] [ai.minecivilization.citizen.CitizenBrain/]: [Citizen Ravi · shepherd] task BUILD failed: MISSING_RESOURCE: need minecraft:chest for Civic centre marker db920766 (recoverable)
[25Sep2026 01:01:50.734] [Server thread/INFO] [ai.minecivilization.citizen.CitizenBrain/]: [Citizen Ravi · shepherd] Goal assigned: INCREASE_RESOURCE minecraft:wooden_hoe x1 (ready in hand)
[25Sep2026 01:01:51.134] [Server thread/INFO] [ai.minecivilization.citizen.CitizenBrain/]: [Citizen Mila · builder] task GATHER failed: TARGET_NOT_FOUND: No reachable minecraft:oak_log (or any substitute) within 48 blocks. (recoverable)
[25Sep2026 01:01:51.183] [Server thread/INFO] [ai.minecivilization.citizen.CitizenBrain/]: [Citizen Mila · builder] Goal assigned: CRAFT_ITEM minecraft:furnace x1 (ready in hand)
[25Sep2026 01:01:51.431] [Server thread/INFO] [ai.minecivilization.citizen.CitizenBrain/]: [Citizen Marie · lumberjack] task CRAFT failed: TARGET_NOT_FOUND: no crafting table within sight — this recipe needs a 3x3 grid (recoverable)
[25Sep2026 01:01:51.481] [Server thread/INFO] [ai.minecivilization.citizen.CitizenBrain/]: [Citizen Marie · lumberjack] Goal assigned: CRAFT_ITEM minecraft:crafting_table x1 (ready in hand)
[25Sep2026 01:01:51.581] [Server thread/INFO] [ai.minecivilization.citizen.CitizenBrain/]: [Citizen Marie · lumberjack] completed CRAFT minecraft:crafting_table
[25Sep2026 01:01:51.631] [Server thread/INFO] [ai.minecivilization.citizen.CitizenBrain/]: [Citizen Marie · lumberjack] Goal completed: CRAFT_ITEM minecraft:crafting_table x1
[25Sep2026 01:01:51.632] [Server thread/DEBUG] [ai.minecivilization.citizen.CitizenBrain/]: [Cognition] Marie · lumberjack queued priority=NORMAL reason=goal_completed
[25Sep2026 01:01:51.699] [Server thread/INFO] [ai.minecivilization.citizen.CitizenBrain/]: [Citizen Marie · lumberjack] Goal assigned: CRAFT_ITEM minecraft:crafting_table x1
[25Sep2026 01:01:51.731] [Server thread/DEBUG] [ai.minecivilization.citizen.CitizenBrain/]: [Citizen Marie · lumberjack] starts PLACE
[25Sep2026 01:01:51.783] [Server thread/INFO] [ai.minecivilization.citizen.CitizenBrain/]: [Citizen Marie · lumberjack] completed PLACE
[25Sep2026 01:01:51.832] [Server thread/INFO] [ai.minecivilization.citizen.CitizenBrain/]: [Citizen Marie · lumberjack] Goal completed: CRAFT_ITEM minecraft:crafting_table x1
[25Sep2026 01:01:51.881] [Server thread/INFO] [ai.minecivilization.citizen.CitizenBrain/]: [Citizen Marie · lumberjack] Goal assigned: CRAFT_ITEM minecraft:crafting_table x1 (ready in hand)
[25Sep2026 01:01:51.931] [Server thread/DEBUG] [ai.minecivilization.citizen.CitizenBrain/]: [Citizen Marie · lumberjack] starts CRAFT minecraft:crafting_table
[25Sep2026 01:01:51.981] [Server thread/INFO] [ai.minecivilization.citizen.CitizenBrain/]: [Citizen Marie · lumberjack] completed CRAFT minecraft:crafting_table
[25Sep2026 01:01:52.031] [Server thread/INFO] [ai.minecivilization.citizen.CitizenBrain/]: [Citizen Marie · lumberjack] Goal completed: CRAFT_ITEM minecraft:crafting_table x1
[25Sep2026 01:01:52.131] [Server thread/INFO] [ai.minecivilization.citizen.CitizenBrain/]: [Citizen Marie · lumberjack] Goal assigned: BUILD_PROJECT minecraft:crafting_table x1 (ready in hand)
[25Sep2026 01:01:52.181] [Server thread/DEBUG] [ai.minecivilization.citizen.CitizenBrain/]: [Citizen Marie · lumberjack] starts PLACE minecraft:crafting_table
[25Sep2026 01:01:52.231] [Server thread/INFO] [ai.minecivilization.citizen.CitizenBrain/]: [Citizen Marie · lumberjack] completed PLACE minecraft:crafting_table
[25Sep2026 01:01:52.281] [Server thread/INFO] [ai.minecivilization.citizen.CitizenBrain/]: [Citizen Marie · lumberjack] Goal completed: BUILD_PROJECT minecraft:crafting_table x1
[25Sep2026 01:01:52.381] [Server thread/INFO] [ai.minecivilization.citizen.CitizenBrain/]: [Citizen Marie · lumberjack] Goal assigned: CRAFT_ITEM minecraft:wooden_sword x1 (ready in hand)
[25Sep2026 01:01:52.431] [Server thread/DEBUG] [ai.minecivilization.citizen.CitizenBrain/]: [Citizen Marie · lumberjack] starts CRAFT minecraft:wooden_sword
[25Sep2026 01:01:52.481] [Server thread/INFO] [ai.minecivilization.citizen.CitizenBrain/]: [Citizen Marie · lumberjack] completed CRAFT minecraft:wooden_sword
[25Sep2026 01:01:52.531] [Server thread/INFO] [ai.minecivilization.citizen.CitizenBrain/]: [Citizen Marie · lumberjack] Goal completed: CRAFT_ITEM minecraft:wooden_sword x1
[25Sep2026 01:01:52.631] [Server thread/INFO] [ai.minecivilization.citizen.CitizenBrain/]: [Citizen Marie · lumberjack] Goal assigned: CRAFT_ITEM minecraft:wooden_axe x1 (ready in hand)
[25Sep2026 01:01:52.681] [Server thread/DEBUG] [ai.minecivilization.citizen.CitizenBrain/]: [Citizen Marie · lumberjack] starts CRAFT minecraft:wooden_axe
[25Sep2026 01:01:52.782] [Server thread/INFO] [ai.minecivilization.citizen.CitizenBrain/]: [Citizen Marie · lumberjack] completed CRAFT minecraft:wooden_axe
[25Sep2026 01:01:52.831] [Server thread/INFO] [ai.minecivilization.citizen.CitizenBrain/]: [Citizen Marie · lumberjack] Goal completed: CRAFT_ITEM minecraft:wooden_axe x1
[25Sep2026 01:01:52.884] [Server thread/INFO] [ai.minecivilization.citizen.CitizenBrain/]: [Citizen Marie · lumberjack] Goal assigned: CRAFT_ITEM minecraft:wooden_pickaxe x1 (ready in hand)
[25Sep2026 01:01:52.931] [Server thread/DEBUG] [ai.minecivilization.citizen.CitizenBrain/]: [Citizen Marie · lumberjack] starts CRAFT minecraft:wooden_pickaxe
[25Sep2026 01:01:53.081] [Server thread/INFO] [ai.minecivilization.citizen.CitizenBrain/]: [Citizen Marie · lumberjack] completed CRAFT minecraft:wooden_pickaxe
[25Sep2026 01:01:53.131] [Server thread/INFO] [ai.minecivilization.citizen.CitizenBrain/]: [Citizen Marie · lumberjack] Goal completed: CRAFT_ITEM minecraft:wooden_pickaxe x1
[25Sep2026 01:01:53.182] [Server thread/INFO] [ai.minecivilization.citizen.CitizenBrain/]: [Citizen Marie · lumberjack] Goal assigned: INCREASE_RESOURCE minecraft:torch x16 (ready in hand)
[25Sep2026 01:01:53.231] [Server thread/DEBUG] [ai.minecivilization.citizen.CitizenBrain/]: [Citizen Marie · lumberjack] starts CRAFT minecraft:furnace
[25Sep2026 01:01:53.233] [Server thread/INFO] [ai.minecivilization.citizen.CitizenBrain/]: [Citizen Tomas · farmer] task CRAFT failed: TARGET_UNREACHABLE: Could not reach target after 6 repaths. (recoverable)
[25Sep2026 01:01:53.233] [Server thread/INFO] [ai.minecivilization.citizen.CitizenBrain/]: [Citizen Tomas · farmer] goal disengaged after 3 failures
[25Sep2026 01:01:53.234] [Server thread/DEBUG] [ai.minecivilization.citizen.CitizenBrain/]: [Cognition] Tomas · farmer queued priority=HIGH reason=task_failed
[25Sep2026 01:01:53.282] [Server thread/INFO] [ai.minecivilization.citizen.CitizenBrain/]: [Citizen Tomas · farmer] Goal assigned: CRAFT_ITEM minecraft:chest x2 (ready in hand)
[25Sep2026 01:01:53.332] [Server thread/INFO] [ai.minecivilization.citizen.CitizenBrain/]: [Citizen Hugo · farmer] task CRAFT failed: TARGET_NOT_FOUND: No reachable minecraft:acacia_log (or any substitute) within 48 blocks. (recoverable)
[25Sep2026 01:01:53.381] [Server thread/INFO] [ai.minecivilization.citizen.CitizenBrain/]: [Citizen Hugo · farmer] Goal assigned: INCREASE_RESOURCE minecraft:oak_log x16 (ready in hand)
[25Sep2026 01:01:54.283] [Server thread/INFO] [ai.minecivilization.citizen.CitizenBrain/]: [Citizen Mila · builder] task CRAFT failed: TARGET_UNREACHABLE: Could not reach target after 6 repaths. (recoverable)
[25Sep2026 01:01:54.582] [Server thread/INFO] [ai.minecivilization.citizen.CitizenBrain/]: [Citizen Ravi · shepherd] task CRAFT failed: TARGET_NOT_FOUND: No reachable minecraft:acacia_log (or any substitute) within 48 blocks. (recoverable)
[25Sep2026 01:01:54.632] [Server thread/INFO] [ai.minecivilization.citizen.CitizenBrain/]: [Citizen Ravi · shepherd] Goal assigned: INCREASE_RESOURCE minecraft:oak_log x16 (ready in hand)
[25Sep2026 01:01:55.331] [Server thread/INFO] [ai.minecivilization.citizen.CitizenBrain/]: [Citizen Hugo · farmer] task GATHER failed: TARGET_NOT_FOUND: No reachable minecraft:oak_log (or any substitute) within 48 blocks. (recoverable)
[25Sep2026 01:01:55.382] [Server thread/INFO] [ai.minecivilization.citizen.CitizenBrain/]: [Citizen Hugo · farmer] Goal assigned: INCREASE_RESOURCE minecraft:torch x16 (ready in hand)
[25Sep2026 01:01:56.183] [Server thread/INFO] [ai.minecivilization.citizen.CitizenBrain/]: [Citizen Mila · builder] task CRAFT failed: TARGET_UNREACHABLE: Could not reach target after 6 repaths. (recoverable)
[25Sep2026 01:01:56.582] [Server thread/INFO] [ai.minecivilization.citizen.CitizenBrain/]: [Citizen Ravi · shepherd] task GATHER failed: TARGET_NOT_FOUND: No reachable minecraft:oak_log (or any substitute) within 48 blocks. (recoverable)
[25Sep2026 01:01:56.633] [Server thread/INFO] [ai.minecivilization.citizen.CitizenBrain/]: [Citizen Ravi · shepherd] Goal assigned: INCREASE_RESOURCE minecraft:oak_log x16 (ready in hand)
[25Sep2026 01:01:56.849] [Server thread/DEBUG] [net.minecraftforge.common.ForgeHooks/WP]: Gathering id map for writing to world save world
[25Sep2026 01:01:56.874] [Server thread/DEBUG] [net.minecraftforge.common.ForgeHooks/WP]: ID Map collection complete world
[25Sep2026 01:01:56.882] [Server thread/INFO] [ai.minecivilization.events.ModEvents/]: [Colony] Colony — day 0, 10 citizen(s), 80% busy, 10 building, 3 road(s)
[25Sep2026 01:01:56.883] [Server thread/INFO] [ai.minecivilization.events.ModEvents/]: [Colony] 80% busy — working 7 building 0 exploring 1 returning 0 idle 1 stuck 1 lost 0
[25Sep2026 01:01:56.883] [Server thread/INFO] [ai.minecivilization.events.ModEvents/]: [Colony] time spent (2164s observed, 1% wasted): 30% walking  21% searching  15% making a way  11% crafting  8% exploring  8% mining  3% hauling  3% felling  1% no work
[25Sep2026 01:01:56.883] [Server thread/INFO] [ai.minecivilization.events.ModEvents/]: [Colony] 17 district(s), 0 container(s), 0 bed(s), 0 sign(s), 3 road(s), food 0 — growth: needs 11 beds, has 0
[25Sep2026 01:01:56.883] [Server thread/INFO] [ai.minecivilization.events.ModEvents/]: [Colony]   build Civic centre marker db920766 [WAITING_FOR_RESOURCES] 0% at -7,76,-7  waiting for 2x chest
[25Sep2026 01:01:56.883] [Server thread/INFO] [ai.minecivilization.events.ModEvents/]: [Colony]   build Town Hall [PLANNED] 0% at 1,73,1
[25Sep2026 01:01:56.883] [Server thread/INFO] [ai.minecivilization.events.ModEvents/]: [Colony]   build Oak House 1 [PLANNED] 0% at 7,70,18
[25Sep2026 01:01:56.883] [Server thread/INFO] [ai.minecivilization.events.ModEvents/]: [Colony]   build Warehouse district marker d1c79ed2 [PLANNED] 0% at -27,74,-7
[25Sep2026 01:01:56.883] [Server thread/INFO] [ai.minecivilization.events.ModEvents/]: [Colony]   build Warehouse 1 [PLANNED] 0% at -20,71,0
[25Sep2026 01:01:56.883] [Server thread/INFO] [ai.minecivilization.events.ModEvents/]: [Colony]   build Oak House 2 [PLANNED] 0% at 25,70,18
[25Sep2026 01:01:56.883] [Server thread/INFO] [ai.minecivilization.events.ModEvents/]: [Colony]   build Warehouse 2 [PLANNED] 0% at -32,72,0
[25Sep2026 01:01:56.883] [Server thread/INFO] [ai.minecivilization.events.ModEvents/]: [Colony]   build Oak House 3 [PLANNED] 0% at 43,76,18
[25Sep2026 01:01:56.883] [Server thread/INFO] [ai.minecivilization.events.ModEvents/]: [Colony]   build Oak House 4 [PLANNED] 0% at 61,79,18
[25Sep2026 01:01:56.883] [Server thread/INFO] [ai.minecivilization.events.ModEvents/]: [Colony]   build Oak House 5 [PLANNED] 0% at 79,72,18
[25Sep2026 01:01:56.883] [Server thread/INFO] [ai.minecivilization.events.ModEvents/]: [Colony]   Marie        LUMBERJACK  Working   CRAFT furnace x1       at 31,73,19  36m NW
[25Sep2026 01:01:56.883] [Server thread/INFO] [ai.minecivilization.events.ModEvents/]: [Colony]   Zoe          MINER       Working   GATHER oak log x16     at -48,72,-6  48m E
[25Sep2026 01:01:56.883] [Server thread/INFO] [ai.minecivilization.events.ModEvents/]: [Colony]   Hugo         FARMER      Working   CRAFT wooden pickaxe x1 at 31,73,19  36m NW
[25Sep2026 01:01:56.883] [Server thread/INFO] [ai.minecivilization.events.ModEvents/]: [Colony]   Noor         BUILDER     Stuck     GATHER cobblestone x32 at 31,73,19  36m NW  ! Not moving
[25Sep2026 01:01:56.883] [Server thread/INFO] [ai.minecivilization.events.ModEvents/]: [Colony]   Lena         CRAFTER     Stuck     EXPLORE x1             at -3,74,-1  5m E  ! Not moving
[25Sep2026 01:01:56.883] [Server thread/INFO] [ai.minecivilization.events.ModEvents/]: [Colony]   Ravi         SHEPHERD    Working   GATHER oak log x16     at -1,67,-2  3m SE
[25Sep2026 01:01:56.883] [Server thread/INFO] [ai.minecivilization.events.ModEvents/]: [Colony]   Sam          LUMBERJACK  Working   CRAFT wooden sword x1  at -14,73,37  39m N
[25Sep2026 01:01:56.883] [Server thread/INFO] [ai.minecivilization.events.ModEvents/]: [Colony]   Jonas        MINER       Stuck     GATHER oak log x1 @39,76,23 at 31,73,19  36m NW  ! Not moving
[25Sep2026 01:01:56.883] [Server thread/INFO] [ai.minecivilization.events.ModEvents/]: [Colony]   Tomas        FARMER      Working   CRAFT chest x2         at 1,67,-1  3m SW
[25Sep2026 01:01:56.883] [Server thread/INFO] [ai.minecivilization.events.ModEvents/]: [Colony]   Mila         BUILDER     Working   CRAFT furnace x1       at 1,67,-1  3m SW
[25Sep2026 01:01:56.884] [Server thread/INFO] [ai.minecivilization.events.ModEvents/]: [Colony] Citizen Noor [BUILDER]  Stuck
[25Sep2026 01:01:56.884] [Server thread/INFO] [ai.minecivilization.events.ModEvents/]: [Colony]   Goal:        INCREASE_RESOURCE cobblestone x32 — construction: fetch cobblestone for Oak House 2
[25Sep2026 01:01:56.884] [Server thread/INFO] [ai.minecivilization.events.ModEvents/]: [Colony]   Task:        GATHER cobblestone x32
[25Sep2026 01:01:56.884] [Server thread/INFO] [ai.minecivilization.events.ModEvents/]: [Colony]   Doing:       TRAVERSE FALL 1/2
[25Sep2026 01:01:56.884] [Server thread/INFO] [ai.minecivilization.events.ModEvents/]: [Colony]   Priority:    construction
[25Sep2026 01:01:56.884] [Server thread/INFO] [ai.minecivilization.events.ModEvents/]: [Colony]   Position:    X=31 Y=73 Z=19
[25Sep2026 01:01:56.884] [Server thread/INFO] [ai.minecivilization.events.ModEvents/]: [Colony]   Colony:      X=0 Y=70 Z=0  (36m NW)
[25Sep2026 01:01:56.884] [Server thread/INFO] [ai.minecivilization.events.ModEvents/]: [Colony]   Condition:   health 40  hunger 62  energy 100
[25Sep2026 01:01:56.884] [Server thread/INFO] [ai.minecivilization.events.ModEvents/]: [Colony]   Because:     fetch cobblestone for Oak House 2
[25Sep2026 01:01:56.884] [Server thread/INFO] [ai.minecivilization.events.ModEvents/]: [Colony]   Problem:     Not moving (60s)
[25Sep2026 01:01:56.884] [Server thread/INFO] [ai.minecivilization.events.ModEvents/]: [Colony]   Last done:   GATHER minecraft:cobblestone
[25Sep2026 01:01:56.884] [Server thread/INFO] [ai.minecivilization.events.ModEvents/]: [Colony]   Completed:   1 task(s)   failures 0   cognition idle
[25Sep2026 01:01:56.884] [Server thread/INFO] [ai.minecivilization.events.ModEvents/]: [Colony]   Holding:     supply:97d2351b:minecraft:cobblestone
[25Sep2026 01:01:56.884] [Server thread/INFO] [ai.minecivilization.events.ModEvents/]: [Colony]   Carrying:    {minecraft:cobblestone=16}
[25Sep2026 01:01:56.884] [Server thread/INFO] [ai.minecivilization.events.ModEvents/]: [Colony] Citizen Lena [CRAFTER]  Stuck
[25Sep2026 01:01:56.884] [Server thread/INFO] [ai.minecivilization.events.ModEvents/]: [Colony]   Goal:        EXPLORE x1 — exploration: survey the land around the colony
[25Sep2026 01:01:56.884] [Server thread/INFO] [ai.minecivilization.events.ModEvents/]: [Colony]   Task:        EXPLORE x1
[25Sep2026 01:01:56.884] [Server thread/INFO] [ai.minecivilization.events.ModEvents/]: [Colony]   Doing:       EXPLORE exploring toward 92,27 (99m, 0 found)
[25Sep2026 01:01:56.884] [Server thread/INFO] [ai.minecivilization.events.ModEvents/]: [Colony]   Priority:    exploration
[25Sep2026 01:01:56.884] [Server thread/INFO] [ai.minecivilization.events.ModEvents/]: [Colony]   Position:    X=-3 Y=74 Z=-1
[25Sep2026 01:01:56.884] [Server thread/INFO] [ai.minecivilization.events.ModEvents/]: [Colony]   Colony:      X=0 Y=70 Z=0  (5m E)
[25Sep2026 01:01:56.884] [Server thread/INFO] [ai.minecivilization.events.ModEvents/]: [Colony]   Condition:   health 39  hunger 62  energy 100
[25Sep2026 01:01:56.884] [Server thread/INFO] [ai.minecivilization.events.ModEvents/]: [Colony]   Because:     survey the land around the colony
[25Sep2026 01:01:56.884] [Server thread/INFO] [ai.minecivilization.events.ModEvents/]: [Colony]   Problem:     Not moving (32s)
[25Sep2026 01:01:56.884] [Server thread/INFO] [ai.minecivilization.events.ModEvents/]: [Colony]   Completed:   0 task(s)   failures 0   cognition idle
[25Sep2026 01:01:56.884] [Server thread/INFO] [ai.minecivilization.events.ModEvents/]: [Colony]   Holding:     explore
[25Sep2026 01:01:56.884] [Server thread/INFO] [ai.minecivilization.events.ModEvents/]: [Colony]   Carrying:    {minecraft:dirt=13}
[25Sep2026 01:01:56.884] [Server thread/INFO] [ai.minecivilization.events.ModEvents/]: [Colony] Citizen Jonas [MINER]  Stuck
[25Sep2026 01:01:56.884] [Server thread/INFO] [ai.minecivilization.events.ModEvents/]: [Colony]   Goal:        INCREASE_RESOURCE oak log x1 — Colony maintenance
[25Sep2026 01:01:56.884] [Server thread/INFO] [ai.minecivilization.events.ModEvents/]: [Colony]   Task:        GATHER oak log x1 @39,76,23
[25Sep2026 01:01:56.884] [Server thread/INFO] [ai.minecivilization.events.ModEvents/]: [Colony]   Doing:       MOVE_TO making a way to 39,76,23
[25Sep2026 01:01:56.884] [Server thread/INFO] [ai.minecivilization.events.ModEvents/]: [Colony]   Priority:    resources
[25Sep2026 01:01:56.884] [Server thread/INFO] [ai.minecivilization.events.ModEvents/]: [Colony]   Position:    X=31 Y=73 Z=19
[25Sep2026 01:01:56.884] [Server thread/INFO] [ai.minecivilization.events.ModEvents/]: [Colony]   Destination: X=39 Y=76 Z=23
[25Sep2026 01:01:56.884] [Server thread/INFO] [ai.minecivilization.events.ModEvents/]: [Colony]   Colony:      X=0 Y=70 Z=0  (36m NW)
[25Sep2026 01:01:56.884] [Server thread/INFO] [ai.minecivilization.events.ModEvents/]: [Colony]   Condition:   health 40  hunger 62  energy 100
[25Sep2026 01:01:56.885] [Server thread/INFO] [ai.minecivilization.events.ModEvents/]: [Colony]   Because:     Use a resource location already discovered nearby
[25Sep2026 01:01:56.885] [Server thread/INFO] [ai.minecivilization.events.ModEvents/]: [Colony]   Problem:     Not moving (34s)
[25Sep2026 01:01:56.885] [Server thread/INFO] [ai.minecivilization.events.ModEvents/]: [Colony]   Last done:   EXPLORE
[25Sep2026 01:01:56.885] [Server thread/INFO] [ai.minecivilization.events.ModEvents/]: [Colony]   Completed:   1 task(s)   failures 0   cognition idle
[25Sep2026 01:01:56.885] [Server thread/INFO] [ai.minecivilization.events.ModEvents/]: [Colony]   Carrying:    {}
[25Sep2026 01:01:58.083] [Server thread/INFO] [ai.minecivilization.citizen.CitizenBrain/]: [Citizen Mila · builder] task CRAFT failed: TARGET_UNREACHABLE: Could not reach target after 6 repaths. (recoverable)
[25Sep2026 01:01:58.083] [Server thread/INFO] [ai.minecivilization.citizen.CitizenBrain/]: [Citizen Mila · builder] goal disengaged after 3 failures
[25Sep2026 01:01:58.133] [Server thread/INFO] [ai.minecivilization.citizen.CitizenBrain/]: [Citizen Mila · builder] Goal assigned: INCREASE_RESOURCE minecraft:oak_log x16 (ready in hand)
[25Sep2026 01:01:58.582] [Server thread/INFO] [ai.minecivilization.citizen.CitizenBrain/]: [Citizen Ravi · shepherd] task GATHER failed: TARGET_NOT_FOUND: No reachable minecraft:oak_log (or any substitute) within 48 blocks. (recoverable)
[25Sep2026 01:01:58.632] [Server thread/INFO] [ai.minecivilization.citizen.CitizenBrain/]: [Citizen Ravi · shepherd] Goal assigned: CRAFT_ITEM minecraft:furnace x1 (ready in hand)
[25Sep2026 01:01:58.932] [Server thread/INFO] [ai.minecivilization.citizen.CitizenBrain/]: [Citizen Tomas · farmer] task CRAFT failed: TARGET_UNREACHABLE: Could not reach target after 6 repaths. (recoverable)
[25Sep2026 01:01:59.232] [Server thread/INFO] [ai.minecivilization.citizen.CitizenBrain/]: [Citizen Hugo · farmer] task CRAFT failed: TARGET_NOT_FOUND: No reachable minecraft:acacia_log (or any substitute) within 48 blocks. (recoverable)
[25Sep2026 01:01:59.281] [Server thread/INFO] [ai.minecivilization.citizen.CitizenBrain/]: [Citizen Zoe · miner] dropped GATHER after NOT_MOVING — taking different work
[25Sep2026 01:01:59.281] [Server thread/DEBUG] [ai.minecivilization.citizen.CitizenBrain/]: [Cognition] Zoe · miner queued priority=NORMAL reason=no_goal
[25Sep2026 01:01:59.281] [Server thread/INFO] [ai.minecivilization.citizen.CitizenBrain/]: [Citizen Hugo · farmer] Goal assigned: INCREASE_RESOURCE minecraft:oak_log x16 (ready in hand)
[25Sep2026 01:01:59.332] [Server thread/INFO] [ai.minecivilization.citizen.CitizenBrain/]: [Citizen Zoe · miner] Goal assigned: INCREASE_RESOURCE minecraft:oak_log x16
[25Sep2026 01:01:59.381] [Server thread/DEBUG] [ai.minecivilization.citizen.CitizenBrain/]: [Citizen Zoe · miner] starts GATHER minecraft:oak_log
[25Sep2026 01:02:00.082] [Server thread/INFO] [ai.minecivilization.citizen.CitizenBrain/]: [Citizen Mila · builder] task GATHER failed: TARGET_NOT_FOUND: No reachable minecraft:oak_log (or any substitute) within 48 blocks. (recoverable)
[25Sep2026 01:02:00.177] [Server thread/INFO] [ai.minecivilization.citizen.CitizenBrain/]: [Citizen Mila · builder] Goal assigned: INCREASE_RESOURCE minecraft:oak_log x16 (ready in hand)
[25Sep2026 01:02:01.232] [Server thread/INFO] [ai.minecivilization.citizen.CitizenBrain/]: [Citizen Hugo · farmer] task GATHER failed: TARGET_NOT_FOUND: No reachable minecraft:oak_log (or any substitute) within 48 blocks. (recoverable)
[25Sep2026 01:02:01.232] [Server thread/INFO] [ai.minecivilization.citizen.CitizenBrain/]: [Citizen Ravi · shepherd] task CRAFT failed: TARGET_UNREACHABLE: Could not reach target after 6 repaths. (recoverable)
[25Sep2026 01:02:01.282] [Server thread/INFO] [ai.minecivilization.citizen.CitizenBrain/]: [Citizen Hugo · farmer] Goal assigned: INCREASE_RESOURCE (ready in hand)
[25Sep2026 01:02:01.381] [Server thread/INFO] [ai.minecivilization.citizen.CitizenBrain/]: [Citizen Hugo · farmer] task BUILD failed: MISSING_RESOURCE: need minecraft:chest for Civic centre marker db920766 (recoverable)
[25Sep2026 01:02:01.531] [Server thread/DEBUG] [ai.minecivilization.citizen.CitizenBrain/]: [Cognition] Hugo · farmer queued priority=NORMAL reason=no_goal
[25Sep2026 01:02:01.550] [Server thread/INFO] [ai.minecivilization.citizen.CitizenBrain/]: [Citizen Hugo · farmer] Goal assigned: INCREASE_RESOURCE minecraft:oak_log x16
[25Sep2026 01:02:02.083] [Server thread/INFO] [ai.minecivilization.citizen.CitizenBrain/]: [Citizen Mila · builder] task GATHER failed: TARGET_NOT_FOUND: No reachable minecraft:oak_log (or any substitute) within 48 blocks. (recoverable)
[25Sep2026 01:02:02.133] [Server thread/INFO] [ai.minecivilization.citizen.CitizenBrain/]: [Citizen Mila · builder] Goal assigned: CRAFT_ITEM minecraft:wooden_sword x1 (ready in hand)
[25Sep2026 01:02:02.582] [Server thread/INFO] [ai.minecivilization.citizen.CitizenBrain/]: [Citizen Lena · crafter] task EXPLORE failed: TARGET_UNREACHABLE: Could not reach target after 6 repaths. (recoverable)
[25Sep2026 01:02:02.882] [Server thread/INFO] [ai.minecivilization.citizen.CitizenBrain/]: [Citizen Sam · lumberjack] task CRAFT failed: TARGET_UNREACHABLE: Could not reach target after 6 repaths. (recoverable)
[25Sep2026 01:02:03.132] [Server thread/INFO] [ai.minecivilization.citizen.CitizenBrain/]: [Citizen Ravi · shepherd] task CRAFT failed: TARGET_UNREACHABLE: Could not reach target after 6 repaths. (recoverable)
[25Sep2026 01:02:03.481] [Server thread/INFO] [ai.minecivilization.citizen.CitizenBrain/]: [Citizen Hugo · farmer] task GATHER failed: TARGET_NOT_FOUND: No reachable minecraft:oak_log (or any substitute) within 48 blocks. (recoverable)
[25Sep2026 01:02:03.532] [Server thread/INFO] [ai.minecivilization.citizen.CitizenBrain/]: [Citizen Hugo · farmer] Goal assigned: INCREASE_RESOURCE minecraft:oak_log x1 (ready in hand)
[25Sep2026 01:02:04.433] [Server thread/INFO] [ai.minecivilization.citizen.CitizenBrain/]: [Citizen Tomas · farmer] task CRAFT failed: TARGET_UNREACHABLE: Could not reach target after 6 repaths. (recoverable)
[25Sep2026 01:02:04.434] [Server thread/DEBUG] [ai.minecivilization.citizen.CitizenBrain/]: [Cognition] Tomas · farmer queued priority=HIGH reason=task_failed
[25Sep2026 01:02:05.031] [Server thread/INFO] [ai.minecivilization.citizen.CitizenBrain/]: [Citizen Ravi · shepherd] task CRAFT failed: TARGET_UNREACHABLE: Could not reach target after 6 repaths. (recoverable)
[25Sep2026 01:02:05.031] [Server thread/INFO] [ai.minecivilization.citizen.CitizenBrain/]: [Citizen Ravi · shepherd] goal disengaged after 3 failures
[25Sep2026 01:02:05.081] [Server thread/INFO] [ai.minecivilization.citizen.CitizenBrain/]: [Citizen Ravi · shepherd] Goal assigned: INCREASE_RESOURCE minecraft:oak_log x16 (ready in hand)
[25Sep2026 01:02:05.984] [Server thread/INFO] [ai.minecivilization.citizen.CitizenBrain/]: [Citizen Mila · builder] task CRAFT failed: TARGET_NOT_FOUND: No reachable minecraft:acacia_log (or any substitute) within 48 blocks. (recoverable)
[25Sep2026 01:02:06.048] [Server thread/INFO] [ai.minecivilization.citizen.CitizenBrain/]: [Citizen Mila · builder] Goal assigned: INCREASE_RESOURCE minecraft:oak_log x16 (ready in hand)
[25Sep2026 01:02:07.032] [Server thread/INFO] [ai.minecivilization.citizen.CitizenBrain/]: [Citizen Ravi · shepherd] task GATHER failed: TARGET_NOT_FOUND: No reachable minecraft:oak_log (or any substitute) within 48 blocks. (recoverable)
[25Sep2026 01:02:07.081] [Server thread/INFO] [ai.minecivilization.citizen.CitizenBrain/]: [Citizen Ravi · shepherd] Goal assigned: INCREASE_RESOURCE minecraft:oak_log x16 (ready in hand)
[25Sep2026 01:02:07.983] [Server thread/INFO] [ai.minecivilization.citizen.CitizenBrain/]: [Citizen Mila · builder] task GATHER failed: TARGET_NOT_FOUND: No reachable minecraft:oak_log (or any substitute) within 48 blocks. (recoverable)
[25Sep2026 01:02:08.032] [Server thread/INFO] [ai.minecivilization.citizen.CitizenBrain/]: [Citizen Mila · builder] Goal assigned: CRAFT_ITEM minecraft:oak_stairs x32 (ready in hand)
[25Sep2026 01:02:09.032] [Server thread/INFO] [ai.minecivilization.citizen.CitizenBrain/]: [Citizen Ravi · shepherd] task GATHER failed: TARGET_NOT_FOUND: No reachable minecraft:oak_log (or any substitute) within 48 blocks. (recoverable)
[25Sep2026 01:02:09.081] [Server thread/INFO] [ai.minecivilization.citizen.CitizenBrain/]: [Citizen Ravi · shepherd] Goal assigned: CRAFT_ITEM minecraft:shears x1 (ready in hand)
[25Sep2026 01:02:09.932] [Server thread/INFO] [ai.minecivilization.citizen.CitizenBrain/]: [Citizen Tomas · farmer] task CRAFT failed: TARGET_UNREACHABLE: Could not reach target after 6 repaths. (recoverable)
[25Sep2026 01:02:09.932] [Server thread/INFO] [ai.minecivilization.citizen.CitizenBrain/]: [Citizen Tomas · farmer] goal disengaged after 3 failures
[25Sep2026 01:02:09.932] [Server thread/DEBUG] [ai.minecivilization.citizen.CitizenBrain/]: [Cognition] Tomas · farmer queued priority=HIGH reason=task_failed
[25Sep2026 01:02:09.981] [Server thread/INFO] [ai.minecivilization.citizen.CitizenBrain/]: [Citizen Noor · builder] task GATHER failed: TARGET_UNREACHABLE: Could not reach target after 6 repaths. (recoverable)
[25Sep2026 01:02:09.982] [Server thread/INFO] [ai.minecivilization.citizen.CitizenBrain/]: [Citizen Tomas · farmer] Goal assigned: CRAFT_ITEM minecraft:chest x2 (ready in hand)
[25Sep2026 01:02:11.882] [Server thread/INFO] [ai.minecivilization.citizen.CitizenBrain/]: [Citizen Mila · builder] task CRAFT failed: TARGET_NOT_FOUND: No reachable minecraft:oak_log (or any substitute) within 48 blocks. (recoverable)
[25Sep2026 01:02:11.948] [Server thread/INFO] [ai.minecivilization.citizen.CitizenBrain/]: [Citizen Mila · builder] Goal assigned: INCREASE_RESOURCE minecraft:oak_log x16 (ready in hand)
[25Sep2026 01:02:12.931] [Server thread/INFO] [ai.minecivilization.citizen.CitizenBrain/]: [Citizen Ravi · shepherd] task CRAFT failed: TARGET_NOT_FOUND: No reachable minecraft:deepslate_iron_ore (or any substitute) within 48 blocks. (recoverable)
[25Sep2026 01:02:12.983] [Server thread/INFO] [ai.minecivilization.citizen.CitizenBrain/]: [Citizen Ravi · shepherd] Goal assigned: INCREASE_RESOURCE minecraft:oak_log x16 (ready in hand)
[25Sep2026 01:02:13.883] [Server thread/INFO] [ai.minecivilization.citizen.CitizenBrain/]: [Citizen Mila · builder] task GATHER failed: TARGET_NOT_FOUND: No reachable minecraft:oak_log (or any substitute) within 48 blocks. (recoverable)
[25Sep2026 01:02:13.933] [Server thread/INFO] [ai.minecivilization.citizen.CitizenBrain/]: [Citizen Mila · builder] Goal assigned: INCREASE_RESOURCE minecraft:oak_log x16 (ready in hand)
[25Sep2026 01:02:14.931] [Server thread/INFO] [ai.minecivilization.citizen.CitizenBrain/]: [Citizen Ravi · shepherd] task GATHER failed: TARGET_NOT_FOUND: No reachable minecraft:oak_log (or any substitute) within 48 blocks. (recoverable)
[25Sep2026 01:02:14.981] [Server thread/INFO] [ai.minecivilization.citizen.CitizenBrain/]: [Citizen Ravi · shepherd] Goal assigned: CRAFT_ITEM minecraft:oak_stairs x32 (ready in hand)
[25Sep2026 01:02:15.632] [Server thread/INFO] [ai.minecivilization.citizen.CitizenBrain/]: [Citizen Tomas · farmer] task CRAFT failed: TARGET_UNREACHABLE: Could not reach target after 6 repaths. (recoverable)
[25Sep2026 01:02:15.883] [Server thread/INFO] [ai.minecivilization.citizen.CitizenBrain/]: [Citizen Mila · builder] task GATHER failed: TARGET_NOT_FOUND: No reachable minecraft:oak_log (or any substitute) within 48 blocks. (recoverable)
[25Sep2026 01:02:15.934] [Server thread/INFO] [ai.minecivilization.citizen.CitizenBrain/]: [Citizen Mila · builder] Goal assigned: INCREASE_RESOURCE minecraft:oak_log x16 (ready in hand)
[25Sep2026 01:02:17.882] [Server thread/INFO] [ai.minecivilization.citizen.CitizenBrain/]: [Citizen Mila · builder] task GATHER failed: TARGET_NOT_FOUND: No reachable minecraft:oak_log (or any substitute) within 48 blocks. (recoverable)
[25Sep2026 01:02:17.932] [Server thread/INFO] [ai.minecivilization.citizen.CitizenBrain/]: [Citizen Mila · builder] Goal assigned: CRAFT_ITEM minecraft:chest x1 (ready in hand)
[25Sep2026 01:02:18.831] [Server thread/INFO] [ai.minecivilization.citizen.CitizenBrain/]: [Citizen Ravi · shepherd] task CRAFT failed: TARGET_NOT_FOUND: No reachable minecraft:oak_log (or any substitute) within 48 blocks. (recoverable)
[25Sep2026 01:02:18.881] [Server thread/INFO] [ai.minecivilization.citizen.CitizenBrain/]: [Citizen Ravi · shepherd] Goal assigned: INCREASE_RESOURCE minecraft:oak_log x16 (ready in hand)
[25Sep2026 01:02:20.831] [Server thread/INFO] [ai.minecivilization.citizen.CitizenBrain/]: [Citizen Ravi · shepherd] task GATHER failed: TARGET_NOT_FOUND: No reachable minecraft:oak_log (or any substitute) within 48 blocks. (recoverable)
[25Sep2026 01:02:20.885] [Server thread/INFO] [ai.minecivilization.citizen.CitizenBrain/]: [Citizen Ravi · shepherd] Goal assigned: INCREASE_RESOURCE minecraft:oak_log x16 (ready in hand)
[25Sep2026 01:02:21.132] [Server thread/INFO] [ai.minecivilization.citizen.CitizenBrain/]: [Citizen Tomas · farmer] task CRAFT failed: TARGET_UNREACHABLE: Could not reach target after 6 repaths. (recoverable)
[25Sep2026 01:02:21.132] [Server thread/DEBUG] [ai.minecivilization.citizen.CitizenBrain/]: [Cognition] Tomas · farmer queued priority=HIGH reason=task_failed
[25Sep2026 01:02:21.783] [Server thread/INFO] [ai.minecivilization.citizen.CitizenBrain/]: [Citizen Mila · builder] task CRAFT failed: TARGET_NOT_FOUND: No reachable minecraft:acacia_log (or any substitute) within 48 blocks. (recoverable)
[25Sep2026 01:02:21.832] [Server thread/INFO] [ai.minecivilization.citizen.CitizenBrain/]: [Citizen Mila · builder] Goal assigned: INCREASE_RESOURCE minecraft:oak_log x16 (ready in hand)
[25Sep2026 01:02:22.832] [Server thread/INFO] [ai.minecivilization.citizen.CitizenBrain/]: [Citizen Ravi · shepherd] task GATHER failed: TARGET_NOT_FOUND: No reachable minecraft:oak_log (or any substitute) within 48 blocks. (recoverable)
[25Sep2026 01:02:22.881] [Server thread/INFO] [ai.minecivilization.citizen.CitizenBrain/]: [Citizen Ravi · shepherd] Goal assigned: INCREASE_RESOURCE minecraft:oak_log x16 (ready in hand)
[25Sep2026 01:02:23.782] [Server thread/INFO] [ai.minecivilization.citizen.CitizenBrain/]: [Citizen Mila · builder] task GATHER failed: TARGET_NOT_FOUND: No reachable minecraft:oak_log (or any substitute) within 48 blocks. (recoverable)
[25Sep2026 01:02:23.832] [Server thread/INFO] [ai.minecivilization.citizen.CitizenBrain/]: [Citizen Mila · builder] Goal assigned: INCREASE_RESOURCE minecraft:oak_log x16 (ready in hand)
[25Sep2026 01:02:24.832] [Server thread/INFO] [ai.minecivilization.citizen.CitizenBrain/]: [Citizen Ravi · shepherd] task GATHER failed: TARGET_NOT_FOUND: No reachable minecraft:oak_log (or any substitute) within 48 blocks. (recoverable)
[25Sep2026 01:02:24.881] [Server thread/INFO] [ai.minecivilization.citizen.CitizenBrain/]: [Citizen Ravi · shepherd] Goal assigned: CRAFT_ITEM minecraft:chest x1 (ready in hand)
[25Sep2026 01:02:25.782] [Server thread/INFO] [ai.minecivilization.citizen.CitizenBrain/]: [Citizen Mila · builder] task GATHER failed: TARGET_NOT_FOUND: No reachable minecraft:oak_log (or any substitute) within 48 blocks. (recoverable)
[25Sep2026 01:02:25.832] [Server thread/INFO] [ai.minecivilization.citizen.CitizenBrain/]: [Citizen Mila · builder] Goal assigned: EXPLORE x1 (ready in hand)
[25Sep2026 01:02:26.632] [Server thread/INFO] [ai.minecivilization.citizen.CitizenBrain/]: [Citizen Tomas · farmer] task CRAFT failed: TARGET_UNREACHABLE: Could not reach target after 6 repaths. (recoverable)
[25Sep2026 01:02:26.632] [Server thread/INFO] [ai.minecivilization.citizen.CitizenBrain/]: [Citizen Tomas · farmer] goal disengaged after 3 failures
[25Sep2026 01:02:26.633] [Server thread/DEBUG] [ai.minecivilization.citizen.CitizenBrain/]: [Cognition] Tomas · farmer queued priority=HIGH reason=task_failed
[25Sep2026 01:02:26.682] [Server thread/INFO] [ai.minecivilization.citizen.CitizenBrain/]: [Citizen Tomas · farmer] Goal assigned: CRAFT_ITEM minecraft:chest x2 (ready in hand)
[25Sep2026 01:02:28.731] [Server thread/INFO] [ai.minecivilization.citizen.CitizenBrain/]: [Citizen Ravi · shepherd] task CRAFT failed: TARGET_NOT_FOUND: No reachable minecraft:acacia_log (or any substitute) within 48 blocks. (recoverable)
[25Sep2026 01:02:28.781] [Server thread/INFO] [ai.minecivilization.citizen.CitizenBrain/]: [Citizen Ravi · shepherd] Goal assigned: INCREASE_RESOURCE minecraft:oak_log x16 (ready in hand)
[25Sep2026 01:02:29.431] [Server thread/INFO] [ai.minecivilization.citizen.CitizenBrain/]: [Citizen Zoe · miner] dropped GATHER after NOT_MOVING — taking different work
[25Sep2026 01:02:29.431] [Server thread/DEBUG] [ai.minecivilization.citizen.CitizenBrain/]: [Cognition] Zoe · miner queued priority=NORMAL reason=no_goal
[25Sep2026 01:02:29.449] [Server thread/INFO] [ai.minecivilization.citizen.CitizenBrain/]: [Citizen Zoe · miner] Goal assigned: INCREASE_RESOURCE minecraft:oak_log x16
[25Sep2026 01:02:29.481] [Server thread/DEBUG] [ai.minecivilization.citizen.CitizenBrain/]: [Citizen Zoe · miner] starts GATHER minecraft:oak_log
[25Sep2026 01:02:30.731] [Server thread/INFO] [ai.minecivilization.citizen.CitizenBrain/]: [Citizen Ravi · shepherd] task GATHER failed: TARGET_NOT_FOUND: No reachable minecraft:oak_log (or any substitute) within 48 blocks. (recoverable)
[25Sep2026 01:02:30.785] [Server thread/INFO] [ai.minecivilization.citizen.CitizenBrain/]: [Citizen Ravi · shepherd] Goal assigned: INCREASE_RESOURCE minecraft:cobblestone x16 (ready in hand)
[25Sep2026 01:02:30.881] [Server thread/INFO] [ai.minecivilization.citizen.CitizenBrain/]: [Citizen Ravi · shepherd] completed GATHER minecraft:cobblestone
[25Sep2026 01:02:30.931] [Server thread/INFO] [ai.minecivilization.citizen.CitizenBrain/]: [Citizen Ravi · shepherd] Goal completed: INCREASE_RESOURCE minecraft:cobblestone x16
[25Sep2026 01:02:30.981] [Server thread/DEBUG] [ai.minecivilization.citizen.CitizenBrain/]: [Cognition] Ravi · shepherd queued priority=NORMAL reason=no_goal
[25Sep2026 01:02:30.998] [Server thread/INFO] [ai.minecivilization.citizen.CitizenBrain/]: [Citizen Ravi · shepherd] Goal assigned: INCREASE_RESOURCE minecraft:oak_log x16
[25Sep2026 01:02:31.031] [Server thread/DEBUG] [ai.minecivilization.citizen.CitizenBrain/]: [Citizen Ravi · shepherd] starts GATHER minecraft:oak_log
[25Sep2026 01:02:32.332] [Server thread/INFO] [ai.minecivilization.citizen.CitizenBrain/]: [Citizen Tomas · farmer] task CRAFT failed: TARGET_UNREACHABLE: Could not reach target after 6 repaths. (recoverable)
[25Sep2026 01:02:32.931] [Server thread/INFO] [ai.minecivilization.citizen.CitizenBrain/]: [Citizen Ravi · shepherd] task GATHER failed: TARGET_NOT_FOUND: No reachable minecraft:oak_log (or any substitute) within 48 blocks. (recoverable)
[25Sep2026 01:02:32.981] [Server thread/INFO] [ai.minecivilization.citizen.CitizenBrain/]: [Citizen Ravi · shepherd] Goal assigned: CRAFT_ITEM minecraft:chest x1 (ready in hand)
[25Sep2026 01:02:36.832] [Server thread/INFO] [ai.minecivilization.citizen.CitizenBrain/]: [Citizen Ravi · shepherd] task CRAFT failed: TARGET_NOT_FOUND: No reachable minecraft:acacia_log (or any substitute) within 48 blocks. (recoverable)
[25Sep2026 01:02:36.881] [Server thread/INFO] [ai.minecivilization.citizen.CitizenBrain/]: [Citizen Ravi · shepherd] Goal assigned: INCREASE_RESOURCE minecraft:oak_log x16 (ready in hand)
[25Sep2026 01:02:37.832] [Server thread/INFO] [ai.minecivilization.citizen.CitizenBrain/]: [Citizen Tomas · farmer] task CRAFT failed: TARGET_UNREACHABLE: Could not reach target after 6 repaths. (recoverable)
[25Sep2026 01:02:37.832] [Server thread/DEBUG] [ai.minecivilization.citizen.CitizenBrain/]: [Cognition] Tomas · farmer queued priority=HIGH reason=task_failed
[25Sep2026 01:02:37.932] [Server thread/INFO] [ai.minecivilization.citizen.CitizenBrain/]: [Citizen Jonas · miner] task GATHER failed: TARGET_UNREACHABLE: Could not reach target after 6 repaths. (recoverable)
[25Sep2026 01:02:38.831] [Server thread/INFO] [ai.minecivilization.citizen.CitizenBrain/]: [Citizen Ravi · shepherd] task GATHER failed: TARGET_NOT_FOUND: No reachable minecraft:oak_log (or any substitute) within 48 blocks. (recoverable)
[25Sep2026 01:02:38.881] [Server thread/INFO] [ai.minecivilization.citizen.CitizenBrain/]: [Citizen Ravi · shepherd] Goal assigned: CRAFT_ITEM minecraft:furnace x1 (ready in hand)
[25Sep2026 01:02:40.831] [Server thread/INFO] [ai.minecivilization.citizen.CitizenBrain/]: [Citizen Ravi · shepherd] task CRAFT failed: TARGET_UNREACHABLE: Could not reach target after 6 repaths. (recoverable)
[25Sep2026 01:02:40.981] [Server thread/INFO] [ai.minecivilization.citizen.CitizenBrain/]: [Citizen Lena · crafter] task EXPLORE failed: TARGET_UNREACHABLE: Could not reach target after 6 repaths. (recoverable)
[25Sep2026 01:02:40.981] [Server thread/DEBUG] [ai.minecivilization.citizen.CitizenBrain/]: [Cognition] Lena · crafter queued priority=HIGH reason=task_failed
[25Sep2026 01:02:42.731] [Server thread/INFO] [ai.minecivilization.citizen.CitizenBrain/]: [Citizen Ravi · shepherd] task CRAFT failed: TARGET_UNREACHABLE: Could not reach target after 6 repaths. (recoverable)
[25Sep2026 01:02:43.359] [Server thread/INFO] [ai.minecivilization.citizen.CitizenBrain/]: [Citizen Tomas · farmer] task CRAFT failed: TARGET_UNREACHABLE: Could not reach target after 6 repaths. (recoverable)
[25Sep2026 01:02:43.360] [Server thread/INFO] [ai.minecivilization.citizen.CitizenBrain/]: [Citizen Tomas · farmer] goal disengaged after 3 failures
[25Sep2026 01:02:43.360] [Server thread/DEBUG] [ai.minecivilization.citizen.CitizenBrain/]: [Cognition] Tomas · farmer queued priority=HIGH reason=task_failed
[25Sep2026 01:02:43.381] [Server thread/INFO] [ai.minecivilization.citizen.CitizenBrain/]: [Citizen Tomas · farmer] Goal assigned: CRAFT_ITEM minecraft:chest x2 (ready in hand)
[25Sep2026 01:02:44.631] [Server thread/INFO] [ai.minecivilization.citizen.CitizenBrain/]: [Citizen Ravi · shepherd] task CRAFT failed: TARGET_UNREACHABLE: Could not reach target after 6 repaths. (recoverable)
[25Sep2026 01:02:44.631] [Server thread/INFO] [ai.minecivilization.citizen.CitizenBrain/]: [Citizen Ravi · shepherd] goal disengaged after 3 failures
[25Sep2026 01:02:44.681] [Server thread/INFO] [ai.minecivilization.citizen.CitizenBrain/]: [Citizen Ravi · shepherd] Goal assigned: INCREASE_RESOURCE minecraft:oak_log x16 (ready in hand)
[25Sep2026 01:02:46.631] [Server thread/INFO] [ai.minecivilization.citizen.CitizenBrain/]: [Citizen Ravi · shepherd] task GATHER failed: TARGET_NOT_FOUND: No reachable minecraft:oak_log (or any substitute) within 48 blocks. (recoverable)
[25Sep2026 01:02:46.681] [Server thread/INFO] [ai.minecivilization.citizen.CitizenBrain/]: [Citizen Ravi · shepherd] Goal assigned: INCREASE_RESOURCE minecraft:oak_log x16 (ready in hand)
[25Sep2026 01:02:48.631] [Server thread/INFO] [ai.minecivilization.citizen.CitizenBrain/]: [Citizen Ravi · shepherd] task GATHER failed: TARGET_NOT_FOUND: No reachable minecraft:oak_log (or any substitute) within 48 blocks. (recoverable)
[25Sep2026 01:02:48.681] [Server thread/INFO] [ai.minecivilization.citizen.CitizenBrain/]: [Citizen Ravi · shepherd] Goal assigned: CRAFT_ITEM minecraft:shears x1 (ready in hand)
[25Sep2026 01:02:49.031] [Server thread/INFO] [ai.minecivilization.citizen.CitizenBrain/]: [Citizen Tomas · farmer] task CRAFT failed: TARGET_UNREACHABLE: Could not reach target after 6 repaths. (recoverable)
[25Sep2026 01:02:52.531] [Server thread/INFO] [ai.minecivilization.citizen.CitizenBrain/]: [Citizen Ravi · shepherd] task CRAFT failed: TARGET_NOT_FOUND: No reachable minecraft:deepslate_iron_ore (or any substitute) within 48 blocks. (recoverable)
[25Sep2026 01:02:52.581] [Server thread/INFO] [ai.minecivilization.citizen.CitizenBrain/]: [Citizen Ravi · shepherd] Goal assigned: INCREASE_RESOURCE minecraft:oak_log x16 (ready in hand)
[25Sep2026 01:02:53.799] [Server thread/INFO] [ai.minecivilization.citizen.CitizenBrain/]: [Citizen Mila · builder] task EXPLORE failed: TARGET_UNREACHABLE: Could not reach target after 6 repaths. (recoverable)
[25Sep2026 01:02:54.431] [Server thread/INFO] [ai.minecivilization.citizen.CitizenBrain/]: [Citizen Noor · builder] dropped GATHER after NOT_MOVING — taking different work
[25Sep2026 01:02:54.431] [Server thread/DEBUG] [ai.minecivilization.citizen.CitizenBrain/]: [Cognition] Noor · builder queued priority=NORMAL reason=no_goal
[25Sep2026 01:02:54.482] [Server thread/INFO] [ai.minecivilization.citizen.CitizenBrain/]: [Citizen Noor · builder] Goal assigned: INCREASE_RESOURCE minecraft:oak_log x16
[25Sep2026 01:02:54.531] [Server thread/DEBUG] [ai.minecivilization.citizen.CitizenBrain/]: [Citizen Noor · builder] starts GATHER minecraft:oak_log
[25Sep2026 01:02:54.531] [Server thread/INFO] [ai.minecivilization.citizen.CitizenBrain/]: [Citizen Ravi · shepherd] task GATHER failed: TARGET_NOT_FOUND: No reachable minecraft:oak_log (or any substitute) within 48 blocks. (recoverable)
[25Sep2026 01:02:54.532] [Server thread/INFO] [ai.minecivilization.citizen.CitizenBrain/]: [Citizen Tomas · farmer] task CRAFT failed: TARGET_UNREACHABLE: Could not reach target after 6 repaths. (recoverable)
[25Sep2026 01:02:54.532] [Server thread/DEBUG] [ai.minecivilization.citizen.CitizenBrain/]: [Cognition] Tomas · farmer queued priority=HIGH reason=task_failed
[25Sep2026 01:02:54.581] [Server thread/INFO] [ai.minecivilization.citizen.CitizenBrain/]: [Citizen Ravi · shepherd] Goal assigned: CRAFT_ITEM minecraft:oak_stairs x32 (ready in hand)
[25Sep2026 01:02:56.431] [Server thread/INFO] [ai.minecivilization.citizen.CitizenBrain/]: [Citizen Noor · builder] task GATHER failed: TARGET_NOT_FOUND: No reachable minecraft:oak_log (or any substitute) within 48 blocks. (recoverable)
[25Sep2026 01:02:56.481] [Server thread/INFO] [ai.minecivilization.citizen.CitizenBrain/]: [Citizen Noor · builder] Goal assigned: CRAFT_ITEM minecraft:furnace x1 (ready in hand)
[25Sep2026 01:02:56.581] [Server thread/INFO] [ai.minecivilization.citizen.CitizenBrain/]: [Citizen Noor · builder] completed CRAFT minecraft:furnace
[25Sep2026 01:02:56.631] [Server thread/INFO] [ai.minecivilization.citizen.CitizenBrain/]: [Citizen Noor · builder] Goal completed: CRAFT_ITEM minecraft:furnace x1
[25Sep2026 01:02:56.731] [Server thread/INFO] [ai.minecivilization.citizen.CitizenBrain/]: [Citizen Noor · builder] Goal assigned: BUILD_PROJECT minecraft:furnace x1 (ready in hand)
[25Sep2026 01:02:56.780] [Server thread/DEBUG] [ai.minecivilization.citizen.CitizenBrain/]: [Citizen Noor · builder] starts PLACE minecraft:furnace
[25Sep2026 01:02:56.834] [Server thread/INFO] [ai.minecivilization.citizen.CitizenBrain/]: [Citizen Noor · builder] completed PLACE minecraft:furnace
[25Sep2026 01:02:56.835] [Server thread/INFO] [ai.minecivilization.events.ModEvents/]: [Colony] Colony — day 0, 10 citizen(s), 60% busy, 10 building, 3 road(s)
[25Sep2026 01:02:56.835] [Server thread/INFO] [ai.minecivilization.events.ModEvents/]: [Colony] 60% busy — working 5 building 0 exploring 1 returning 0 idle 0 stuck 4 lost 0
[25Sep2026 01:02:56.835] [Server thread/INFO] [ai.minecivilization.events.ModEvents/]: [Colony] time spent (2764s observed, 1% wasted): 32% walking  20% searching  17% making a way  9% exploring  9% crafting  6% mining  2% hauling  2% felling  1% no work
[25Sep2026 01:02:56.835] [Server thread/INFO] [ai.minecivilization.events.ModEvents/]: [Colony] 17 district(s), 0 container(s), 0 bed(s), 0 sign(s), 3 road(s), food 0 — growth: needs 11 beds, has 0
[25Sep2026 01:02:56.835] [Server thread/INFO] [ai.minecivilization.events.ModEvents/]: [Colony]   build Civic centre marker db920766 [WAITING_FOR_RESOURCES] 0% at -7,76,-7  waiting for 2x chest
[25Sep2026 01:02:56.836] [Server thread/INFO] [ai.minecivilization.events.ModEvents/]: [Colony]   build Town Hall [PLANNED] 0% at 1,73,1
[25Sep2026 01:02:56.836] [Server thread/INFO] [ai.minecivilization.events.ModEvents/]: [Colony]   build Oak House 1 [PLANNED] 0% at 7,70,18
[25Sep2026 01:02:56.836] [Server thread/INFO] [ai.minecivilization.events.ModEvents/]: [Colony]   build Warehouse district marker d1c79ed2 [PLANNED] 0% at -27,74,-7
[25Sep2026 01:02:56.836] [Server thread/INFO] [ai.minecivilization.events.ModEvents/]: [Colony]   build Warehouse 1 [PLANNED] 0% at -20,71,0
[25Sep2026 01:02:56.836] [Server thread/INFO] [ai.minecivilization.events.ModEvents/]: [Colony]   build Oak House 2 [PLANNED] 0% at 25,70,18
[25Sep2026 01:02:56.836] [Server thread/INFO] [ai.minecivilization.events.ModEvents/]: [Colony]   build Warehouse 2 [PLANNED] 0% at -32,72,0
[25Sep2026 01:02:56.836] [Server thread/INFO] [ai.minecivilization.events.ModEvents/]: [Colony]   build Oak House 3 [PLANNED] 0% at 43,76,18
[25Sep2026 01:02:56.836] [Server thread/INFO] [ai.minecivilization.events.ModEvents/]: [Colony]   build Oak House 4 [PLANNED] 0% at 61,79,18
[25Sep2026 01:02:56.836] [Server thread/INFO] [ai.minecivilization.events.ModEvents/]: [Colony]   build Oak House 5 [PLANNED] 0% at 79,72,18
[25Sep2026 01:02:56.836] [Server thread/INFO] [ai.minecivilization.events.ModEvents/]: [Colony]   Marie        LUMBERJACK  Working   CRAFT furnace x1       at 31,73,19  36m NW
[25Sep2026 01:02:56.836] [Server thread/INFO] [ai.minecivilization.events.ModEvents/]: [Colony]   Zoe          MINER       Working   GATHER oak log x16     at -48,72,-6  48m E
[25Sep2026 01:02:56.836] [Server thread/INFO] [ai.minecivilization.events.ModEvents/]: [Colony]   Hugo         FARMER      Stuck     GATHER oak log x1 @39,76,23 at 31,73,19  36m NW  ! Not moving
[25Sep2026 01:02:56.836] [Server thread/INFO] [ai.minecivilization.events.ModEvents/]: [Colony]   Noor         BUILDER     Idle      none                   at 31,73,19  36m NW
[25Sep2026 01:02:56.836] [Server thread/INFO] [ai.minecivilization.events.ModEvents/]: [Colony]   Lena         CRAFTER     Stuck     EXPLORE x1             at -3,74,-1  5m E  ! Not moving
[25Sep2026 01:02:56.836] [Server thread/INFO] [ai.minecivilization.events.ModEvents/]: [Colony]   Ravi         SHEPHERD    Working   CRAFT oak stairs x32   at 1,67,-1  3m SW
[25Sep2026 01:02:56.836] [Server thread/INFO] [ai.minecivilization.events.ModEvents/]: [Colony]   Sam          LUMBERJACK  Working   CRAFT wooden sword x1  at -14,73,37  39m N
[25Sep2026 01:02:56.836] [Server thread/INFO] [ai.minecivilization.events.ModEvents/]: [Colony]   Jonas        MINER       Stuck     GATHER oak log x1 @39,76,23 at 31,73,19  36m NW  ! Not moving
[25Sep2026 01:02:56.836] [Server thread/INFO] [ai.minecivilization.events.ModEvents/]: [Colony]   Tomas        FARMER      Working   CRAFT chest x2         at 1,67,-1  3m SW
[25Sep2026 01:02:56.836] [Server thread/INFO] [ai.minecivilization.events.ModEvents/]: [Colony]   Mila         BUILDER     Exploring EXPLORE x1             at -1,67,-4  5m S
[25Sep2026 01:02:56.836] [Server thread/INFO] [ai.minecivilization.events.ModEvents/]: [Colony] Citizen Hugo [FARMER]  Stuck
[25Sep2026 01:02:56.836] [Server thread/INFO] [ai.minecivilization.events.ModEvents/]: [Colony]   Goal:        INCREASE_RESOURCE oak log x1 — Colony maintenance
[25Sep2026 01:02:56.836] [Server thread/INFO] [ai.minecivilization.events.ModEvents/]: [Colony]   Task:        GATHER oak log x1 @39,76,23
[25Sep2026 01:02:56.836] [Server thread/INFO] [ai.minecivilization.events.ModEvents/]: [Colony]   Doing:       TRAVERSE STEP_UP 1/9
[25Sep2026 01:02:56.836] [Server thread/INFO] [ai.minecivilization.events.ModEvents/]: [Colony]   Priority:    resources
[25Sep2026 01:02:56.836] [Server thread/INFO] [ai.minecivilization.events.ModEvents/]: [Colony]   Position:    X=31 Y=73 Z=19
[25Sep2026 01:02:56.836] [Server thread/INFO] [ai.minecivilization.events.ModEvents/]: [Colony]   Destination: X=39 Y=76 Z=23
[25Sep2026 01:02:56.836] [Server thread/INFO] [ai.minecivilization.events.ModEvents/]: [Colony]   Colony:      X=0 Y=70 Z=0  (36m NW)
[25Sep2026 01:02:56.836] [Server thread/INFO] [ai.minecivilization.events.ModEvents/]: [Colony]   Condition:   health 40  hunger 51  energy 100
[25Sep2026 01:02:56.836] [Server thread/INFO] [ai.minecivilization.events.ModEvents/]: [Colony]   Because:     Use a resource location already discovered nearby
[25Sep2026 01:02:56.836] [Server thread/INFO] [ai.minecivilization.events.ModEvents/]: [Colony]   Problem:     Not moving (53s)
[25Sep2026 01:02:56.836] [Server thread/INFO] [ai.minecivilization.events.ModEvents/]: [Colony]   Completed:   0 task(s)   failures 0   cognition idle
[25Sep2026 01:02:56.836] [Server thread/INFO] [ai.minecivilization.events.ModEvents/]: [Colony]   Carrying:    {}
[25Sep2026 01:02:56.836] [Server thread/INFO] [ai.minecivilization.events.ModEvents/]: [Colony] Citizen Lena [CRAFTER]  Stuck
[25Sep2026 01:02:56.836] [Server thread/INFO] [ai.minecivilization.events.ModEvents/]: [Colony]   Goal:        EXPLORE x1 — exploration: survey the land around the colony
[25Sep2026 01:02:56.836] [Server thread/INFO] [ai.minecivilization.events.ModEvents/]: [Colony]   Task:        EXPLORE x1
[25Sep2026 01:02:56.837] [Server thread/INFO] [ai.minecivilization.events.ModEvents/]: [Colony]   Doing:       EXPLORE exploring toward 90,33 (99m, 0 found)
[25Sep2026 01:02:56.837] [Server thread/INFO] [ai.minecivilization.events.ModEvents/]: [Colony]   Priority:    exploration
[25Sep2026 01:02:56.837] [Server thread/INFO] [ai.minecivilization.events.ModEvents/]: [Colony]   Position:    X=-3 Y=74 Z=-1
[25Sep2026 01:02:56.837] [Server thread/INFO] [ai.minecivilization.events.ModEvents/]: [Colony]   Colony:      X=0 Y=70 Z=0  (5m E)
[25Sep2026 01:02:56.837] [Server thread/INFO] [ai.minecivilization.events.ModEvents/]: [Colony]   Condition:   health 39  hunger 51  energy 100
[25Sep2026 01:02:56.837] [Server thread/INFO] [ai.minecivilization.events.ModEvents/]: [Colony]   Because:     survey the land around the colony
[25Sep2026 01:02:56.837] [Server thread/INFO] [ai.minecivilization.events.ModEvents/]: [Colony]   Problem:     Not moving (92s)
[25Sep2026 01:02:56.837] [Server thread/INFO] [ai.minecivilization.events.ModEvents/]: [Colony]   Completed:   0 task(s)   failures 2   cognition idle
[25Sep2026 01:02:56.837] [Server thread/INFO] [ai.minecivilization.events.ModEvents/]: [Colony]   Carrying:    {minecraft:dirt=13}
[25Sep2026 01:02:56.837] [Server thread/INFO] [ai.minecivilization.events.ModEvents/]: [Colony] Citizen Jonas [MINER]  Stuck
[25Sep2026 01:02:56.837] [Server thread/INFO] [ai.minecivilization.events.ModEvents/]: [Colony]   Goal:        INCREASE_RESOURCE oak log x1 — Colony maintenance
[25Sep2026 01:02:56.837] [Server thread/INFO] [ai.minecivilization.events.ModEvents/]: [Colony]   Task:        GATHER oak log x1 @39,76,23
[25Sep2026 01:02:56.837] [Server thread/INFO] [ai.minecivilization.events.ModEvents/]: [Colony]   Doing:       MOVE_TO making a way to 39,76,23
[25Sep2026 01:02:56.837] [Server thread/INFO] [ai.minecivilization.events.ModEvents/]: [Colony]   Priority:    resources
[25Sep2026 01:02:56.837] [Server thread/INFO] [ai.minecivilization.events.ModEvents/]: [Colony]   Position:    X=31 Y=73 Z=19
[25Sep2026 01:02:56.837] [Server thread/INFO] [ai.minecivilization.events.ModEvents/]: [Colony]   Destination: X=39 Y=76 Z=23
[25Sep2026 01:02:56.837] [Server thread/INFO] [ai.minecivilization.events.ModEvents/]: [Colony]   Colony:      X=0 Y=70 Z=0  (36m NW)
[25Sep2026 01:02:56.837] [Server thread/INFO] [ai.minecivilization.events.ModEvents/]: [Colony]   Condition:   health 40  hunger 52  energy 100
[25Sep2026 01:02:56.837] [Server thread/INFO] [ai.minecivilization.events.ModEvents/]: [Colony]   Because:     Use a resource location already discovered nearby
[25Sep2026 01:02:56.837] [Server thread/INFO] [ai.minecivilization.events.ModEvents/]: [Colony]   Problem:     Not moving (94s)
[25Sep2026 01:02:56.837] [Server thread/INFO] [ai.minecivilization.events.ModEvents/]: [Colony]   Last done:   EXPLORE
[25Sep2026 01:02:56.837] [Server thread/INFO] [ai.minecivilization.events.ModEvents/]: [Colony]   Completed:   1 task(s)   failures 1   cognition idle
[25Sep2026 01:02:56.837] [Server thread/INFO] [ai.minecivilization.events.ModEvents/]: [Colony]   Carrying:    {}
[25Sep2026 01:02:56.882] [Server thread/INFO] [ai.minecivilization.citizen.CitizenBrain/]: [Citizen Noor · builder] Goal completed: BUILD_PROJECT minecraft:furnace x1
[25Sep2026 01:02:56.981] [Server thread/INFO] [ai.minecivilization.citizen.CitizenBrain/]: [Citizen Noor · builder] Goal assigned: CRAFT_ITEM minecraft:wooden_sword x1 (ready in hand)
[25Sep2026 01:02:57.031] [Server thread/DEBUG] [ai.minecivilization.citizen.CitizenBrain/]: [Citizen Noor · builder] starts CRAFT minecraft:wooden_sword
[25Sep2026 01:02:58.432] [Server thread/INFO] [ai.minecivilization.citizen.CitizenBrain/]: [Citizen Ravi · shepherd] task CRAFT failed: TARGET_NOT_FOUND: No reachable minecraft:oak_log (or any substitute) within 48 blocks. (recoverable)
[25Sep2026 01:02:58.481] [Server thread/INFO] [ai.minecivilization.citizen.CitizenBrain/]: [Citizen Ravi · shepherd] Goal assigned: INCREASE_RESOURCE minecraft:oak_log x16 (ready in hand)
[25Sep2026 01:02:59.531] [Server thread/INFO] [ai.minecivilization.citizen.CitizenBrain/]: [Citizen Zoe · miner] dropped GATHER after NOT_MOVING — taking different work
[25Sep2026 01:02:59.531] [Server thread/DEBUG] [ai.minecivilization.citizen.CitizenBrain/]: [Cognition] Zoe · miner queued priority=NORMAL reason=no_goal
[25Sep2026 01:02:59.582] [Server thread/INFO] [ai.minecivilization.citizen.CitizenBrain/]: [Citizen Zoe · miner] Goal assigned: INCREASE_RESOURCE minecraft:oak_log x16
[25Sep2026 01:02:59.630] [Server thread/DEBUG] [ai.minecivilization.citizen.CitizenBrain/]: [Citizen Zoe · miner] starts GATHER minecraft:oak_log
[25Sep2026 01:03:00.032] [Server thread/INFO] [ai.minecivilization.citizen.CitizenBrain/]: [Citizen Tomas · farmer] task CRAFT failed: TARGET_UNREACHABLE: Could not reach target after 6 repaths. (recoverable)
[25Sep2026 01:03:00.033] [Server thread/INFO] [ai.minecivilization.citizen.CitizenBrain/]: [Citizen Tomas · farmer] goal disengaged after 3 failures
[25Sep2026 01:03:00.033] [Server thread/DEBUG] [ai.minecivilization.citizen.CitizenBrain/]: [Cognition] Tomas · farmer queued priority=HIGH reason=task_failed
[25Sep2026 01:03:00.082] [Server thread/INFO] [ai.minecivilization.citizen.CitizenBrain/]: [Citizen Tomas · farmer] Goal assigned: CRAFT_ITEM minecraft:chest x2 (ready in hand)
[25Sep2026 01:03:00.432] [Server thread/INFO] [ai.minecivilization.citizen.CitizenBrain/]: [Citizen Ravi · shepherd] task GATHER failed: TARGET_NOT_FOUND: No reachable minecraft:oak_log (or any substitute) within 48 blocks. (recoverable)
[25Sep2026 01:03:00.485] [Server thread/INFO] [ai.minecivilization.citizen.CitizenBrain/]: [Citizen Ravi · shepherd] Goal assigned: INCREASE_RESOURCE minecraft:torch x16 (ready in hand)
[25Sep2026 01:03:00.831] [Server thread/INFO] [ai.minecivilization.citizen.CitizenBrain/]: [Citizen Noor · builder] task CRAFT failed: TARGET_NOT_FOUND: No reachable minecraft:acacia_log (or any substitute) within 48 blocks. (recoverable)
[25Sep2026 01:03:00.881] [Server thread/INFO] [ai.minecivilization.citizen.CitizenBrain/]: [Citizen Noor · builder] Goal assigned: INCREASE_RESOURCE minecraft:oak_log x16 (ready in hand)
[25Sep2026 01:03:02.831] [Server thread/INFO] [ai.minecivilization.citizen.CitizenBrain/]: [Citizen Noor · builder] task GATHER failed: TARGET_NOT_FOUND: No reachable minecraft:oak_log (or any substitute) within 48 blocks. (recoverable)
[25Sep2026 01:03:02.881] [Server thread/INFO] [ai.minecivilization.citizen.CitizenBrain/]: [Citizen Noor · builder] Goal assigned: CRAFT_ITEM minecraft:chest x1 (ready in hand)
[25Sep2026 01:03:04.332] [Server thread/INFO] [ai.minecivilization.citizen.CitizenBrain/]: [Citizen Ravi · shepherd] task CRAFT failed: TARGET_NOT_FOUND: No reachable minecraft:acacia_log (or any substitute) within 48 blocks. (recoverable)
[25Sep2026 01:03:04.381] [Server thread/INFO] [ai.minecivilization.citizen.CitizenBrain/]: [Citizen Ravi · shepherd] Goal assigned: INCREASE_RESOURCE minecraft:oak_log x16 (ready in hand)
[25Sep2026 01:03:05.732] [Server thread/INFO] [ai.minecivilization.citizen.CitizenBrain/]: [Citizen Tomas · farmer] task CRAFT failed: TARGET_UNREACHABLE: Could not reach target after 6 repaths. (recoverable)
[25Sep2026 01:03:06.332] [Server thread/INFO] [ai.minecivilization.citizen.CitizenBrain/]: [Citizen Ravi · shepherd] task GATHER failed: TARGET_NOT_FOUND: No reachable minecraft:oak_log (or any substitute) within 48 blocks. (recoverable)
[25Sep2026 01:03:06.381] [Server thread/INFO] [ai.minecivilization.citizen.CitizenBrain/]: [Citizen Ravi · shepherd] Goal assigned: INCREASE_RESOURCE minecraft:oak_log x16 (ready in hand)
[25Sep2026 01:03:06.731] [Server thread/INFO] [ai.minecivilization.citizen.CitizenBrain/]: [Citizen Noor · builder] task CRAFT failed: TARGET_NOT_FOUND: No reachable minecraft:acacia_log (or any substitute) within 48 blocks. (recoverable)
[25Sep2026 01:03:06.781] [Server thread/INFO] [ai.minecivilization.citizen.CitizenBrain/]: [Citizen Noor · builder] Goal assigned: INCREASE_RESOURCE minecraft:oak_log x16 (ready in hand)
[25Sep2026 01:03:08.341] [Server thread/INFO] [ai.minecivilization.citizen.CitizenBrain/]: [Citizen Ravi · shepherd] task GATHER failed: TARGET_NOT_FOUND: No reachable minecraft:oak_log (or any substitute) within 48 blocks. (recoverable)
[25Sep2026 01:03:08.382] [Server thread/INFO] [ai.minecivilization.citizen.CitizenBrain/]: [Citizen Ravi · shepherd] Goal assigned: CRAFT_ITEM minecraft:chest x1 (ready in hand)
[25Sep2026 01:03:08.731] [Server thread/INFO] [ai.minecivilization.citizen.CitizenBrain/]: [Citizen Noor · builder] task GATHER failed: TARGET_NOT_FOUND: No reachable minecraft:oak_log (or any substitute) within 48 blocks. (recoverable)
[25Sep2026 01:03:08.781] [Server thread/INFO] [ai.minecivilization.citizen.CitizenBrain/]: [Citizen Noor · builder] Goal assigned: INCREASE_RESOURCE minecraft:torch x16 (ready in hand)
[25Sep2026 01:03:11.232] [Server thread/INFO] [ai.minecivilization.citizen.CitizenBrain/]: [Citizen Tomas · farmer] task CRAFT failed: TARGET_UNREACHABLE: Could not reach target after 6 repaths. (recoverable)
[25Sep2026 01:03:11.233] [Server thread/DEBUG] [ai.minecivilization.citizen.CitizenBrain/]: [Cognition] Tomas · farmer queued priority=HIGH reason=task_failed
[25Sep2026 01:03:12.232] [Server thread/INFO] [ai.minecivilization.citizen.CitizenBrain/]: [Citizen Ravi · shepherd] task CRAFT failed: TARGET_NOT_FOUND: No reachable minecraft:acacia_log (or any substitute) within 48 blocks. (recoverable)
[25Sep2026 01:03:12.281] [Server thread/INFO] [ai.minecivilization.citizen.CitizenBrain/]: [Citizen Ravi · shepherd] Goal assigned: INCREASE_RESOURCE minecraft:oak_log x16 (ready in hand)
[25Sep2026 01:03:12.631] [Server thread/INFO] [ai.minecivilization.citizen.CitizenBrain/]: [Citizen Noor · builder] task CRAFT failed: TARGET_NOT_FOUND: No reachable minecraft:acacia_log (or any substitute) within 48 blocks. (recoverable)
[25Sep2026 01:03:12.681] [Server thread/INFO] [ai.minecivilization.citizen.CitizenBrain/]: [Citizen Noor · builder] Goal assigned: INCREASE_RESOURCE minecraft:oak_log x16 (ready in hand)
[25Sep2026 01:03:14.230] [Server thread/INFO] [ai.minecivilization.citizen.CitizenBrain/]: [Citizen Hugo · farmer] task GATHER failed: TARGET_UNREACHABLE: Could not reach target after 6 repaths. (recoverable)
[25Sep2026 01:03:14.232] [Server thread/INFO] [ai.minecivilization.citizen.CitizenBrain/]: [Citizen Ravi · shepherd] task GATHER failed: TARGET_NOT_FOUND: No reachable minecraft:oak_log (or any substitute) within 48 blocks. (recoverable)
[25Sep2026 01:03:14.285] [Server thread/INFO] [ai.minecivilization.citizen.CitizenBrain/]: [Citizen Ravi · shepherd] Goal assigned: INCREASE_RESOURCE (ready in hand)
[25Sep2026 01:03:14.382] [Server thread/INFO] [ai.minecivilization.citizen.CitizenBrain/]: [Citizen Ravi · shepherd] task BUILD failed: MISSING_RESOURCE: need minecraft:chest for Civic centre marker db920766 (recoverable)
[25Sep2026 01:03:14.533] [Server thread/INFO] [ai.minecivilization.citizen.CitizenBrain/]: [Citizen Ravi · shepherd] Goal assigned: INCREASE_RESOURCE minecraft:wooden_hoe x1 (ready in hand)
[25Sep2026 01:03:14.631] [Server thread/INFO] [ai.minecivilization.citizen.CitizenBrain/]: [Citizen Noor · builder] task GATHER failed: TARGET_NOT_FOUND: No reachable minecraft:oak_log (or any substitute) within 48 blocks. (recoverable)
[25Sep2026 01:03:14.681] [Server thread/INFO] [ai.minecivilization.citizen.CitizenBrain/]: [Citizen Noor · builder] Goal assigned: INCREASE_RESOURCE minecraft:oak_log x16 (ready in hand)
[25Sep2026 01:03:16.631] [Server thread/INFO] [ai.minecivilization.citizen.CitizenBrain/]: [Citizen Noor · builder] task GATHER failed: TARGET_NOT_FOUND: No reachable minecraft:oak_log (or any substitute) within 48 blocks. (recoverable)
[25Sep2026 01:03:16.681] [Server thread/INFO] [ai.minecivilization.citizen.CitizenBrain/]: [Citizen Noor · builder] Goal assigned: INCREASE_RESOURCE (ready in hand)
[25Sep2026 01:03:16.731] [Server thread/INFO] [ai.minecivilization.citizen.CitizenBrain/]: [Citizen Tomas · farmer] task CRAFT failed: TARGET_UNREACHABLE: Could not reach target after 6 repaths. (recoverable)
[25Sep2026 01:03:16.732] [Server thread/INFO] [ai.minecivilization.citizen.CitizenBrain/]: [Citizen Tomas · farmer] goal disengaged after 3 failures
[25Sep2026 01:03:16.732] [Server thread/DEBUG] [ai.minecivilization.citizen.CitizenBrain/]: [Cognition] Tomas · farmer queued priority=HIGH reason=task_failed
[25Sep2026 01:03:16.781] [Server thread/INFO] [ai.minecivilization.citizen.CitizenBrain/]: [Citizen Noor · builder] task BUILD failed: MISSING_RESOURCE: need minecraft:chest for Civic centre marker db920766 (recoverable)
[25Sep2026 01:03:16.782] [Server thread/INFO] [ai.minecivilization.citizen.CitizenBrain/]: [Citizen Tomas · farmer] Goal assigned: CRAFT_ITEM minecraft:chest x2 (ready in hand)
[25Sep2026 01:03:16.931] [Server thread/INFO] [ai.minecivilization.citizen.CitizenBrain/]: [Citizen Noor · builder] Goal assigned: INCREASE_RESOURCE minecraft:oak_log x1 (ready in hand)
[25Sep2026 01:03:18.381] [Server thread/INFO] [ai.minecivilization.citizen.CitizenBrain/]: [Citizen Ravi · shepherd] task CRAFT failed: TARGET_NOT_FOUND: No reachable minecraft:acacia_log (or any substitute) within 48 blocks. (recoverable)
[25Sep2026 01:03:18.430] [Server thread/INFO] [ai.minecivilization.citizen.CitizenBrain/]: [Citizen Ravi · shepherd] Goal assigned: INCREASE_RESOURCE minecraft:oak_log x16 (ready in hand)
[25Sep2026 01:03:19.381] [Server thread/INFO] [ai.minecivilization.citizen.CitizenBrain/]: [Citizen Lena · crafter] task EXPLORE keeps failing (TARGET_UNREACHABLE) — further repeats will not be logged
[25Sep2026 01:03:19.381] [Server thread/INFO] [ai.minecivilization.citizen.CitizenBrain/]: [Citizen Lena · crafter] goal disengaged after 3 failures
[25Sep2026 01:03:19.382] [Server thread/DEBUG] [ai.minecivilization.citizen.CitizenBrain/]: [Cognition] Lena · crafter queued priority=HIGH reason=task_failed
[25Sep2026 01:03:19.431] [Server thread/INFO] [ai.minecivilization.citizen.CitizenBrain/]: [Citizen Lena · crafter] dropped nothing after REPEATED_FAILURE — taking different work
[25Sep2026 01:03:19.432] [Server thread/INFO] [ai.minecivilization.citizen.CitizenBrain/]: [Citizen Lena · crafter] Goal assigned: IDLE
[25Sep2026 01:03:19.481] [Server thread/DEBUG] [ai.minecivilization.citizen.CitizenBrain/]: [Citizen Lena · crafter] starts REST
[25Sep2026 01:03:20.331] [Server thread/INFO] [ai.minecivilization.citizen.CitizenBrain/]: [Citizen Jonas · miner] dropped GATHER after NOT_MOVING — taking different work
[25Sep2026 01:03:20.332] [Server thread/DEBUG] [ai.minecivilization.citizen.CitizenBrain/]: [Cognition] Jonas · miner queued priority=NORMAL reason=no_goal
[25Sep2026 01:03:20.381] [Server thread/INFO] [ai.minecivilization.citizen.CitizenBrain/]: [Citizen Ravi · shepherd] task GATHER failed: TARGET_NOT_FOUND: No reachable minecraft:oak_log (or any substitute) within 48 blocks. (recoverable)
[25Sep2026 01:03:20.382] [Server thread/INFO] [ai.minecivilization.citizen.CitizenBrain/]: [Citizen Jonas · miner] Goal assigned: INCREASE_RESOURCE minecraft:oak_log x16
[25Sep2026 01:03:20.435] [Server thread/INFO] [ai.minecivilization.citizen.CitizenBrain/]: [Citizen Ravi · shepherd] Goal assigned: INCREASE_RESOURCE minecraft:cobblestone x16 (ready in hand)
[25Sep2026 01:03:20.435] [Server thread/DEBUG] [ai.minecivilization.citizen.CitizenBrain/]: [Citizen Jonas · miner] starts GATHER minecraft:oak_log
[25Sep2026 01:03:20.531] [Server thread/INFO] [ai.minecivilization.citizen.CitizenBrain/]: [Citizen Ravi · shepherd] completed GATHER minecraft:cobblestone
[25Sep2026 01:03:20.581] [Server thread/INFO] [ai.minecivilization.citizen.CitizenBrain/]: [Citizen Ravi · shepherd] Goal completed: INCREASE_RESOURCE minecraft:cobblestone x16
[25Sep2026 01:03:20.681] [Server thread/INFO] [ai.minecivilization.citizen.CitizenBrain/]: [Citizen Ravi · shepherd] Goal assigned: CRAFT_ITEM minecraft:chest x1 (ready in hand)
[25Sep2026 01:03:20.682] [Server thread/INFO] [ai.minecivilization.citizen.CitizenBrain/]: [Citizen Mila · builder] task EXPLORE failed: TARGET_UNREACHABLE: Could not reach target after 6 repaths. (recoverable)
[25Sep2026 01:03:20.683] [Server thread/DEBUG] [ai.minecivilization.citizen.CitizenBrain/]: [Cognition] Mila · builder queued priority=HIGH reason=task_failed
[25Sep2026 01:03:20.731] [Server thread/DEBUG] [ai.minecivilization.citizen.CitizenBrain/]: [Citizen Ravi · shepherd] starts CRAFT minecraft:chest
[25Sep2026 01:03:21.031] [Server thread/INFO] [ai.minecivilization.citizen.CitizenBrain/]: [Citizen Lena · crafter] completed REST
[25Sep2026 01:03:21.080] [Server thread/INFO] [ai.minecivilization.citizen.CitizenBrain/]: [Citizen Lena · crafter] Goal completed: IDLE
[25Sep2026 01:03:21.131] [Server thread/INFO] [ai.minecivilization.citizen.CitizenBrain/]: [Citizen Lena · crafter] Goal assigned: CRAFT_ITEM minecraft:crafting_table x1 (ready in hand)
[25Sep2026 01:03:21.181] [Server thread/DEBUG] [ai.minecivilization.citizen.CitizenBrain/]: [Citizen Lena · crafter] starts CRAFT minecraft:crafting_table
[25Sep2026 01:03:22.332] [Server thread/INFO] [ai.minecivilization.citizen.CitizenBrain/]: [Citizen Jonas · miner] task GATHER failed: TARGET_NOT_FOUND: No reachable minecraft:oak_log (or any substitute) within 48 blocks. (recoverable)
[25Sep2026 01:03:22.382] [Server thread/INFO] [ai.minecivilization.citizen.CitizenBrain/]: [Citizen Jonas · miner] Goal assigned: CRAFT_ITEM minecraft:wooden_sword x1 (ready in hand)
[25Sep2026 01:03:22.432] [Server thread/INFO] [ai.minecivilization.citizen.CitizenBrain/]: [Citizen Tomas · farmer] task CRAFT failed: TARGET_UNREACHABLE: Could not reach target after 6 repaths. (recoverable)
[25Sep2026 01:03:24.531] [Server thread/INFO] [ai.minecivilization.citizen.CitizenBrain/]: [Citizen Ravi · shepherd] task CRAFT failed: TARGET_NOT_FOUND: No reachable minecraft:acacia_log (or any substitute) within 48 blocks. (recoverable)
[25Sep2026 01:03:24.581] [Server thread/INFO] [ai.minecivilization.citizen.CitizenBrain/]: [Citizen Ravi · shepherd] Goal assigned: INCREASE_RESOURCE minecraft:oak_log x16 (ready in hand)
[25Sep2026 01:03:26.232] [Server thread/INFO] [ai.minecivilization.citizen.CitizenBrain/]: [Citizen Jonas · miner] task CRAFT failed: TARGET_NOT_FOUND: No reachable minecraft:acacia_log (or any substitute) within 48 blocks. (recoverable)
[25Sep2026 01:03:26.282] [Server thread/INFO] [ai.minecivilization.citizen.CitizenBrain/]: [Citizen Jonas · miner] Goal assigned: INCREASE_RESOURCE minecraft:oak_log x16 (ready in hand)
[25Sep2026 01:03:26.531] [Server thread/INFO] [ai.minecivilization.citizen.CitizenBrain/]: [Citizen Ravi · shepherd] task GATHER failed: TARGET_NOT_FOUND: No reachable minecraft:oak_log (or any substitute) within 48 blocks. (recoverable)
[25Sep2026 01:03:26.581] [Server thread/INFO] [ai.minecivilization.citizen.CitizenBrain/]: [Citizen Ravi · shepherd] Goal assigned: INCREASE_RESOURCE minecraft:oak_log x16 (ready in hand)
[25Sep2026 01:03:27.932] [Server thread/INFO] [ai.minecivilization.citizen.CitizenBrain/]: [Citizen Tomas · farmer] task CRAFT failed: TARGET_UNREACHABLE: Could not reach target after 6 repaths. (recoverable)
[25Sep2026 01:03:27.933] [Server thread/DEBUG] [ai.minecivilization.citizen.CitizenBrain/]: [Cognition] Tomas · farmer queued priority=HIGH reason=task_failed
[25Sep2026 01:03:28.232] [Server thread/INFO] [ai.minecivilization.citizen.CitizenBrain/]: [Citizen Jonas · miner] task GATHER failed: TARGET_NOT_FOUND: No reachable minecraft:oak_log (or any substitute) within 48 blocks. (recoverable)
[25Sep2026 01:03:28.282] [Server thread/INFO] [ai.minecivilization.citizen.CitizenBrain/]: [Citizen Jonas · miner] Goal assigned: INCREASE_RESOURCE minecraft:cobblestone x32 (ready in hand)
[25Sep2026 01:03:28.533] [Server thread/INFO] [ai.minecivilization.citizen.CitizenBrain/]: [Citizen Ravi · shepherd] task GATHER failed: TARGET_NOT_FOUND: No reachable minecraft:oak_log (or any substitute) within 48 blocks. (recoverable)
[25Sep2026 01:03:28.581] [Server thread/INFO] [ai.minecivilization.citizen.CitizenBrain/]: [Citizen Ravi · shepherd] Goal assigned: CRAFT_ITEM minecraft:shears x1 (ready in hand)
[25Sep2026 01:03:29.681] [Server thread/INFO] [ai.minecivilization.citizen.CitizenBrain/]: [Citizen Zoe · miner] dropped GATHER after NOT_MOVING — taking different work
[25Sep2026 01:03:29.682] [Server thread/DEBUG] [ai.minecivilization.citizen.CitizenBrain/]: [Cognition] Zoe · miner queued priority=NORMAL reason=no_goal
[25Sep2026 01:03:29.747] [Server thread/INFO] [ai.minecivilization.citizen.CitizenBrain/]: [Citizen Zoe · miner] Goal assigned: INCREASE_RESOURCE minecraft:oak_log x16
[25Sep2026 01:03:29.781] [Server thread/DEBUG] [ai.minecivilization.citizen.CitizenBrain/]: [Citizen Zoe · miner] starts GATHER minecraft:oak_log
[25Sep2026 01:03:32.431] [Server thread/INFO] [ai.minecivilization.citizen.CitizenBrain/]: [Citizen Ravi · shepherd] task CRAFT failed: TARGET_NOT_FOUND: No reachable minecraft:deepslate_iron_ore (or any substitute) within 48 blocks. (recoverable)
[25Sep2026 01:03:32.480] [Server thread/INFO] [ai.minecivilization.citizen.CitizenBrain/]: [Citizen Ravi · shepherd] Goal assigned: INCREASE_RESOURCE minecraft:oak_log x16 (ready in hand)
[25Sep2026 01:03:33.431] [Server thread/INFO] [ai.minecivilization.citizen.CitizenBrain/]: [Citizen Tomas · farmer] task CRAFT failed: TARGET_UNREACHABLE: Could not reach target after 6 repaths. (recoverable)
[25Sep2026 01:03:33.432] [Server thread/INFO] [ai.minecivilization.citizen.CitizenBrain/]: [Citizen Tomas · farmer] goal disengaged after 3 failures
[25Sep2026 01:03:33.432] [Server thread/DEBUG] [ai.minecivilization.citizen.CitizenBrain/]: [Cognition] Tomas · farmer queued priority=HIGH reason=task_failed
[25Sep2026 01:03:33.481] [Server thread/INFO] [ai.minecivilization.citizen.CitizenBrain/]: [Citizen Tomas · farmer] Goal assigned: CRAFT_ITEM minecraft:chest x2 (ready in hand)
[25Sep2026 01:03:34.431] [Server thread/INFO] [ai.minecivilization.citizen.CitizenBrain/]: [Citizen Ravi · shepherd] task GATHER failed: TARGET_NOT_FOUND: No reachable minecraft:oak_log (or any substitute) within 48 blocks. (recoverable)
[25Sep2026 01:03:34.481] [Server thread/INFO] [ai.minecivilization.citizen.CitizenBrain/]: [Citizen Ravi · shepherd] Goal assigned: CRAFT_ITEM minecraft:oak_stairs x32 (ready in hand)
[25Sep2026 01:03:38.331] [Server thread/INFO] [ai.minecivilization.citizen.CitizenBrain/]: [Citizen Ravi · shepherd] task CRAFT failed: TARGET_NOT_FOUND: No reachable minecraft:oak_log (or any substitute) within 48 blocks. (recoverable)
[25Sep2026 01:03:38.380] [Server thread/INFO] [ai.minecivilization.citizen.CitizenBrain/]: [Citizen Ravi · shepherd] Goal assigned: INCREASE_RESOURCE minecraft:oak_log x16 (ready in hand)
[25Sep2026 01:03:39.131] [Server thread/INFO] [ai.minecivilization.citizen.CitizenBrain/]: [Citizen Tomas · farmer] task CRAFT failed: TARGET_UNREACHABLE: Could not reach target after 6 repaths. (recoverable)
[25Sep2026 01:03:40.331] [Server thread/INFO] [ai.minecivilization.citizen.CitizenBrain/]: [Citizen Ravi · shepherd] task GATHER failed: TARGET_NOT_FOUND: No reachable minecraft:oak_log (or any substitute) within 48 blocks. (recoverable)
[25Sep2026 01:03:40.382] [Server thread/INFO] [ai.minecivilization.citizen.CitizenBrain/]: [Citizen Ravi · shepherd] Goal assigned: EXPLORE x1 (ready in hand)
[25Sep2026 01:03:42.031] [Server thread/INFO] [ai.minecivilization.citizen.CitizenBrain/]: [Citizen Ravi · shepherd] task EXPLORE failed: TARGET_UNREACHABLE: Could not reach target after 6 repaths. (recoverable)
[25Sep2026 01:03:42.980] [Server thread/INFO] [ai.minecivilization.citizen.CitizenBrain/]: [Citizen Ravi · shepherd] task EXPLORE failed: TARGET_UNREACHABLE: Could not reach target after 6 repaths. (recoverable)
[25Sep2026 01:03:43.930] [Server thread/INFO] [ai.minecivilization.citizen.CitizenBrain/]: [Citizen Ravi · shepherd] task EXPLORE keeps failing (TARGET_UNREACHABLE) — further repeats will not be logged
[25Sep2026 01:03:43.931] [Server thread/INFO] [ai.minecivilization.citizen.CitizenBrain/]: [Citizen Ravi · shepherd] goal disengaged after 3 failures
[25Sep2026 01:03:43.980] [Server thread/INFO] [ai.minecivilization.citizen.CitizenBrain/]: [Citizen Ravi · shepherd] dropped nothing after REPEATED_FAILURE — taking different work
[25Sep2026 01:03:43.982] [Server thread/INFO] [ai.minecivilization.citizen.CitizenBrain/]: [Citizen Ravi · shepherd] Goal assigned: INCREASE_RESOURCE minecraft:cobblestone x16 (ready in hand)
[25Sep2026 01:03:44.030] [Server thread/DEBUG] [ai.minecivilization.citizen.CitizenBrain/]: [Citizen Ravi · shepherd] starts GATHER minecraft:cobblestone
[25Sep2026 01:03:44.080] [Server thread/INFO] [ai.minecivilization.citizen.CitizenBrain/]: [Citizen Ravi · shepherd] completed GATHER minecraft:cobblestone
[25Sep2026 01:03:44.130] [Server thread/INFO] [ai.minecivilization.citizen.CitizenBrain/]: [Citizen Ravi · shepherd] Goal completed: INCREASE_RESOURCE minecraft:cobblestone x16
[25Sep2026 01:03:44.231] [Server thread/INFO] [ai.minecivilization.citizen.CitizenBrain/]: [Citizen Ravi · shepherd] Goal assigned: EXPLORE x1 (ready in hand)
[25Sep2026 01:03:44.280] [Server thread/DEBUG] [ai.minecivilization.citizen.CitizenBrain/]: [Citizen Ravi · shepherd] starts EXPLORE
[25Sep2026 01:03:44.631] [Server thread/INFO] [ai.minecivilization.citizen.CitizenBrain/]: [Citizen Tomas · farmer] task CRAFT failed: TARGET_UNREACHABLE: Could not reach target after 6 repaths. (recoverable)
[25Sep2026 01:03:44.631] [Server thread/DEBUG] [ai.minecivilization.citizen.CitizenBrain/]: [Cognition] Tomas · farmer queued priority=HIGH reason=task_failed
[25Sep2026 01:03:45.231] [Server thread/INFO] [ai.minecivilization.citizen.CitizenBrain/]: [Citizen Ravi · shepherd] task EXPLORE failed: TARGET_UNREACHABLE: Could not reach target after 6 repaths. (recoverable)
[25Sep2026 01:03:46.181] [Server thread/INFO] [ai.minecivilization.citizen.CitizenBrain/]: [Citizen Ravi · shepherd] task EXPLORE failed: TARGET_UNREACHABLE: Could not reach target after 6 repaths. (recoverable)
[25Sep2026 01:03:47.131] [Server thread/INFO] [ai.minecivilization.citizen.CitizenBrain/]: [Citizen Ravi · shepherd] task EXPLORE keeps failing (TARGET_UNREACHABLE) — further repeats will not be logged
[25Sep2026 01:03:47.131] [Server thread/INFO] [ai.minecivilization.citizen.CitizenBrain/]: [Citizen Ravi · shepherd] goal disengaged after 3 failures
[25Sep2026 01:03:47.189] [Server thread/INFO] [ai.minecivilization.citizen.CitizenBrain/]: [Citizen Ravi · shepherd] dropped nothing after REPEATED_FAILURE — taking different work
[25Sep2026 01:03:47.190] [Server thread/INFO] [ai.minecivilization.citizen.CitizenBrain/]: [Citizen Ravi · shepherd] Goal assigned: INCREASE_RESOURCE minecraft:dirt x16 (ready in hand)
[25Sep2026 01:03:47.230] [Server thread/DEBUG] [ai.minecivilization.citizen.CitizenBrain/]: [Citizen Ravi · shepherd] starts GATHER minecraft:dirt
[25Sep2026 01:03:47.481] [Server thread/INFO] [ai.minecivilization.citizen.CitizenBrain/]: [Citizen Mila · builder] task EXPLORE keeps failing (TARGET_UNREACHABLE) — further repeats will not be logged
[25Sep2026 01:03:47.481] [Server thread/INFO] [ai.minecivilization.citizen.CitizenBrain/]: [Citizen Mila · builder] goal disengaged after 3 failures
[25Sep2026 01:03:47.482] [Server thread/DEBUG] [ai.minecivilization.citizen.CitizenBrain/]: [Cognition] Mila · builder queued priority=HIGH reason=task_failed
[25Sep2026 01:03:47.531] [Server thread/INFO] [ai.minecivilization.citizen.CitizenBrain/]: [Citizen Mila · builder] dropped nothing after REPEATED_FAILURE — taking different work
[25Sep2026 01:03:47.531] [Server thread/INFO] [ai.minecivilization.citizen.CitizenBrain/]: [Citizen Mila · builder] Goal assigned: IDLE
[25Sep2026 01:03:47.581] [Server thread/DEBUG] [ai.minecivilization.citizen.CitizenBrain/]: [Citizen Mila · builder] starts REST
[25Sep2026 01:03:49.130] [Server thread/INFO] [ai.minecivilization.citizen.CitizenBrain/]: [Citizen Mila · builder] completed REST
[25Sep2026 01:03:49.198] [Server thread/INFO] [ai.minecivilization.citizen.CitizenBrain/]: [Citizen Mila · builder] Goal completed: IDLE
[25Sep2026 01:03:49.231] [Server thread/INFO] [ai.minecivilization.citizen.CitizenBrain/]: [Citizen Mila · builder] Goal assigned: CRAFT_ITEM minecraft:wooden_sword x1 (ready in hand)
[25Sep2026 01:03:49.280] [Server thread/DEBUG] [ai.minecivilization.citizen.CitizenBrain/]: [Citizen Mila · builder] starts CRAFT minecraft:wooden_sword
[25Sep2026 01:03:50.131] [Server thread/INFO] [ai.minecivilization.citizen.CitizenBrain/]: [Citizen Tomas · farmer] task CRAFT failed: TARGET_UNREACHABLE: Could not reach target after 6 repaths. (recoverable)
[25Sep2026 01:03:50.131] [Server thread/INFO] [ai.minecivilization.citizen.CitizenBrain/]: [Citizen Tomas · farmer] goal disengaged after 3 failures
[25Sep2026 01:03:50.131] [Server thread/DEBUG] [ai.minecivilization.citizen.CitizenBrain/]: [Cognition] Tomas · farmer queued priority=HIGH reason=task_failed
[25Sep2026 01:03:50.181] [Server thread/INFO] [ai.minecivilization.citizen.CitizenBrain/]: [Citizen Tomas · farmer] Goal assigned: CRAFT_ITEM minecraft:chest x2 (ready in hand)
[25Sep2026 01:03:53.081] [Server thread/INFO] [ai.minecivilization.citizen.CitizenBrain/]: [Citizen Mila · builder] task CRAFT failed: TARGET_NOT_FOUND: No reachable minecraft:acacia_log (or any substitute) within 48 blocks. (recoverable)
[25Sep2026 01:03:53.131] [Server thread/INFO] [ai.minecivilization.citizen.CitizenBrain/]: [Citizen Mila · builder] Goal assigned: INCREASE_RESOURCE minecraft:oak_log x16 (ready in hand)
[25Sep2026 01:03:55.099] [Server thread/INFO] [ai.minecivilization.citizen.CitizenBrain/]: [Citizen Mila · builder] task GATHER failed: TARGET_NOT_FOUND: No reachable minecraft:oak_log (or any substitute) within 48 blocks. (recoverable)
[25Sep2026 01:03:55.131] [Server thread/INFO] [ai.minecivilization.citizen.CitizenBrain/]: [Citizen Mila · builder] Goal assigned: CRAFT_ITEM minecraft:oak_stairs x32 (ready in hand)
[25Sep2026 01:03:55.831] [Server thread/INFO] [ai.minecivilization.citizen.CitizenBrain/]: [Citizen Tomas · farmer] task CRAFT failed: TARGET_UNREACHABLE: Could not reach target after 6 repaths. (recoverable)
[25Sep2026 01:03:56.833] [Server thread/INFO] [ai.minecivilization.events.ModEvents/]: [Colony] Colony — day 0, 10 citizen(s), 80% busy, 10 building, 3 road(s)
[25Sep2026 01:03:56.833] [Server thread/INFO] [ai.minecivilization.events.ModEvents/]: [Colony] 80% busy — working 8 building 0 exploring 0 returning 0 idle 0 stuck 2 lost 0
[25Sep2026 01:03:56.833] [Server thread/INFO] [ai.minecivilization.events.ModEvents/]: [Colony] time spent (3364s observed, 1% wasted): 35% walking  19% searching  18% making a way  10% exploring  8% crafting  5% mining  2% hauling  2% felling  1% no work
[25Sep2026 01:03:56.833] [Server thread/INFO] [ai.minecivilization.events.ModEvents/]: [Colony] 17 district(s), 0 container(s), 0 bed(s), 0 sign(s), 3 road(s), food 0 — growth: needs 11 beds, has 0
[25Sep2026 01:03:56.833] [Server thread/INFO] [ai.minecivilization.events.ModEvents/]: [Colony]   build Civic centre marker db920766 [WAITING_FOR_RESOURCES] 0% at -7,76,-7  waiting for 2x chest
[25Sep2026 01:03:56.833] [Server thread/INFO] [ai.minecivilization.events.ModEvents/]: [Colony]   build Town Hall [PLANNED] 0% at 1,73,1
[25Sep2026 01:03:56.833] [Server thread/INFO] [ai.minecivilization.events.ModEvents/]: [Colony]   build Oak House 1 [PLANNED] 0% at 7,70,18
[25Sep2026 01:03:56.833] [Server thread/INFO] [ai.minecivilization.events.ModEvents/]: [Colony]   build Warehouse district marker d1c79ed2 [PLANNED] 0% at -27,74,-7
[25Sep2026 01:03:56.833] [Server thread/INFO] [ai.minecivilization.events.ModEvents/]: [Colony]   build Warehouse 1 [PLANNED] 0% at -20,71,0
[25Sep2026 01:03:56.833] [Server thread/INFO] [ai.minecivilization.events.ModEvents/]: [Colony]   build Oak House 2 [PLANNED] 0% at 25,70,18
[25Sep2026 01:03:56.833] [Server thread/INFO] [ai.minecivilization.events.ModEvents/]: [Colony]   build Warehouse 2 [PLANNED] 0% at -32,72,0
[25Sep2026 01:03:56.833] [Server thread/INFO] [ai.minecivilization.events.ModEvents/]: [Colony]   build Oak House 3 [PLANNED] 0% at 43,76,18
[25Sep2026 01:03:56.833] [Server thread/INFO] [ai.minecivilization.events.ModEvents/]: [Colony]   build Oak House 4 [PLANNED] 0% at 61,79,18
[25Sep2026 01:03:56.833] [Server thread/INFO] [ai.minecivilization.events.ModEvents/]: [Colony]   build Oak House 5 [PLANNED] 0% at 79,72,18
[25Sep2026 01:03:56.833] [Server thread/INFO] [ai.minecivilization.events.ModEvents/]: [Colony]   Marie        LUMBERJACK  Working   CRAFT furnace x1       at 31,73,19  36m NW
[25Sep2026 01:03:56.833] [Server thread/INFO] [ai.minecivilization.events.ModEvents/]: [Colony]   Zoe          MINER       Working   GATHER oak log x16     at -48,72,-6  48m E
[25Sep2026 01:03:56.833] [Server thread/INFO] [ai.minecivilization.events.ModEvents/]: [Colony]   Hugo         FARMER      Stuck     GATHER oak log x1 @39,76,23 at 31,73,19  36m NW  ! Not moving
[25Sep2026 01:03:56.833] [Server thread/INFO] [ai.minecivilization.events.ModEvents/]: [Colony]   Noor         BUILDER     Stuck     GATHER oak log x1 @39,76,23 at 31,73,19  36m NW  ! Not moving
[25Sep2026 01:03:56.833] [Server thread/INFO] [ai.minecivilization.events.ModEvents/]: [Colony]   Lena         CRAFTER     Working   CRAFT crafting table x1 at -3,74,-1  5m E
[25Sep2026 01:03:56.833] [Server thread/INFO] [ai.minecivilization.events.ModEvents/]: [Colony]   Ravi         SHEPHERD    Working   GATHER dirt x16        at -1,65,-4  6m S
[25Sep2026 01:03:56.833] [Server thread/INFO] [ai.minecivilization.events.ModEvents/]: [Colony]   Sam          LUMBERJACK  Working   CRAFT wooden sword x1  at -14,73,37  39m N
[25Sep2026 01:03:56.833] [Server thread/INFO] [ai.minecivilization.events.ModEvents/]: [Colony]   Jonas        MINER       Working   GATHER cobblestone x32 at 31,73,19  36m NW
[25Sep2026 01:03:56.833] [Server thread/INFO] [ai.minecivilization.events.ModEvents/]: [Colony]   Tomas        FARMER      Working   CRAFT chest x2         at 1,67,-1  3m SW
[25Sep2026 01:03:56.834] [Server thread/INFO] [ai.minecivilization.events.ModEvents/]: [Colony]   Mila         BUILDER     Working   CRAFT oak stairs x32   at -1,67,-4  5m S
[25Sep2026 01:03:56.834] [Server thread/INFO] [ai.minecivilization.events.ModEvents/]: [Colony] Citizen Hugo [FARMER]  Stuck
[25Sep2026 01:03:56.834] [Server thread/INFO] [ai.minecivilization.events.ModEvents/]: [Colony]   Goal:        INCREASE_RESOURCE oak log x1 — Colony maintenance
[25Sep2026 01:03:56.834] [Server thread/INFO] [ai.minecivilization.events.ModEvents/]: [Colony]   Task:        GATHER oak log x1 @39,76,23
[25Sep2026 01:03:56.834] [Server thread/INFO] [ai.minecivilization.events.ModEvents/]: [Colony]   Doing:       TRAVERSE STEP_UP 1/9
[25Sep2026 01:03:56.834] [Server thread/INFO] [ai.minecivilization.events.ModEvents/]: [Colony]   Priority:    resources
[25Sep2026 01:03:56.834] [Server thread/INFO] [ai.minecivilization.events.ModEvents/]: [Colony]   Position:    X=31 Y=73 Z=19
[25Sep2026 01:03:56.834] [Server thread/INFO] [ai.minecivilization.events.ModEvents/]: [Colony]   Destination: X=39 Y=76 Z=23
[25Sep2026 01:03:56.834] [Server thread/INFO] [ai.minecivilization.events.ModEvents/]: [Colony]   Colony:      X=0 Y=70 Z=0  (36m NW)
[25Sep2026 01:03:56.834] [Server thread/INFO] [ai.minecivilization.events.ModEvents/]: [Colony]   Condition:   health 40  hunger 41  energy 100
[25Sep2026 01:03:56.834] [Server thread/INFO] [ai.minecivilization.events.ModEvents/]: [Colony]   Because:     Use a resource location already discovered nearby
[25Sep2026 01:03:56.834] [Server thread/INFO] [ai.minecivilization.events.ModEvents/]: [Colony]   Problem:     Not moving (113s)
[25Sep2026 01:03:56.834] [Server thread/INFO] [ai.minecivilization.events.ModEvents/]: [Colony]   Completed:   0 task(s)   failures 1   cognition idle
[25Sep2026 01:03:56.834] [Server thread/INFO] [ai.minecivilization.events.ModEvents/]: [Colony]   Carrying:    {}
[25Sep2026 01:03:56.834] [Server thread/INFO] [ai.minecivilization.events.ModEvents/]: [Colony] Citizen Noor [BUILDER]  Stuck
[25Sep2026 01:03:56.834] [Server thread/INFO] [ai.minecivilization.events.ModEvents/]: [Colony]   Goal:        INCREASE_RESOURCE oak log x1 — Colony maintenance
[25Sep2026 01:03:56.834] [Server thread/INFO] [ai.minecivilization.events.ModEvents/]: [Colony]   Task:        GATHER oak log x1 @39,76,23
[25Sep2026 01:03:56.834] [Server thread/INFO] [ai.minecivilization.events.ModEvents/]: [Colony]   Doing:       MOVE_TO making a way to 39,76,23
[25Sep2026 01:03:56.834] [Server thread/INFO] [ai.minecivilization.events.ModEvents/]: [Colony]   Priority:    resources
[25Sep2026 01:03:56.834] [Server thread/INFO] [ai.minecivilization.events.ModEvents/]: [Colony]   Position:    X=31 Y=73 Z=19
[25Sep2026 01:03:56.834] [Server thread/INFO] [ai.minecivilization.events.ModEvents/]: [Colony]   Destination: X=39 Y=76 Z=23
[25Sep2026 01:03:56.834] [Server thread/INFO] [ai.minecivilization.events.ModEvents/]: [Colony]   Colony:      X=0 Y=70 Z=0  (36m NW)
[25Sep2026 01:03:56.834] [Server thread/INFO] [ai.minecivilization.events.ModEvents/]: [Colony]   Condition:   health 40  hunger 42  energy 100
[25Sep2026 01:03:56.834] [Server thread/INFO] [ai.minecivilization.events.ModEvents/]: [Colony]   Because:     Use a resource location already discovered nearby
[25Sep2026 01:03:56.834] [Server thread/INFO] [ai.minecivilization.events.ModEvents/]: [Colony]   Problem:     Not moving (39s)
[25Sep2026 01:03:56.834] [Server thread/INFO] [ai.minecivilization.events.ModEvents/]: [Colony]   Last done:   PLACE minecraft:furnace
[25Sep2026 01:03:56.834] [Server thread/INFO] [ai.minecivilization.events.ModEvents/]: [Colony]   Completed:   3 task(s)   failures 0   cognition idle
[25Sep2026 01:03:56.834] [Server thread/INFO] [ai.minecivilization.events.ModEvents/]: [Colony]   Carrying:    {minecraft:cobblestone=8}
[25Sep2026 01:03:58.982] [Server thread/INFO] [ai.minecivilization.citizen.CitizenBrain/]: [Citizen Mila · builder] task CRAFT failed: TARGET_NOT_FOUND: No reachable minecraft:oak_log (or any substitute) within 48 blocks. (recoverable)
[25Sep2026 01:03:59.031] [Server thread/INFO] [ai.minecivilization.citizen.CitizenBrain/]: [Citizen Mila · builder] Goal assigned: INCREASE_RESOURCE minecraft:oak_log x16 (ready in hand)
[25Sep2026 01:03:59.180] [Server thread/INFO] [ai.minecivilization.citizen.CitizenBrain/]: [Citizen Hugo · farmer] dropped GATHER after NOT_MOVING — taking different work
[25Sep2026 01:03:59.181] [Server thread/DEBUG] [ai.minecivilization.citizen.CitizenBrain/]: [Cognition] Hugo · farmer queued priority=NORMAL reason=no_goal
[25Sep2026 01:03:59.232] [Server thread/INFO] [ai.minecivilization.citizen.CitizenBrain/]: [Citizen Hugo · farmer] Goal assigned: INCREASE_RESOURCE minecraft:oak_log x16
[25Sep2026 01:03:59.280] [Server thread/DEBUG] [ai.minecivilization.citizen.CitizenBrain/]: [Citizen Hugo · farmer] starts GATHER minecraft:oak_log
[25Sep2026 01:03:59.830] [Server thread/INFO] [ai.minecivilization.citizen.CitizenBrain/]: [Citizen Zoe · miner] dropped GATHER after NOT_MOVING — taking different work
[25Sep2026 01:03:59.831] [Server thread/DEBUG] [ai.minecivilization.citizen.CitizenBrain/]: [Cognition] Zoe · miner queued priority=NORMAL reason=no_goal
[25Sep2026 01:03:59.882] [Server thread/INFO] [ai.minecivilization.citizen.CitizenBrain/]: [Citizen Zoe · miner] Goal assigned: INCREASE_RESOURCE minecraft:oak_log x16
[25Sep2026 01:03:59.930] [Server thread/DEBUG] [ai.minecivilization.citizen.CitizenBrain/]: [Citizen Zoe · miner] starts GATHER minecraft:oak_log
[25Sep2026 01:04:01.000] [Server thread/INFO] [ai.minecivilization.citizen.CitizenBrain/]: [Citizen Mila · builder] task GATHER failed: TARGET_NOT_FOUND: No reachable minecraft:oak_log (or any substitute) within 48 blocks. (recoverable)
[25Sep2026 01:04:01.032] [Server thread/INFO] [ai.minecivilization.citizen.CitizenBrain/]: [Citizen Mila · builder] Goal assigned: CRAFT_ITEM minecraft:chest x1 (ready in hand)
[25Sep2026 01:04:01.181] [Server thread/INFO] [ai.minecivilization.citizen.CitizenBrain/]: [Citizen Hugo · farmer] task GATHER failed: TARGET_NOT_FOUND: No reachable minecraft:oak_log (or any substitute) within 48 blocks. (recoverable)
[25Sep2026 01:04:01.230] [Server thread/INFO] [ai.minecivilization.citizen.CitizenBrain/]: [Citizen Hugo · farmer] Goal assigned: CRAFT_ITEM minecraft:wooden_hoe x1 (ready in hand)
[25Sep2026 01:04:01.331] [Server thread/INFO] [ai.minecivilization.citizen.CitizenBrain/]: [Citizen Tomas · farmer] task CRAFT failed: TARGET_UNREACHABLE: Could not reach target after 6 repaths. (recoverable)
[25Sep2026 01:04:01.331] [Server thread/DEBUG] [ai.minecivilization.citizen.CitizenBrain/]: [Cognition] Tomas · farmer queued priority=HIGH reason=task_failed
[25Sep2026 01:04:03.481] [Server thread/INFO] [ai.minecivilization.citizen.CitizenBrain/]: [Citizen Sam · lumberjack] task CRAFT failed: TARGET_UNREACHABLE: Could not reach target after 6 repaths. (recoverable)
[25Sep2026 01:04:03.482] [Server thread/DEBUG] [ai.minecivilization.citizen.CitizenBrain/]: [Cognition] Sam · lumberjack queued priority=HIGH reason=task_failed
[25Sep2026 01:04:04.883] [Server thread/INFO] [ai.minecivilization.citizen.CitizenBrain/]: [Citizen Mila · builder] task CRAFT failed: TARGET_NOT_FOUND: No reachable minecraft:acacia_log (or any substitute) within 48 blocks. (recoverable)
[25Sep2026 01:04:04.932] [Server thread/INFO] [ai.minecivilization.citizen.CitizenBrain/]: [Citizen Mila · builder] Goal assigned: INCREASE_RESOURCE minecraft:oak_log x16 (ready in hand)
[25Sep2026 01:04:05.031] [Server thread/INFO] [ai.minecivilization.citizen.CitizenBrain/]: [Citizen Ravi · shepherd] completed GATHER minecraft:dirt
[25Sep2026 01:04:05.081] [Server thread/INFO] [ai.minecivilization.citizen.CitizenBrain/]: [Citizen Hugo · farmer] task CRAFT failed: TARGET_NOT_FOUND: No reachable minecraft:acacia_log (or any substitute) within 48 blocks. (recoverable)
[25Sep2026 01:04:05.081] [Server thread/INFO] [ai.minecivilization.citizen.CitizenBrain/]: [Citizen Ravi · shepherd] Goal completed: INCREASE_RESOURCE minecraft:dirt x16
[25Sep2026 01:04:05.081] [Server thread/INFO] [ai.minecivilization.citizen.CitizenBrain/]: [Citizen Ravi · shepherd] Goal assigned: INCREASE_RESOURCE minecraft:oak_log x16 (ready in hand)
[25Sep2026 01:04:05.131] [Server thread/INFO] [ai.minecivilization.citizen.CitizenBrain/]: [Citizen Hugo · farmer] Goal assigned: INCREASE_RESOURCE minecraft:oak_log x16 (ready in hand)
[25Sep2026 01:04:05.131] [Server thread/DEBUG] [ai.minecivilization.citizen.CitizenBrain/]: [Citizen Ravi · shepherd] starts GATHER minecraft:oak_log
[25Sep2026 01:04:06.832] [Server thread/INFO] [ai.minecivilization.citizen.CitizenBrain/]: [Citizen Tomas · farmer] task CRAFT failed: TARGET_UNREACHABLE: Could not reach target after 6 repaths. (recoverable)
[25Sep2026 01:04:06.832] [Server thread/INFO] [ai.minecivilization.citizen.CitizenBrain/]: [Citizen Tomas · farmer] goal disengaged after 3 failures
[25Sep2026 01:04:06.832] [Server thread/DEBUG] [ai.minecivilization.citizen.CitizenBrain/]: [Cognition] Tomas · farmer queued priority=HIGH reason=task_failed
[25Sep2026 01:04:06.882] [Server thread/INFO] [ai.minecivilization.citizen.CitizenBrain/]: [Citizen Tomas · farmer] Goal assigned: CRAFT_ITEM minecraft:chest x2 (ready in hand)
[25Sep2026 01:04:06.883] [Server thread/INFO] [ai.minecivilization.citizen.CitizenBrain/]: [Citizen Mila · builder] task GATHER failed: TARGET_NOT_FOUND: No reachable minecraft:oak_log (or any substitute) within 48 blocks. (recoverable)
[25Sep2026 01:04:06.933] [Server thread/INFO] [ai.minecivilization.citizen.CitizenBrain/]: [Citizen Mila · builder] Goal assigned: INCREASE_RESOURCE minecraft:torch x16 (ready in hand)
[25Sep2026 01:04:07.032] [Server thread/INFO] [ai.minecivilization.citizen.CitizenBrain/]: [Citizen Ravi · shepherd] task GATHER failed: TARGET_NOT_FOUND: No reachable minecraft:oak_log (or any substitute) within 48 blocks. (recoverable)
[25Sep2026 01:04:07.081] [Server thread/INFO] [ai.minecivilization.citizen.CitizenBrain/]: [Citizen Hugo · farmer] task GATHER failed: TARGET_NOT_FOUND: No reachable minecraft:oak_log (or any substitute) within 48 blocks. (recoverable)
[25Sep2026 01:04:07.081] [Server thread/INFO] [ai.minecivilization.citizen.CitizenBrain/]: [Citizen Ravi · shepherd] Goal assigned: INCREASE_RESOURCE minecraft:oak_log x16 (ready in hand)
[25Sep2026 01:04:07.130] [Server thread/INFO] [ai.minecivilization.citizen.CitizenBrain/]: [Citizen Marie · lumberjack] task CRAFT failed: TARGET_UNREACHABLE: Could not reach target after 6 repaths. (recoverable)
[25Sep2026 01:04:07.132] [Server thread/INFO] [ai.minecivilization.citizen.CitizenBrain/]: [Citizen Hugo · farmer] Goal assigned: EXPLORE x1 (ready in hand)
[25Sep2026 01:04:09.031] [Server thread/INFO] [ai.minecivilization.citizen.CitizenBrain/]: [Citizen Ravi · shepherd] task GATHER failed: TARGET_NOT_FOUND: No reachable minecraft:oak_log (or any substitute) within 48 blocks. (recoverable)
[25Sep2026 01:04:09.081] [Server thread/INFO] [ai.minecivilization.citizen.CitizenBrain/]: [Citizen Ravi · shepherd] Goal assigned: CRAFT_ITEM minecraft:shears x1 (ready in hand)
[25Sep2026 01:04:10.783] [Server thread/INFO] [ai.minecivilization.citizen.CitizenBrain/]: [Citizen Mila · builder] task CRAFT failed: TARGET_NOT_FOUND: No reachable minecraft:acacia_log (or any substitute) within 48 blocks. (recoverable)
[25Sep2026 01:04:10.832] [Server thread/INFO] [ai.minecivilization.citizen.CitizenBrain/]: [Citizen Mila · builder] Goal assigned: INCREASE_RESOURCE minecraft:oak_log x16 (ready in hand)
[25Sep2026 01:04:12.531] [Server thread/INFO] [ai.minecivilization.citizen.CitizenBrain/]: [Citizen Tomas · farmer] task CRAFT failed: TARGET_UNREACHABLE: Could not reach target after 6 repaths. (recoverable)
[25Sep2026 01:04:12.782] [Server thread/INFO] [ai.minecivilization.citizen.CitizenBrain/]: [Citizen Mila · builder] task GATHER failed: TARGET_NOT_FOUND: No reachable minecraft:oak_log (or any substitute) within 48 blocks. (recoverable)
[25Sep2026 01:04:12.832] [Server thread/INFO] [ai.minecivilization.citizen.CitizenBrain/]: [Citizen Mila · builder] Goal assigned: INCREASE_RESOURCE minecraft:oak_log x16 (ready in hand)
[25Sep2026 01:04:12.931] [Server thread/INFO] [ai.minecivilization.citizen.CitizenBrain/]: [Citizen Ravi · shepherd] task CRAFT failed: TARGET_NOT_FOUND: No reachable minecraft:deepslate_iron_ore (or any substitute) within 48 blocks. (recoverable)
[25Sep2026 01:04:12.980] [Server thread/INFO] [ai.minecivilization.citizen.CitizenBrain/]: [Citizen Ravi · shepherd] Goal assigned: INCREASE_RESOURCE minecraft:oak_log x16 (ready in hand)
[25Sep2026 01:04:14.782] [Server thread/INFO] [ai.minecivilization.citizen.CitizenBrain/]: [Citizen Mila · builder] task GATHER failed: TARGET_NOT_FOUND: No reachable minecraft:oak_log (or any substitute) within 48 blocks. (recoverable)
[25Sep2026 01:04:14.832] [Server thread/INFO] [ai.minecivilization.citizen.CitizenBrain/]: [Citizen Mila · builder] Goal assigned: INCREASE_RESOURCE (ready in hand)
[25Sep2026 01:04:14.931] [Server thread/INFO] [ai.minecivilization.citizen.CitizenBrain/]: [Citizen Ravi · shepherd] task GATHER failed: TARGET_NOT_FOUND: No reachable minecraft:oak_log (or any substitute) within 48 blocks. (recoverable)
[25Sep2026 01:04:14.948] [Server thread/INFO] [ai.minecivilization.citizen.CitizenBrain/]: [Citizen Mila · builder] task BUILD failed: MISSING_RESOURCE: need minecraft:chest for Civic centre marker db920766 (recoverable)
[25Sep2026 01:04:14.980] [Server thread/INFO] [ai.minecivilization.citizen.CitizenBrain/]: [Citizen Ravi · shepherd] Goal assigned: CRAFT_ITEM minecraft:oak_stairs x32 (ready in hand)
[25Sep2026 01:04:15.081] [Server thread/INFO] [ai.minecivilization.citizen.CitizenBrain/]: [Citizen Mila · builder] Goal assigned: INCREASE_RESOURCE minecraft:wooden_hoe x1 (ready in hand)
[25Sep2026 01:04:18.031] [Server thread/INFO] [ai.minecivilization.citizen.CitizenBrain/]: [Citizen Tomas · farmer] task CRAFT failed: TARGET_UNREACHABLE: Could not reach target after 6 repaths. (recoverable)
[25Sep2026 01:04:18.032] [Server thread/DEBUG] [ai.minecivilization.citizen.CitizenBrain/]: [Cognition] Tomas · farmer queued priority=HIGH reason=task_failed
[25Sep2026 01:04:18.831] [Server thread/INFO] [ai.minecivilization.citizen.CitizenBrain/]: [Citizen Ravi · shepherd] task CRAFT failed: TARGET_NOT_FOUND: No reachable minecraft:oak_log (or any substitute) within 48 blocks. (recoverable)
[25Sep2026 01:04:18.880] [Server thread/INFO] [ai.minecivilization.citizen.CitizenBrain/]: [Citizen Ravi · shepherd] Goal assigned: INCREASE_RESOURCE minecraft:oak_log x16 (ready in hand)
[25Sep2026 01:04:18.932] [Server thread/INFO] [ai.minecivilization.citizen.CitizenBrain/]: [Citizen Mila · builder] task CRAFT failed: TARGET_NOT_FOUND: No reachable minecraft:acacia_log (or any substitute) within 48 blocks. (recoverable)
[25Sep2026 01:04:18.981] [Server thread/INFO] [ai.minecivilization.citizen.CitizenBrain/]: [Citizen Mila · builder] Goal assigned: INCREASE_RESOURCE minecraft:oak_log x16 (ready in hand)
[25Sep2026 01:04:20.831] [Server thread/INFO] [ai.minecivilization.citizen.CitizenBrain/]: [Citizen Ravi · shepherd] task GATHER failed: TARGET_NOT_FOUND: No reachable minecraft:oak_log (or any substitute) within 48 blocks. (recoverable)
[25Sep2026 01:04:20.880] [Server thread/INFO] [ai.minecivilization.citizen.CitizenBrain/]: [Citizen Ravi · shepherd] Goal assigned: INCREASE_RESOURCE minecraft:oak_log x16 (ready in hand)
[25Sep2026 01:04:20.932] [Server thread/INFO] [ai.minecivilization.citizen.CitizenBrain/]: [Citizen Mila · builder] task GATHER failed: TARGET_NOT_FOUND: No reachable minecraft:oak_log (or any substitute) within 48 blocks. (recoverable)
[25Sep2026 01:04:20.982] [Server thread/INFO] [ai.minecivilization.citizen.CitizenBrain/]: [Citizen Mila · builder] Goal assigned: INCREASE_RESOURCE minecraft:dirt x16 (ready in hand)
[25Sep2026 01:04:22.831] [Server thread/INFO] [ai.minecivilization.citizen.CitizenBrain/]: [Citizen Ravi · shepherd] task GATHER failed: TARGET_NOT_FOUND: No reachable minecraft:oak_log (or any substitute) within 48 blocks. (recoverable)
[25Sep2026 01:04:22.881] [Server thread/INFO] [ai.minecivilization.citizen.CitizenBrain/]: [Citizen Ravi · shepherd] Goal assigned: CRAFT_ITEM minecraft:chest x1 (ready in hand)
[25Sep2026 01:04:23.531] [Server thread/INFO] [ai.minecivilization.citizen.CitizenBrain/]: [Citizen Tomas · farmer] task CRAFT failed: TARGET_UNREACHABLE: Could not reach target after 6 repaths. (recoverable)
[25Sep2026 01:04:23.531] [Server thread/INFO] [ai.minecivilization.citizen.CitizenBrain/]: [Citizen Tomas · farmer] goal disengaged after 3 failures
[25Sep2026 01:04:23.531] [Server thread/DEBUG] [ai.minecivilization.citizen.CitizenBrain/]: [Cognition] Tomas · farmer queued priority=HIGH reason=task_failed
[25Sep2026 01:04:23.581] [Server thread/INFO] [ai.minecivilization.citizen.CitizenBrain/]: [Citizen Tomas · farmer] Goal assigned: CRAFT_ITEM minecraft:chest x2 (ready in hand)
[25Sep2026 01:04:26.731] [Server thread/INFO] [ai.minecivilization.citizen.CitizenBrain/]: [Citizen Ravi · shepherd] task CRAFT failed: TARGET_NOT_FOUND: No reachable minecraft:acacia_log (or any substitute) within 48 blocks. (recoverable)
[25Sep2026 01:04:26.780] [Server thread/INFO] [ai.minecivilization.citizen.CitizenBrain/]: [Citizen Ravi · shepherd] Goal assigned: INCREASE_RESOURCE minecraft:oak_log x16 (ready in hand)
[25Sep2026 01:04:28.731] [Server thread/INFO] [ai.minecivilization.citizen.CitizenBrain/]: [Citizen Ravi · shepherd] task GATHER failed: TARGET_NOT_FOUND: No reachable minecraft:oak_log (or any substitute) within 48 blocks. (recoverable)
[25Sep2026 01:04:28.793] [Server thread/INFO] [ai.minecivilization.citizen.CitizenBrain/]: [Citizen Ravi · shepherd] Goal assigned: INCREASE_RESOURCE minecraft:torch x16 (ready in hand)
[25Sep2026 01:04:29.231] [Server thread/INFO] [ai.minecivilization.citizen.CitizenBrain/]: [Citizen Tomas · farmer] task CRAFT failed: TARGET_UNREACHABLE: Could not reach target after 6 repaths. (recoverable)
[25Sep2026 01:04:29.980] [Server thread/INFO] [ai.minecivilization.citizen.CitizenBrain/]: [Citizen Zoe · miner] dropped GATHER after NOT_MOVING — taking different work
[25Sep2026 01:04:29.981] [Server thread/DEBUG] [ai.minecivilization.citizen.CitizenBrain/]: [Cognition] Zoe · miner queued priority=NORMAL reason=no_goal
[25Sep2026 01:04:30.032] [Server thread/INFO] [ai.minecivilization.citizen.CitizenBrain/]: [Citizen Zoe · miner] Goal assigned: INCREASE_RESOURCE minecraft:oak_log x16
[25Sep2026 01:04:30.080] [Server thread/DEBUG] [ai.minecivilization.citizen.CitizenBrain/]: [Citizen Zoe · miner] starts GATHER minecraft:oak_log
[25Sep2026 01:04:30.330] [Server thread/INFO] [ai.minecivilization.citizen.CitizenBrain/]: [Citizen Noor · builder] task GATHER failed: TARGET_UNREACHABLE: Could not reach target after 6 repaths. (recoverable)
[25Sep2026 01:04:32.632] [Server thread/INFO] [ai.minecivilization.citizen.CitizenBrain/]: [Citizen Ravi · shepherd] task CRAFT failed: TARGET_NOT_FOUND: No reachable minecraft:acacia_log (or any substitute) within 48 blocks. (recoverable)
[25Sep2026 01:04:32.681] [Server thread/INFO] [ai.minecivilization.citizen.CitizenBrain/]: [Citizen Ravi · shepherd] Goal assigned: INCREASE_RESOURCE minecraft:oak_log x16 (ready in hand)
[25Sep2026 01:04:34.631] [Server thread/INFO] [ai.minecivilization.citizen.CitizenBrain/]: [Citizen Ravi · shepherd] task GATHER failed: TARGET_NOT_FOUND: No reachable minecraft:oak_log (or any substitute) within 48 blocks. (recoverable)
[25Sep2026 01:04:34.685] [Server thread/INFO] [ai.minecivilization.citizen.CitizenBrain/]: [Citizen Ravi · shepherd] Goal assigned: INCREASE_RESOURCE (ready in hand)
[25Sep2026 01:04:34.731] [Server thread/INFO] [ai.minecivilization.citizen.CitizenBrain/]: [Citizen Tomas · farmer] task CRAFT failed: TARGET_UNREACHABLE: Could not reach target after 6 repaths. (recoverable)
[25Sep2026 01:04:34.731] [Server thread/DEBUG] [ai.minecivilization.citizen.CitizenBrain/]: [Cognition] Tomas · farmer queued priority=HIGH reason=task_failed
[25Sep2026 01:04:34.781] [Server thread/INFO] [ai.minecivilization.citizen.CitizenBrain/]: [Citizen Ravi · shepherd] task BUILD failed: MISSING_RESOURCE: need minecraft:chest for Civic centre marker db920766 (recoverable)
[25Sep2026 01:04:34.932] [Server thread/INFO] [ai.minecivilization.citizen.CitizenBrain/]: [Citizen Ravi · shepherd] Goal assigned: INCREASE_RESOURCE minecraft:wooden_hoe x1 (ready in hand)
[25Sep2026 01:04:36.731] [Server thread/INFO] [ai.minecivilization.citizen.CitizenBrain/]: [Citizen Jonas · miner] task GATHER failed: TARGET_UNREACHABLE: Could not reach target after 6 repaths. (recoverable)
[25Sep2026 01:04:38.790] [Server thread/INFO] [ai.minecivilization.citizen.CitizenBrain/]: [Citizen Ravi · shepherd] task CRAFT failed: TARGET_NOT_FOUND: No reachable minecraft:acacia_log (or any substitute) within 48 blocks. (recoverable)
[25Sep2026 01:04:38.830] [Server thread/INFO] [ai.minecivilization.citizen.CitizenBrain/]: [Citizen Ravi · shepherd] Goal assigned: INCREASE_RESOURCE minecraft:oak_log x16 (ready in hand)
[25Sep2026 01:04:40.231] [Server thread/INFO] [ai.minecivilization.citizen.CitizenBrain/]: [Citizen Tomas · farmer] task CRAFT failed: TARGET_UNREACHABLE: Could not reach target after 6 repaths. (recoverable)
[25Sep2026 01:04:40.231] [Server thread/INFO] [ai.minecivilization.citizen.CitizenBrain/]: [Citizen Tomas · farmer] goal disengaged after 3 failures
[25Sep2026 01:04:40.231] [Server thread/DEBUG] [ai.minecivilization.citizen.CitizenBrain/]: [Cognition] Tomas · farmer queued priority=HIGH reason=task_failed
[25Sep2026 01:04:40.281] [Server thread/INFO] [ai.minecivilization.citizen.CitizenBrain/]: [Citizen Tomas · farmer] Goal assigned: CRAFT_ITEM minecraft:chest x2 (ready in hand)
[25Sep2026 01:04:40.781] [Server thread/INFO] [ai.minecivilization.citizen.CitizenBrain/]: [Citizen Ravi · shepherd] task GATHER failed: TARGET_NOT_FOUND: No reachable minecraft:oak_log (or any substitute) within 48 blocks. (recoverable)
[25Sep2026 01:04:40.830] [Server thread/INFO] [ai.minecivilization.citizen.CitizenBrain/]: [Citizen Ravi · shepherd] Goal assigned: INCREASE_RESOURCE minecraft:oak_log x16 (ready in hand)
[25Sep2026 01:04:42.781] [Server thread/INFO] [ai.minecivilization.citizen.CitizenBrain/]: [Citizen Ravi · shepherd] task GATHER failed: TARGET_NOT_FOUND: No reachable minecraft:oak_log (or any substitute) within 48 blocks. (recoverable)
[25Sep2026 01:04:42.834] [Server thread/INFO] [ai.minecivilization.citizen.CitizenBrain/]: [Citizen Ravi · shepherd] Goal assigned: INCREASE_RESOURCE minecraft:cobblestone x16 (ready in hand)
[25Sep2026 01:04:42.930] [Server thread/INFO] [ai.minecivilization.citizen.CitizenBrain/]: [Citizen Ravi · shepherd] completed GATHER minecraft:cobblestone
[25Sep2026 01:04:42.980] [Server thread/INFO] [ai.minecivilization.citizen.CitizenBrain/]: [Citizen Ravi · shepherd] Goal completed: INCREASE_RESOURCE minecraft:cobblestone x16
[25Sep2026 01:04:43.080] [Server thread/INFO] [ai.minecivilization.citizen.CitizenBrain/]: [Citizen Ravi · shepherd] Goal assigned: CRAFT_ITEM minecraft:shears x1 (ready in hand)
[25Sep2026 01:04:43.130] [Server thread/DEBUG] [ai.minecivilization.citizen.CitizenBrain/]: [Citizen Ravi · shepherd] starts CRAFT minecraft:shears
[25Sep2026 01:04:45.931] [Server thread/INFO] [ai.minecivilization.citizen.CitizenBrain/]: [Citizen Tomas · farmer] task CRAFT failed: TARGET_UNREACHABLE: Could not reach target after 6 repaths. (recoverable)
[25Sep2026 01:04:46.931] [Server thread/INFO] [ai.minecivilization.citizen.CitizenBrain/]: [Citizen Ravi · shepherd] task CRAFT failed: TARGET_NOT_FOUND: No reachable minecraft:deepslate_iron_ore (or any substitute) within 48 blocks. (recoverable)
[25Sep2026 01:04:46.980] [Server thread/INFO] [ai.minecivilization.citizen.CitizenBrain/]: [Citizen Hugo · farmer] completed EXPLORE
[25Sep2026 01:04:46.981] [Server thread/INFO] [ai.minecivilization.citizen.CitizenBrain/]: [Citizen Ravi · shepherd] Goal assigned: HARVEST_FOOD (ready in hand)
[25Sep2026 01:04:47.030] [Server thread/INFO] [ai.minecivilization.citizen.CitizenBrain/]: [Citizen Hugo · farmer] Goal completed: EXPLORE x1
[25Sep2026 01:04:47.030] [Server thread/INFO] [ai.minecivilization.citizen.CitizenBrain/]: [Citizen Hugo · farmer] Goal assigned: INCREASE_RESOURCE minecraft:oak_log x16 (ready in hand)
[25Sep2026 01:04:47.080] [Server thread/DEBUG] [ai.minecivilization.citizen.CitizenBrain/]: [Citizen Hugo · farmer] starts GATHER minecraft:oak_log
[25Sep2026 01:04:47.081] [Server thread/INFO] [ai.minecivilization.citizen.CitizenBrain/]: [Citizen Ravi · shepherd] task HUNT failed: TARGET_NOT_FOUND: no wild animal to hunt within 48 blocks (recoverable)
[25Sep2026 01:04:47.131] [Server thread/INFO] [ai.minecivilization.citizen.CitizenBrain/]: [Citizen Ravi · shepherd] Goal assigned: CRAFT_ITEM minecraft:chest x1 (ready in hand)
[25Sep2026 01:04:48.981] [Server thread/INFO] [ai.minecivilization.citizen.CitizenBrain/]: [Citizen Hugo · farmer] task GATHER failed: TARGET_NOT_FOUND: No reachable minecraft:oak_log (or any substitute) within 48 blocks. (recoverable)
[25Sep2026 01:04:49.030] [Server thread/INFO] [ai.minecivilization.citizen.CitizenBrain/]: [Citizen Hugo · farmer] Goal assigned: HARVEST_FOOD (ready in hand)
[25Sep2026 01:04:49.130] [Server thread/INFO] [ai.minecivilization.citizen.CitizenBrain/]: [Citizen Hugo · farmer] task HUNT failed: TARGET_NOT_FOUND: no wild animal to hunt within 48 blocks (recoverable)
[25Sep2026 01:04:49.180] [Server thread/INFO] [ai.minecivilization.citizen.CitizenBrain/]: [Citizen Hugo · farmer] Goal assigned: CRAFT_ITEM minecraft:wooden_hoe x1 (ready in hand)
[25Sep2026 01:04:50.982] [Server thread/INFO] [ai.minecivilization.citizen.CitizenBrain/]: [Citizen Ravi · shepherd] task CRAFT failed: TARGET_NOT_FOUND: No reachable minecraft:acacia_log (or any substitute) within 48 blocks. (recoverable)
[25Sep2026 01:04:51.031] [Server thread/INFO] [ai.minecivilization.citizen.CitizenBrain/]: [Citizen Ravi · shepherd] Goal assigned: HARVEST_FOOD (ready in hand)
[25Sep2026 01:04:51.131] [Server thread/INFO] [ai.minecivilization.citizen.CitizenBrain/]: [Citizen Ravi · shepherd] task HUNT failed: TARGET_NOT_FOUND: no wild animal to hunt within 48 blocks (recoverable)
[25Sep2026 01:04:51.180] [Server thread/INFO] [ai.minecivilization.citizen.CitizenBrain/]: [Citizen Ravi · shepherd] Goal assigned: CRAFT_ITEM minecraft:oak_stairs x32 (ready in hand)
[25Sep2026 01:04:51.432] [Server thread/INFO] [ai.minecivilization.citizen.CitizenBrain/]: [Citizen Tomas · farmer] task CRAFT failed: TARGET_UNREACHABLE: Could not reach target after 6 repaths. (recoverable)
[25Sep2026 01:04:51.432] [Server thread/DEBUG] [ai.minecivilization.citizen.CitizenBrain/]: [Cognition] Tomas · farmer queued priority=HIGH reason=task_failed
[25Sep2026 01:04:53.031] [Server thread/INFO] [ai.minecivilization.citizen.CitizenBrain/]: [Citizen Hugo · farmer] task CRAFT failed: TARGET_NOT_FOUND: No reachable minecraft:acacia_log (or any substitute) within 48 blocks. (recoverable)
[25Sep2026 01:04:53.080] [Server thread/INFO] [ai.minecivilization.citizen.CitizenBrain/]: [Citizen Hugo · farmer] Goal assigned: HARVEST_FOOD (ready in hand)
[25Sep2026 01:04:53.180] [Server thread/INFO] [ai.minecivilization.citizen.CitizenBrain/]: [Citizen Hugo · farmer] task HUNT failed: TARGET_NOT_FOUND: no wild animal to hunt within 48 blocks (recoverable)
[25Sep2026 01:04:53.230] [Server thread/INFO] [ai.minecivilization.citizen.CitizenBrain/]: [Citizen Hugo · farmer] Goal assigned: INCREASE_RESOURCE minecraft:cobblestone x32 (ready in hand)
[25Sep2026 01:04:55.031] [Server thread/INFO] [ai.minecivilization.citizen.CitizenBrain/]: [Citizen Ravi · shepherd] task CRAFT failed: TARGET_NOT_FOUND: No reachable minecraft:oak_log (or any substitute) within 48 blocks. (recoverable)
[25Sep2026 01:04:55.082] [Server thread/INFO] [ai.minecivilization.citizen.CitizenBrain/]: [Citizen Ravi · shepherd] Goal assigned: EXPLORE x1 (ready in hand)
[25Sep2026 01:04:56.430] [Server thread/INFO] [ai.minecivilization.citizen.CitizenBrain/]: [Citizen Ravi · shepherd] task EXPLORE failed: TARGET_UNREACHABLE: Could not reach target after 6 repaths. (recoverable)
[25Sep2026 01:04:56.836] [Server thread/INFO] [ai.minecivilization.events.ModEvents/]: [Colony] Colony — day 0, 10 citizen(s), 70% busy, 10 building, 3 road(s)
[25Sep2026 01:04:56.836] [Server thread/INFO] [ai.minecivilization.events.ModEvents/]: [Colony] 70% busy — working 7 building 0 exploring 0 returning 0 idle 0 stuck 3 lost 0
[25Sep2026 01:04:56.836] [Server thread/INFO] [ai.minecivilization.events.ModEvents/]: [Colony] time spent (3964s observed, 1% wasted): 35% walking  20% making a way  19% searching  10% exploring  7% crafting  4% mining  2% hauling  1% felling  1% no work
[25Sep2026 01:04:56.836] [Server thread/INFO] [ai.minecivilization.events.ModEvents/]: [Colony] 17 district(s), 0 container(s), 0 bed(s), 0 sign(s), 3 road(s), food 0 — growth: needs 11 beds, has 0
[25Sep2026 01:04:56.836] [Server thread/INFO] [ai.minecivilization.events.ModEvents/]: [Colony]   build Civic centre marker db920766 [WAITING_FOR_RESOURCES] 0% at -7,76,-7  waiting for 2x chest
[25Sep2026 01:04:56.836] [Server thread/INFO] [ai.minecivilization.events.ModEvents/]: [Colony]   build Town Hall [PLANNED] 0% at 1,73,1
[25Sep2026 01:04:56.836] [Server thread/INFO] [ai.minecivilization.events.ModEvents/]: [Colony]   build Oak House 1 [PLANNED] 0% at 7,70,18
[25Sep2026 01:04:56.836] [Server thread/INFO] [ai.minecivilization.events.ModEvents/]: [Colony]   build Warehouse district marker d1c79ed2 [PLANNED] 0% at -27,74,-7
[25Sep2026 01:04:56.836] [Server thread/INFO] [ai.minecivilization.events.ModEvents/]: [Colony]   build Warehouse 1 [PLANNED] 0% at -20,71,0
[25Sep2026 01:04:56.836] [Server thread/INFO] [ai.minecivilization.events.ModEvents/]: [Colony]   build Oak House 2 [PLANNED] 0% at 25,70,18
[25Sep2026 01:04:56.836] [Server thread/INFO] [ai.minecivilization.events.ModEvents/]: [Colony]   build Warehouse 2 [PLANNED] 0% at -32,72,0
[25Sep2026 01:04:56.836] [Server thread/INFO] [ai.minecivilization.events.ModEvents/]: [Colony]   build Oak House 3 [PLANNED] 0% at 43,76,18
[25Sep2026 01:04:56.836] [Server thread/INFO] [ai.minecivilization.events.ModEvents/]: [Colony]   build Oak House 4 [PLANNED] 0% at 61,79,18
[25Sep2026 01:04:56.836] [Server thread/INFO] [ai.minecivilization.events.ModEvents/]: [Colony]   build Oak House 5 [PLANNED] 0% at 79,72,18
[25Sep2026 01:04:56.836] [Server thread/INFO] [ai.minecivilization.events.ModEvents/]: [Colony]   Marie        LUMBERJACK  Working   CRAFT furnace x1       at 31,73,19  36m NW
[25Sep2026 01:04:56.836] [Server thread/INFO] [ai.minecivilization.events.ModEvents/]: [Colony]   Zoe          MINER       Working   GATHER oak log x16     at -48,72,-6  48m E
[25Sep2026 01:04:56.836] [Server thread/INFO] [ai.minecivilization.events.ModEvents/]: [Colony]   Hugo         FARMER      Working   GATHER cobblestone x32 at 31,73,19  36m NW
[25Sep2026 01:04:56.836] [Server thread/INFO] [ai.minecivilization.events.ModEvents/]: [Colony]   Noor         BUILDER     Stuck     GATHER oak log x1 @39,76,23 at 31,73,19  36m NW  ! Not moving
[25Sep2026 01:04:56.836] [Server thread/INFO] [ai.minecivilization.events.ModEvents/]: [Colony]   Lena         CRAFTER     Working   CRAFT crafting table x1 at -3,74,-1  5m E
[25Sep2026 01:04:56.837] [Server thread/INFO] [ai.minecivilization.events.ModEvents/]: [Colony]   Ravi         SHEPHERD    Exploring EXPLORE x1             at -1,64,-3  6m S
[25Sep2026 01:04:56.837] [Server thread/INFO] [ai.minecivilization.events.ModEvents/]: [Colony]   Sam          LUMBERJACK  Working   CRAFT wooden sword x1  at -14,73,37  39m N
[25Sep2026 01:04:56.837] [Server thread/INFO] [ai.minecivilization.events.ModEvents/]: [Colony]   Jonas        MINER       Stuck     GATHER cobblestone x32 at 31,73,19  36m NW  ! Not moving
[25Sep2026 01:04:56.837] [Server thread/INFO] [ai.minecivilization.events.ModEvents/]: [Colony]   Tomas        FARMER      Working   CRAFT chest x2         at 1,67,-1  3m SW
[25Sep2026 01:04:56.837] [Server thread/INFO] [ai.minecivilization.events.ModEvents/]: [Colony]   Mila         BUILDER     Stuck     GATHER dirt x16        at -1,64,-4  7m S  ! Not moving
[25Sep2026 01:04:56.837] [Server thread/INFO] [ai.minecivilization.events.ModEvents/]: [Colony] Citizen Noor [BUILDER]  Stuck
[25Sep2026 01:04:56.837] [Server thread/INFO] [ai.minecivilization.events.ModEvents/]: [Colony]   Goal:        INCREASE_RESOURCE oak log x1 — Colony maintenance
[25Sep2026 01:04:56.837] [Server thread/INFO] [ai.minecivilization.events.ModEvents/]: [Colony]   Task:        GATHER oak log x1 @39,76,23
[25Sep2026 01:04:56.837] [Server thread/INFO] [ai.minecivilization.events.ModEvents/]: [Colony]   Doing:       MOVE_TO making a way to 39,76,23
[25Sep2026 01:04:56.837] [Server thread/INFO] [ai.minecivilization.events.ModEvents/]: [Colony]   Priority:    resources
[25Sep2026 01:04:56.837] [Server thread/INFO] [ai.minecivilization.events.ModEvents/]: [Colony]   Position:    X=31 Y=73 Z=19
[25Sep2026 01:04:56.837] [Server thread/INFO] [ai.minecivilization.events.ModEvents/]: [Colony]   Destination: X=39 Y=76 Z=23
[25Sep2026 01:04:56.837] [Server thread/INFO] [ai.minecivilization.events.ModEvents/]: [Colony]   Colony:      X=0 Y=70 Z=0  (36m NW)
[25Sep2026 01:04:56.837] [Server thread/INFO] [ai.minecivilization.events.ModEvents/]: [Colony]   Condition:   health 40  hunger 31  energy 100
[25Sep2026 01:04:56.837] [Server thread/INFO] [ai.minecivilization.events.ModEvents/]: [Colony]   Because:     Use a resource location already discovered nearby
[25Sep2026 01:04:56.837] [Server thread/INFO] [ai.minecivilization.events.ModEvents/]: [Colony]   Problem:     Not moving (99s)
[25Sep2026 01:04:56.837] [Server thread/INFO] [ai.minecivilization.events.ModEvents/]: [Colony]   Last done:   PLACE minecraft:furnace
[25Sep2026 01:04:56.837] [Server thread/INFO] [ai.minecivilization.events.ModEvents/]: [Colony]   Completed:   3 task(s)   failures 1   cognition idle
[25Sep2026 01:04:56.837] [Server thread/INFO] [ai.minecivilization.events.ModEvents/]: [Colony]   Carrying:    {minecraft:cobblestone=8}
[25Sep2026 01:04:56.837] [Server thread/INFO] [ai.minecivilization.events.ModEvents/]: [Colony] Citizen Jonas [MINER]  Stuck
[25Sep2026 01:04:56.837] [Server thread/INFO] [ai.minecivilization.events.ModEvents/]: [Colony]   Goal:        INCREASE_RESOURCE cobblestone x32 — construction: fetch cobblestone for Oak House 2
[25Sep2026 01:04:56.837] [Server thread/INFO] [ai.minecivilization.events.ModEvents/]: [Colony]   Task:        GATHER cobblestone x32
[25Sep2026 01:04:56.837] [Server thread/INFO] [ai.minecivilization.events.ModEvents/]: [Colony]   Doing:       MOVE_TO making a way to 33,70,20
[25Sep2026 01:04:56.837] [Server thread/INFO] [ai.minecivilization.events.ModEvents/]: [Colony]   Priority:    construction
[25Sep2026 01:04:56.837] [Server thread/INFO] [ai.minecivilization.events.ModEvents/]: [Colony]   Position:    X=31 Y=73 Z=19
[25Sep2026 01:04:56.837] [Server thread/INFO] [ai.minecivilization.events.ModEvents/]: [Colony]   Colony:      X=0 Y=70 Z=0  (36m NW)
[25Sep2026 01:04:56.837] [Server thread/INFO] [ai.minecivilization.events.ModEvents/]: [Colony]   Condition:   health 40  hunger 31  energy 100
[25Sep2026 01:04:56.837] [Server thread/INFO] [ai.minecivilization.events.ModEvents/]: [Colony]   Because:     fetch cobblestone for Oak House 2
[25Sep2026 01:04:56.837] [Server thread/INFO] [ai.minecivilization.events.ModEvents/]: [Colony]   Problem:     Not moving (88s)
[25Sep2026 01:04:56.837] [Server thread/INFO] [ai.minecivilization.events.ModEvents/]: [Colony]   Last done:   EXPLORE
[25Sep2026 01:04:56.837] [Server thread/INFO] [ai.minecivilization.events.ModEvents/]: [Colony]   Completed:   1 task(s)   failures 1   cognition idle
[25Sep2026 01:04:56.837] [Server thread/INFO] [ai.minecivilization.events.ModEvents/]: [Colony]   Carrying:    {}
[25Sep2026 01:04:56.838] [Server thread/INFO] [ai.minecivilization.events.ModEvents/]: [Colony] Citizen Mila [BUILDER]  Stuck
[25Sep2026 01:04:56.838] [Server thread/INFO] [ai.minecivilization.events.ModEvents/]: [Colony]   Goal:        INCREASE_RESOURCE dirt x16 — Colony maintenance
[25Sep2026 01:04:56.838] [Server thread/INFO] [ai.minecivilization.events.ModEvents/]: [Colony]   Task:        GATHER dirt x16
[25Sep2026 01:04:56.838] [Server thread/INFO] [ai.minecivilization.events.ModEvents/]: [Colony]   Doing:       TRAVERSE WALK 1/1
[25Sep2026 01:04:56.838] [Server thread/INFO] [ai.minecivilization.events.ModEvents/]: [Colony]   Priority:    resources
[25Sep2026 01:04:56.838] [Server thread/INFO] [ai.minecivilization.events.ModEvents/]: [Colony]   Position:    X=-1 Y=64 Z=-4  (12 below surface)
[25Sep2026 01:04:56.838] [Server thread/INFO] [ai.minecivilization.events.ModEvents/]: [Colony]   Colony:      X=0 Y=70 Z=0  (7m S)
[25Sep2026 01:04:56.838] [Server thread/INFO] [ai.minecivilization.events.ModEvents/]: [Colony]   Condition:   health 40  hunger 32  energy 100
[25Sep2026 01:04:56.838] [Server thread/INFO] [ai.minecivilization.events.ModEvents/]: [Colony]   Because:     Useful local work while awaiting cognition
[25Sep2026 01:04:56.838] [Server thread/INFO] [ai.minecivilization.events.ModEvents/]: [Colony]   Problem:     Not moving (35s)
[25Sep2026 01:04:56.838] [Server thread/INFO] [ai.minecivilization.events.ModEvents/]: [Colony]   Last done:   REST
[25Sep2026 01:04:56.838] [Server thread/INFO] [ai.minecivilization.events.ModEvents/]: [Colony]   Completed:   2 task(s)   failures 0   cognition idle
[25Sep2026 01:04:56.838] [Server thread/INFO] [ai.minecivilization.events.ModEvents/]: [Colony]   Carrying:    {minecraft:cobblestone=16}
[25Sep2026 01:04:56.930] [Server thread/INFO] [ai.minecivilization.citizen.CitizenBrain/]: [Citizen Tomas · farmer] task CRAFT failed: TARGET_UNREACHABLE: Could not reach target after 6 repaths. (recoverable)
[25Sep2026 01:04:56.931] [Server thread/INFO] [ai.minecivilization.citizen.CitizenBrain/]: [Citizen Tomas · farmer] goal disengaged after 3 failures
[25Sep2026 01:04:56.931] [Server thread/DEBUG] [ai.minecivilization.citizen.CitizenBrain/]: [Cognition] Tomas · farmer queued priority=HIGH reason=task_failed
[25Sep2026 01:04:56.980] [Server thread/INFO] [ai.minecivilization.citizen.CitizenBrain/]: [Citizen Tomas · farmer] Goal assigned: CRAFT_ITEM minecraft:chest x2 (ready in hand)
[25Sep2026 01:04:57.380] [Server thread/INFO] [ai.minecivilization.citizen.CitizenBrain/]: [Citizen Ravi · shepherd] task EXPLORE failed: TARGET_UNREACHABLE: Could not reach target after 6 repaths. (recoverable)
[25Sep2026 01:04:58.330] [Server thread/INFO] [ai.minecivilization.citizen.CitizenBrain/]: [Citizen Ravi · shepherd] task EXPLORE keeps failing (TARGET_UNREACHABLE) — further repeats will not be logged
[25Sep2026 01:04:58.331] [Server thread/INFO] [ai.minecivilization.citizen.CitizenBrain/]: [Citizen Ravi · shepherd] goal disengaged after 3 failures
[25Sep2026 01:04:58.380] [Server thread/INFO] [ai.minecivilization.citizen.CitizenBrain/]: [Citizen Ravi · shepherd] dropped nothing after REPEATED_FAILURE — taking different work
[25Sep2026 01:04:58.384] [Server thread/INFO] [ai.minecivilization.citizen.CitizenBrain/]: [Citizen Ravi · shepherd] Goal assigned: INCREASE_RESOURCE minecraft:dirt x16 (ready in hand)
[25Sep2026 01:04:58.430] [Server thread/DEBUG] [ai.minecivilization.citizen.CitizenBrain/]: [Citizen Ravi · shepherd] starts GATHER minecraft:dirt
[25Sep2026 01:04:58.480] [Server thread/INFO] [ai.minecivilization.citizen.CitizenBrain/]: [Citizen Ravi · shepherd] completed GATHER minecraft:dirt
[25Sep2026 01:04:58.530] [Server thread/INFO] [ai.minecivilization.citizen.CitizenBrain/]: [Citizen Ravi · shepherd] Goal completed: INCREASE_RESOURCE minecraft:dirt x16
[25Sep2026 01:04:58.632] [Server thread/INFO] [ai.minecivilization.citizen.CitizenBrain/]: [Citizen Ravi · shepherd] Goal assigned: EXPLORE x1 (ready in hand)
[25Sep2026 01:04:58.680] [Server thread/DEBUG] [ai.minecivilization.citizen.CitizenBrain/]: [Citizen Ravi · shepherd] starts EXPLORE
[25Sep2026 01:04:59.630] [Server thread/INFO] [ai.minecivilization.citizen.CitizenBrain/]: [Citizen Ravi · shepherd] task EXPLORE failed: TARGET_UNREACHABLE: Could not reach target after 6 repaths. (recoverable)
[25Sep2026 01:05:00.130] [Server thread/INFO] [ai.minecivilization.citizen.CitizenBrain/]: [Citizen Zoe · miner] dropped GATHER after NOT_MOVING — taking different work
[25Sep2026 01:05:00.131] [Server thread/DEBUG] [ai.minecivilization.citizen.CitizenBrain/]: [Cognition] Zoe · miner queued priority=NORMAL reason=no_goal
[25Sep2026 01:05:00.181] [Server thread/INFO] [ai.minecivilization.citizen.CitizenBrain/]: [Citizen Zoe · miner] Goal assigned: HARVEST_FOOD
[25Sep2026 01:05:00.230] [Server thread/DEBUG] [ai.minecivilization.citizen.CitizenBrain/]: [Citizen Zoe · miner] starts HUNT
[25Sep2026 01:05:00.280] [Server thread/INFO] [ai.minecivilization.citizen.CitizenBrain/]: [Citizen Zoe · miner] task HUNT failed: TARGET_NOT_FOUND: no wild animal to hunt within 48 blocks (recoverable)
[25Sep2026 01:05:00.330] [Server thread/INFO] [ai.minecivilization.citizen.CitizenBrain/]: [Citizen Zoe · miner] Goal assigned: CRAFT_ITEM minecraft:wooden_axe x1 (ready in hand)
[25Sep2026 01:05:00.580] [Server thread/INFO] [ai.minecivilization.citizen.CitizenBrain/]: [Citizen Ravi · shepherd] task EXPLORE failed: TARGET_UNREACHABLE: Could not reach target after 6 repaths. (recoverable)
[25Sep2026 01:05:01.530] [Server thread/INFO] [ai.minecivilization.citizen.CitizenBrain/]: [Citizen Ravi · shepherd] task EXPLORE keeps failing (TARGET_UNREACHABLE) — further repeats will not be logged
[25Sep2026 01:05:01.531] [Server thread/INFO] [ai.minecivilization.citizen.CitizenBrain/]: [Citizen Ravi · shepherd] goal disengaged after 3 failures
[25Sep2026 01:05:01.580] [Server thread/INFO] [ai.minecivilization.citizen.CitizenBrain/]: [Citizen Ravi · shepherd] dropped nothing after REPEATED_FAILURE — taking different work
[25Sep2026 01:05:01.583] [Server thread/INFO] [ai.minecivilization.citizen.CitizenBrain/]: [Citizen Ravi · shepherd] Goal assigned: INCREASE_RESOURCE minecraft:oak_log x16 (ready in hand)
[25Sep2026 01:05:01.630] [Server thread/DEBUG] [ai.minecivilization.citizen.CitizenBrain/]: [Citizen Ravi · shepherd] starts GATHER minecraft:oak_log
[25Sep2026 01:05:02.631] [Server thread/INFO] [ai.minecivilization.citizen.CitizenBrain/]: [Citizen Tomas · farmer] task CRAFT failed: TARGET_UNREACHABLE: Could not reach target after 6 repaths. (recoverable)
[25Sep2026 01:05:03.531] [Server thread/INFO] [ai.minecivilization.citizen.CitizenBrain/]: [Citizen Ravi · shepherd] task GATHER failed: TARGET_NOT_FOUND: No reachable minecraft:oak_log (or any substitute) within 48 blocks. (recoverable)
[25Sep2026 01:05:03.584] [Server thread/INFO] [ai.minecivilization.citizen.CitizenBrain/]: [Citizen Ravi · shepherd] Goal assigned: INCREASE_RESOURCE minecraft:cobblestone x16 (ready in hand)
[25Sep2026 01:05:03.680] [Server thread/INFO] [ai.minecivilization.citizen.CitizenBrain/]: [Citizen Ravi · shepherd] completed GATHER minecraft:cobblestone
[25Sep2026 01:05:03.730] [Server thread/INFO] [ai.minecivilization.citizen.CitizenBrain/]: [Citizen Ravi · shepherd] Goal completed: INCREASE_RESOURCE minecraft:cobblestone x16
[25Sep2026 01:05:03.832] [Server thread/INFO] [ai.minecivilization.citizen.CitizenBrain/]: [Citizen Ravi · shepherd] Goal assigned: EXPLORE x1 (ready in hand)
[25Sep2026 01:05:03.880] [Server thread/DEBUG] [ai.minecivilization.citizen.CitizenBrain/]: [Citizen Ravi · shepherd] starts EXPLORE
[25Sep2026 01:05:04.830] [Server thread/INFO] [ai.minecivilization.citizen.CitizenBrain/]: [Citizen Ravi · shepherd] task EXPLORE failed: TARGET_UNREACHABLE: Could not reach target after 6 repaths. (recoverable)
[25Sep2026 01:05:05.780] [Server thread/INFO] [ai.minecivilization.citizen.CitizenBrain/]: [Citizen Ravi · shepherd] task EXPLORE failed: TARGET_UNREACHABLE: Could not reach target after 6 repaths. (recoverable)
[25Sep2026 01:05:06.730] [Server thread/INFO] [ai.minecivilization.citizen.CitizenBrain/]: [Citizen Ravi · shepherd] task EXPLORE keeps failing (TARGET_UNREACHABLE) — further repeats will not be logged
[25Sep2026 01:05:06.730] [Server thread/INFO] [ai.minecivilization.citizen.CitizenBrain/]: [Citizen Ravi · shepherd] goal disengaged after 3 failures
[25Sep2026 01:05:06.780] [Server thread/INFO] [ai.minecivilization.citizen.CitizenBrain/]: [Citizen Ravi · shepherd] dropped nothing after REPEATED_FAILURE — taking different work
[25Sep2026 01:05:06.783] [Server thread/INFO] [ai.minecivilization.citizen.CitizenBrain/]: [Citizen Ravi · shepherd] Goal assigned: INCREASE_RESOURCE minecraft:dirt x16 (ready in hand)
[25Sep2026 01:05:06.830] [Server thread/DEBUG] [ai.minecivilization.citizen.CitizenBrain/]: [Citizen Ravi · shepherd] starts GATHER minecraft:dirt
[25Sep2026 01:05:06.880] [Server thread/INFO] [ai.minecivilization.citizen.CitizenBrain/]: [Citizen Ravi · shepherd] completed GATHER minecraft:dirt
[25Sep2026 01:05:06.930] [Server thread/INFO] [ai.minecivilization.citizen.CitizenBrain/]: [Citizen Ravi · shepherd] Goal completed: INCREASE_RESOURCE minecraft:dirt x16
[25Sep2026 01:05:07.032] [Server thread/INFO] [ai.minecivilization.citizen.CitizenBrain/]: [Citizen Ravi · shepherd] Goal assigned: EXPLORE x1 (ready in hand)
[25Sep2026 01:05:07.080] [Server thread/DEBUG] [ai.minecivilization.citizen.CitizenBrain/]: [Citizen Ravi · shepherd] starts EXPLORE
[25Sep2026 01:05:08.030] [Server thread/INFO] [ai.minecivilization.citizen.CitizenBrain/]: [Citizen Ravi · shepherd] task EXPLORE failed: TARGET_UNREACHABLE: Could not reach target after 6 repaths. (recoverable)
[25Sep2026 01:05:08.130] [Server thread/INFO] [ai.minecivilization.citizen.CitizenBrain/]: [Citizen Tomas · farmer] task CRAFT failed: TARGET_UNREACHABLE: Could not reach target after 6 repaths. (recoverable)
[25Sep2026 01:05:08.131] [Server thread/DEBUG] [ai.minecivilization.citizen.CitizenBrain/]: [Cognition] Tomas · farmer queued priority=HIGH reason=task_failed
[25Sep2026 01:05:08.980] [Server thread/INFO] [ai.minecivilization.citizen.CitizenBrain/]: [Citizen Ravi · shepherd] task EXPLORE failed: TARGET_UNREACHABLE: Could not reach target after 6 repaths. (recoverable)
[25Sep2026 01:05:09.930] [Server thread/INFO] [ai.minecivilization.citizen.CitizenBrain/]: [Citizen Ravi · shepherd] task EXPLORE keeps failing (TARGET_UNREACHABLE) — further repeats will not be logged
[25Sep2026 01:05:09.931] [Server thread/INFO] [ai.minecivilization.citizen.CitizenBrain/]: [Citizen Ravi · shepherd] goal disengaged after 3 failures
[25Sep2026 01:05:09.980] [Server thread/INFO] [ai.minecivilization.citizen.CitizenBrain/]: [Citizen Ravi · shepherd] dropped nothing after REPEATED_FAILURE — taking different work
[25Sep2026 01:05:09.984] [Server thread/INFO] [ai.minecivilization.citizen.CitizenBrain/]: [Citizen Ravi · shepherd] Goal assigned: INCREASE_RESOURCE minecraft:cobblestone x16 (ready in hand)
[25Sep2026 01:05:10.030] [Server thread/DEBUG] [ai.minecivilization.citizen.CitizenBrain/]: [Citizen Ravi · shepherd] starts GATHER minecraft:cobblestone
[25Sep2026 01:05:10.080] [Server thread/INFO] [ai.minecivilization.citizen.CitizenBrain/]: [Citizen Ravi · shepherd] completed GATHER minecraft:cobblestone
[25Sep2026 01:05:10.130] [Server thread/INFO] [ai.minecivilization.citizen.CitizenBrain/]: [Citizen Ravi · shepherd] Goal completed: INCREASE_RESOURCE minecraft:cobblestone x16
[25Sep2026 01:05:10.180] [Server thread/DEBUG] [ai.minecivilization.citizen.CitizenBrain/]: [Cognition] Ravi · shepherd queued priority=NORMAL reason=no_goal
[25Sep2026 01:05:10.230] [Server thread/INFO] [ai.minecivilization.citizen.CitizenBrain/]: [Citizen Ravi · shepherd] Goal assigned: HARVEST_FOOD
[25Sep2026 01:05:10.282] [Server thread/DEBUG] [ai.minecivilization.citizen.CitizenBrain/]: [Citizen Ravi · shepherd] starts HUNT
[25Sep2026 01:05:10.330] [Server thread/INFO] [ai.minecivilization.citizen.CitizenBrain/]: [Citizen Ravi · shepherd] task HUNT failed: TARGET_NOT_FOUND: no wild animal to hunt within 48 blocks (recoverable)
[25Sep2026 01:05:10.382] [Server thread/INFO] [ai.minecivilization.citizen.CitizenBrain/]: [Citizen Ravi · shepherd] Goal assigned: EXPLORE x1 (ready in hand)
[25Sep2026 01:05:11.380] [Server thread/INFO] [ai.minecivilization.citizen.CitizenBrain/]: [Citizen Ravi · shepherd] task EXPLORE failed: TARGET_UNREACHABLE: Could not reach target after 6 repaths. (recoverable)
[25Sep2026 01:05:12.330] [Server thread/INFO] [ai.minecivilization.citizen.CitizenBrain/]: [Citizen Ravi · shepherd] task EXPLORE failed: TARGET_UNREACHABLE: Could not reach target after 6 repaths. (recoverable)
[25Sep2026 01:05:12.580] [Server thread/INFO] [ai.minecivilization.citizen.CitizenBrain/]: [Citizen Noor · builder] dropped GATHER after NOT_MOVING — taking different work
[25Sep2026 01:05:12.581] [Server thread/DEBUG] [ai.minecivilization.citizen.CitizenBrain/]: [Cognition] Noor · builder queued priority=NORMAL reason=no_goal
[25Sep2026 01:05:12.630] [Server thread/INFO] [ai.minecivilization.citizen.CitizenBrain/]: [Citizen Noor · builder] Goal assigned: HARVEST_FOOD
[25Sep2026 01:05:12.680] [Server thread/DEBUG] [ai.minecivilization.citizen.CitizenBrain/]: [Citizen Noor · builder] starts HUNT
[25Sep2026 01:05:12.730] [Server thread/INFO] [ai.minecivilization.citizen.CitizenBrain/]: [Citizen Noor · builder] task HUNT failed: TARGET_NOT_FOUND: no wild animal to hunt within 48 blocks (recoverable)
[25Sep2026 01:05:12.780] [Server thread/INFO] [ai.minecivilization.citizen.CitizenBrain/]: [Citizen Noor · builder] Goal assigned: CRAFT_ITEM minecraft:wooden_sword x1 (ready in hand)
[25Sep2026 01:05:13.281] [Server thread/INFO] [ai.minecivilization.citizen.CitizenBrain/]: [Citizen Ravi · shepherd] task EXPLORE keeps failing (TARGET_UNREACHABLE) — further repeats will not be logged
[25Sep2026 01:05:13.281] [Server thread/INFO] [ai.minecivilization.citizen.CitizenBrain/]: [Citizen Ravi · shepherd] goal disengaged after 3 failures
[25Sep2026 01:05:13.331] [Server thread/INFO] [ai.minecivilization.citizen.CitizenBrain/]: [Citizen Ravi · shepherd] dropped nothing after REPEATED_FAILURE — taking different work
[25Sep2026 01:05:13.334] [Server thread/INFO] [ai.minecivilization.citizen.CitizenBrain/]: [Citizen Ravi · shepherd] Goal assigned: INCREASE_RESOURCE minecraft:cobblestone x16 (ready in hand)
[25Sep2026 01:05:13.381] [Server thread/DEBUG] [ai.minecivilization.citizen.CitizenBrain/]: [Citizen Ravi · shepherd] starts GATHER minecraft:cobblestone
[25Sep2026 01:05:13.431] [Server thread/INFO] [ai.minecivilization.citizen.CitizenBrain/]: [Citizen Ravi · shepherd] completed GATHER minecraft:cobblestone
[25Sep2026 01:05:13.481] [Server thread/INFO] [ai.minecivilization.citizen.CitizenBrain/]: [Citizen Ravi · shepherd] Goal completed: INCREASE_RESOURCE minecraft:cobblestone x16
[25Sep2026 01:05:13.583] [Server thread/INFO] [ai.minecivilization.citizen.CitizenBrain/]: [Citizen Ravi · shepherd] Goal assigned: EXPLORE x1 (ready in hand)
[25Sep2026 01:05:13.631] [Server thread/DEBUG] [ai.minecivilization.citizen.CitizenBrain/]: [Citizen Ravi · shepherd] starts EXPLORE
[25Sep2026 01:05:13.631] [Server thread/INFO] [ai.minecivilization.citizen.CitizenBrain/]: [Citizen Tomas · farmer] task CRAFT failed: TARGET_UNREACHABLE: Could not reach target after 6 repaths. (recoverable)
[25Sep2026 01:05:13.631] [Server thread/INFO] [ai.minecivilization.citizen.CitizenBrain/]: [Citizen Tomas · farmer] goal disengaged after 3 failures
[25Sep2026 01:05:13.632] [Server thread/DEBUG] [ai.minecivilization.citizen.CitizenBrain/]: [Cognition] Tomas · farmer queued priority=HIGH reason=task_failed
[25Sep2026 01:05:13.681] [Server thread/INFO] [ai.minecivilization.citizen.CitizenBrain/]: [Citizen Tomas · farmer] Goal assigned: CRAFT_ITEM minecraft:chest x2 (ready in hand)
[25Sep2026 01:05:14.581] [Server thread/INFO] [ai.minecivilization.citizen.CitizenBrain/]: [Citizen Ravi · shepherd] task EXPLORE failed: TARGET_UNREACHABLE: Could not reach target after 6 repaths. (recoverable)
[25Sep2026 01:05:15.531] [Server thread/INFO] [ai.minecivilization.citizen.CitizenBrain/]: [Citizen Ravi · shepherd] task EXPLORE failed: TARGET_UNREACHABLE: Could not reach target after 6 repaths. (recoverable)
[25Sep2026 01:05:16.481] [Server thread/INFO] [ai.minecivilization.citizen.CitizenBrain/]: [Citizen Ravi · shepherd] task EXPLORE keeps failing (TARGET_UNREACHABLE) — further repeats will not be logged
[25Sep2026 01:05:16.481] [Server thread/INFO] [ai.minecivilization.citizen.CitizenBrain/]: [Citizen Ravi · shepherd] goal disengaged after 3 failures
[25Sep2026 01:05:16.531] [Server thread/INFO] [ai.minecivilization.citizen.CitizenBrain/]: [Citizen Ravi · shepherd] dropped nothing after REPEATED_FAILURE — taking different work
[25Sep2026 01:05:16.535] [Server thread/INFO] [ai.minecivilization.citizen.CitizenBrain/]: [Citizen Ravi · shepherd] Goal assigned: INCREASE_RESOURCE minecraft:dirt x16 (ready in hand)
[25Sep2026 01:05:16.581] [Server thread/DEBUG] [ai.minecivilization.citizen.CitizenBrain/]: [Citizen Ravi · shepherd] starts GATHER minecraft:dirt
[25Sep2026 01:05:16.631] [Server thread/INFO] [ai.minecivilization.citizen.CitizenBrain/]: [Citizen Noor · builder] task CRAFT failed: TARGET_NOT_FOUND: No reachable minecraft:acacia_log (or any substitute) within 48 blocks. (recoverable)
[25Sep2026 01:05:16.631] [Server thread/INFO] [ai.minecivilization.citizen.CitizenBrain/]: [Citizen Ravi · shepherd] completed GATHER minecraft:dirt
[25Sep2026 01:05:16.680] [Server thread/INFO] [ai.minecivilization.citizen.CitizenBrain/]: [Citizen Noor · builder] Goal assigned: EXPLORE x1 (ready in hand)
[25Sep2026 01:05:16.681] [Server thread/INFO] [ai.minecivilization.citizen.CitizenBrain/]: [Citizen Ravi · shepherd] Goal completed: INCREASE_RESOURCE minecraft:dirt x16
[25Sep2026 01:05:16.784] [Server thread/INFO] [ai.minecivilization.citizen.CitizenBrain/]: [Citizen Ravi · shepherd] Goal assigned: INCREASE_RESOURCE minecraft:cobblestone x16 (ready in hand)
[25Sep2026 01:05:16.830] [Server thread/DEBUG] [ai.minecivilization.citizen.CitizenBrain/]: [Citizen Ravi · shepherd] starts GATHER minecraft:cobblestone
[25Sep2026 01:05:16.880] [Server thread/INFO] [ai.minecivilization.citizen.CitizenBrain/]: [Citizen Ravi · shepherd] completed GATHER minecraft:cobblestone
[25Sep2026 01:05:16.930] [Server thread/INFO] [ai.minecivilization.citizen.CitizenBrain/]: [Citizen Ravi · shepherd] Goal completed: INCREASE_RESOURCE minecraft:cobblestone x16
[25Sep2026 01:05:17.030] [Server thread/INFO] [ai.minecivilization.citizen.CitizenBrain/]: [Citizen Ravi · shepherd] Goal assigned: CRAFT_ITEM minecraft:shears x1 (ready in hand)
[25Sep2026 01:05:17.080] [Server thread/DEBUG] [ai.minecivilization.citizen.CitizenBrain/]: [Citizen Ravi · shepherd] starts CRAFT minecraft:shears
[25Sep2026 01:05:19.331] [Server thread/INFO] [ai.minecivilization.citizen.CitizenBrain/]: [Citizen Tomas · farmer] task CRAFT failed: TARGET_UNREACHABLE: Could not reach target after 6 repaths. (recoverable)
[25Sep2026 01:05:20.881] [Server thread/INFO] [ai.minecivilization.citizen.CitizenBrain/]: [Citizen Ravi · shepherd] task CRAFT failed: TARGET_NOT_FOUND: No reachable minecraft:deepslate_iron_ore (or any substitute) within 48 blocks. (recoverable)
[25Sep2026 01:05:20.930] [Server thread/INFO] [ai.minecivilization.citizen.CitizenBrain/]: [Citizen Ravi · shepherd] Goal assigned: HARVEST_FOOD (ready in hand)
[25Sep2026 01:05:21.030] [Server thread/INFO] [ai.minecivilization.citizen.CitizenBrain/]: [Citizen Ravi · shepherd] task HUNT failed: TARGET_NOT_FOUND: no wild animal to hunt within 48 blocks (recoverable)
[25Sep2026 01:05:21.080] [Server thread/INFO] [ai.minecivilization.citizen.CitizenBrain/]: [Citizen Ravi · shepherd] Goal assigned: CRAFT_ITEM minecraft:chest x1 (ready in hand)
[25Sep2026 01:05:21.831] [Server thread/INFO] [ai.minecivilization.citizen.CitizenBrain/]: [Citizen Mila · builder] task GATHER failed: TIMEOUT: TRAVERSE exceeded 1200 ticks (recoverable)
[25Sep2026 01:05:24.831] [Server thread/INFO] [ai.minecivilization.citizen.CitizenBrain/]: [Citizen Tomas · farmer] task CRAFT failed: TARGET_UNREACHABLE: Could not reach target after 6 repaths. (recoverable)
[25Sep2026 01:05:24.832] [Server thread/DEBUG] [ai.minecivilization.citizen.CitizenBrain/]: [Cognition] Tomas · farmer queued priority=HIGH reason=task_failed
[25Sep2026 01:05:24.931] [Server thread/INFO] [ai.minecivilization.citizen.CitizenBrain/]: [Citizen Ravi · shepherd] task CRAFT failed: TARGET_NOT_FOUND: No reachable minecraft:acacia_log (or any substitute) within 48 blocks. (recoverable)
[25Sep2026 01:05:24.986] [Server thread/INFO] [ai.minecivilization.citizen.CitizenBrain/]: [Citizen Ravi · shepherd] Goal assigned: INCREASE_RESOURCE minecraft:cobblestone x16 (ready in hand)
[25Sep2026 01:05:25.080] [Server thread/INFO] [ai.minecivilization.citizen.CitizenBrain/]: [Citizen Ravi · shepherd] completed GATHER minecraft:cobblestone
[25Sep2026 01:05:25.130] [Server thread/INFO] [ai.minecivilization.citizen.CitizenBrain/]: [Citizen Ravi · shepherd] Goal completed: INCREASE_RESOURCE minecraft:cobblestone x16
[25Sep2026 01:05:25.182] [Server thread/DEBUG] [ai.minecivilization.citizen.CitizenBrain/]: [Cognition] Ravi · shepherd queued priority=NORMAL reason=no_goal
[25Sep2026 01:05:25.231] [Server thread/INFO] [ai.minecivilization.citizen.CitizenBrain/]: [Citizen Ravi · shepherd] Goal assigned: HARVEST_FOOD
[25Sep2026 01:05:25.280] [Server thread/DEBUG] [ai.minecivilization.citizen.CitizenBrain/]: [Citizen Ravi · shepherd] starts HUNT
[25Sep2026 01:05:25.330] [Server thread/INFO] [ai.minecivilization.citizen.CitizenBrain/]: [Citizen Ravi · shepherd] task HUNT failed: TARGET_NOT_FOUND: no wild animal to hunt within 48 blocks (recoverable)
[25Sep2026 01:05:25.380] [Server thread/INFO] [ai.minecivilization.citizen.CitizenBrain/]: [Citizen Ravi · shepherd] Goal assigned: CRAFT_ITEM minecraft:oak_stairs x32 (ready in hand)
[25Sep2026 01:05:26.181] [Server thread/INFO] [ai.minecivilization.citizen.CitizenBrain/]: [Citizen Jonas · miner] dropped GATHER after NOT_MOVING — taking different work
[25Sep2026 01:05:26.182] [Server thread/DEBUG] [ai.minecivilization.citizen.CitizenBrain/]: [Cognition] Jonas · miner queued priority=NORMAL reason=no_goal
[25Sep2026 01:05:26.250] [Server thread/INFO] [ai.minecivilization.citizen.CitizenBrain/]: [Citizen Jonas · miner] Goal assigned: HARVEST_FOOD
[25Sep2026 01:05:26.281] [Server thread/DEBUG] [ai.minecivilization.citizen.CitizenBrain/]: [Citizen Jonas · miner] starts HUNT
[25Sep2026 01:05:29.231] [Server thread/INFO] [ai.minecivilization.citizen.CitizenBrain/]: [Citizen Ravi · shepherd] task CRAFT failed: TARGET_NOT_FOUND: No reachable minecraft:oak_log (or any substitute) within 48 blocks. (recoverable)
[25Sep2026 01:05:29.280] [Server thread/INFO] [ai.minecivilization.citizen.CitizenBrain/]: [Citizen Ravi · shepherd] Goal assigned: CRAFT_ITEM minecraft:chest x1 (ready in hand)
[25Sep2026 01:05:30.331] [Server thread/INFO] [ai.minecivilization.citizen.CitizenBrain/]: [Citizen Tomas · farmer] task CRAFT failed: TARGET_UNREACHABLE: Could not reach target after 6 repaths. (recoverable)
[25Sep2026 01:05:30.332] [Server thread/INFO] [ai.minecivilization.citizen.CitizenBrain/]: [Citizen Tomas · farmer] goal disengaged after 3 failures
[25Sep2026 01:05:30.332] [Server thread/DEBUG] [ai.minecivilization.citizen.CitizenBrain/]: [Cognition] Tomas · farmer queued priority=HIGH reason=task_failed
[25Sep2026 01:05:30.381] [Server thread/INFO] [ai.minecivilization.citizen.CitizenBrain/]: [Citizen Tomas · farmer] Goal assigned: CRAFT_ITEM minecraft:chest x2 (ready in hand)
[25Sep2026 01:05:33.131] [Server thread/INFO] [ai.minecivilization.citizen.CitizenBrain/]: [Citizen Ravi · shepherd] task CRAFT failed: TARGET_NOT_FOUND: No reachable minecraft:acacia_log (or any substitute) within 48 blocks. (recoverable)
[25Sep2026 01:05:33.180] [Server thread/INFO] [ai.minecivilization.citizen.CitizenBrain/]: [Citizen Ravi · shepherd] Goal assigned: HARVEST_FOOD (ready in hand)
[25Sep2026 01:05:33.280] [Server thread/INFO] [ai.minecivilization.citizen.CitizenBrain/]: [Citizen Ravi · shepherd] task HUNT failed: TARGET_NOT_FOUND: no wild animal to hunt within 48 blocks (recoverable)
[25Sep2026 01:05:33.335] [Server thread/INFO] [ai.minecivilization.citizen.CitizenBrain/]: [Citizen Ravi · shepherd] Goal assigned: INCREASE_RESOURCE minecraft:torch x16 (ready in hand)
[25Sep2026 01:05:34.080] [Server thread/INFO] [ai.minecivilization.citizen.CitizenBrain/]: [Citizen Lena · crafter] task CRAFT failed: TARGET_UNREACHABLE: Could not reach target after 6 repaths. (recoverable)
[25Sep2026 01:05:36.031] [Server thread/INFO] [ai.minecivilization.citizen.CitizenBrain/]: [Citizen Tomas · farmer] task CRAFT failed: TARGET_UNREACHABLE: Could not reach target after 6 repaths. (recoverable)
[25Sep2026 01:05:36.984] [Server thread/INFO] [ai.minecivilization.citizen.CitizenBrain/]: [Citizen Jonas · miner] completed HUNT
[25Sep2026 01:05:37.032] [Server thread/INFO] [ai.minecivilization.citizen.CitizenBrain/]: [Citizen Jonas · miner] Goal completed: HARVEST_FOOD
[25Sep2026 01:05:37.032] [Server thread/INFO] [ai.minecivilization.citizen.CitizenBrain/]: [Citizen Jonas · miner] Goal assigned: HARVEST_FOOD (ready in hand)
[25Sep2026 01:05:37.082] [Server thread/DEBUG] [ai.minecivilization.citizen.CitizenBrain/]: [Citizen Jonas · miner] starts HUNT
[25Sep2026 01:05:37.181] [Server thread/INFO] [ai.minecivilization.citizen.CitizenBrain/]: [Citizen Ravi · shepherd] task CRAFT failed: TARGET_NOT_FOUND: No reachable minecraft:acacia_log (or any substitute) within 48 blocks. (recoverable)
[25Sep2026 01:05:37.230] [Server thread/INFO] [ai.minecivilization.citizen.CitizenBrain/]: [Citizen Ravi · shepherd] Goal assigned: HARVEST_FOOD (ready in hand)
[25Sep2026 01:05:37.331] [Server thread/INFO] [ai.minecivilization.citizen.CitizenBrain/]: [Citizen Ravi · shepherd] task HUNT failed: TARGET_NOT_FOUND: no wild animal to hunt within 48 blocks (recoverable)
[25Sep2026 01:05:37.383] [Server thread/INFO] [ai.minecivilization.citizen.CitizenBrain/]: [Citizen Ravi · shepherd] Goal assigned: INCREASE_RESOURCE (ready in hand)
[25Sep2026 01:05:37.481] [Server thread/INFO] [ai.minecivilization.citizen.CitizenBrain/]: [Citizen Ravi · shepherd] task BUILD failed: MISSING_RESOURCE: need minecraft:chest for Civic centre marker db920766 (recoverable)
[25Sep2026 01:05:37.632] [Server thread/INFO] [ai.minecivilization.citizen.CitizenBrain/]: [Citizen Ravi · shepherd] Goal assigned: INCREASE_RESOURCE minecraft:dirt x16 (ready in hand)
[25Sep2026 01:05:37.730] [Server thread/INFO] [ai.minecivilization.citizen.CitizenBrain/]: [Citizen Ravi · shepherd] completed GATHER minecraft:dirt
[25Sep2026 01:05:37.781] [Server thread/INFO] [ai.minecivilization.citizen.CitizenBrain/]: [Citizen Ravi · shepherd] Goal completed: INCREASE_RESOURCE minecraft:dirt x16
[25Sep2026 01:05:37.880] [Server thread/INFO] [ai.minecivilization.citizen.CitizenBrain/]: [Citizen Ravi · shepherd] Goal assigned: CRAFT_ITEM minecraft:chest x1 (ready in hand)
[25Sep2026 01:05:37.930] [Server thread/DEBUG] [ai.minecivilization.citizen.CitizenBrain/]: [Citizen Ravi · shepherd] starts CRAFT minecraft:chest
[25Sep2026 01:05:37.980] [Server thread/INFO] [ai.minecivilization.citizen.CitizenBrain/]: [Citizen Mila · builder] completed GATHER minecraft:dirt
[25Sep2026 01:05:38.048] [Server thread/INFO] [ai.minecivilization.citizen.CitizenBrain/]: [Citizen Mila · builder] Goal completed: INCREASE_RESOURCE minecraft:dirt x16
[25Sep2026 01:05:38.049] [Server thread/INFO] [ai.minecivilization.citizen.CitizenBrain/]: [Citizen Mila · builder] Goal assigned: INCREASE_RESOURCE minecraft:oak_log x16 (ready in hand)
[25Sep2026 01:05:38.081] [Server thread/DEBUG] [ai.minecivilization.citizen.CitizenBrain/]: [Citizen Mila · builder] starts GATHER minecraft:oak_log
[25Sep2026 01:05:39.999] [Server thread/INFO] [ai.minecivilization.citizen.CitizenBrain/]: [Citizen Mila · builder] task GATHER failed: TARGET_NOT_FOUND: No reachable minecraft:oak_log (or any substitute) within 48 blocks. (recoverable)
[25Sep2026 01:05:40.031] [Server thread/INFO] [ai.minecivilization.citizen.CitizenBrain/]: [Citizen Mila · builder] Goal assigned: HARVEST_FOOD (ready in hand)
[25Sep2026 01:05:40.131] [Server thread/INFO] [ai.minecivilization.citizen.CitizenBrain/]: [Citizen Mila · builder] task HUNT failed: TARGET_NOT_FOUND: no wild animal to hunt within 48 blocks (recoverable)
[25Sep2026 01:05:40.198] [Server thread/INFO] [ai.minecivilization.citizen.CitizenBrain/]: [Citizen Mila · builder] Goal assigned: CRAFT_ITEM minecraft:wooden_sword x1 (ready in hand)
[25Sep2026 01:05:41.531] [Server thread/INFO] [ai.minecivilization.citizen.CitizenBrain/]: [Citizen Tomas · farmer] task CRAFT failed: TARGET_UNREACHABLE: Could not reach target after 6 repaths. (recoverable)
[25Sep2026 01:05:41.532] [Server thread/DEBUG] [ai.minecivilization.citizen.CitizenBrain/]: [Cognition] Tomas · farmer queued priority=HIGH reason=task_failed
[25Sep2026 01:05:41.731] [Server thread/INFO] [ai.minecivilization.citizen.CitizenBrain/]: [Citizen Ravi · shepherd] task CRAFT failed: TARGET_NOT_FOUND: No reachable minecraft:acacia_log (or any substitute) within 48 blocks. (recoverable)
[25Sep2026 01:05:41.780] [Server thread/INFO] [ai.minecivilization.citizen.CitizenBrain/]: [Citizen Ravi · shepherd] Goal assigned: HARVEST_FOOD (ready in hand)
[25Sep2026 01:05:41.880] [Server thread/INFO] [ai.minecivilization.citizen.CitizenBrain/]: [Citizen Ravi · shepherd] task HUNT failed: TARGET_NOT_FOUND: no wild animal to hunt within 48 blocks (recoverable)
[25Sep2026 01:05:41.934] [Server thread/INFO] [ai.minecivilization.citizen.CitizenBrain/]: [Citizen Ravi · shepherd] Goal assigned: INCREASE_RESOURCE minecraft:wooden_hoe x1 (ready in hand)
[25Sep2026 01:05:44.032] [Server thread/INFO] [ai.minecivilization.citizen.CitizenBrain/]: [Citizen Mila · builder] task CRAFT failed: TARGET_NOT_FOUND: No reachable minecraft:acacia_log (or any substitute) within 48 blocks. (recoverable)
[25Sep2026 01:05:44.081] [Server thread/INFO] [ai.minecivilization.citizen.CitizenBrain/]: [Citizen Mila · builder] Goal assigned: HARVEST_FOOD (ready in hand)
[25Sep2026 01:05:44.181] [Server thread/INFO] [ai.minecivilization.citizen.CitizenBrain/]: [Citizen Mila · builder] task HUNT failed: TARGET_NOT_FOUND: no wild animal to hunt within 48 blocks (recoverable)
[25Sep2026 01:05:44.231] [Server thread/INFO] [ai.minecivilization.citizen.CitizenBrain/]: [Citizen Mila · builder] Goal assigned: CRAFT_ITEM minecraft:oak_stairs x32 (ready in hand)
[25Sep2026 01:05:44.531] [Server thread/INFO] [ai.minecivilization.citizen.CitizenBrain/]: [Citizen Jonas · miner] completed HUNT
[25Sep2026 01:05:44.583] [Server thread/INFO] [ai.minecivilization.citizen.CitizenBrain/]: [Citizen Jonas · miner] Goal completed: HARVEST_FOOD
[25Sep2026 01:05:44.583] [Server thread/INFO] [ai.minecivilization.citizen.CitizenBrain/]: [Citizen Jonas · miner] Goal assigned: HARVEST_FOOD (ready in hand)
[25Sep2026 01:05:44.631] [Server thread/DEBUG] [ai.minecivilization.citizen.CitizenBrain/]: [Citizen Jonas · miner] starts HUNT
[25Sep2026 01:05:44.681] [Server thread/INFO] [ai.minecivilization.citizen.CitizenBrain/]: [Citizen Jonas · miner] task HUNT failed: TARGET_NOT_FOUND: no wild animal to hunt within 48 blocks (recoverable)
[25Sep2026 01:05:44.731] [Server thread/DEBUG] [ai.minecivilization.citizen.CitizenBrain/]: [Cognition] Jonas · miner queued priority=NORMAL reason=no_goal
[25Sep2026 01:05:44.783] [Server thread/INFO] [ai.minecivilization.citizen.CitizenBrain/]: [Citizen Jonas · miner] Goal assigned: HARVEST_FOOD
[25Sep2026 01:05:44.882] [Server thread/INFO] [ai.minecivilization.citizen.CitizenBrain/]: [Citizen Jonas · miner] task HUNT failed: TARGET_NOT_FOUND: no wild animal to hunt within 48 blocks (recoverable)
[25Sep2026 01:05:44.934] [Server thread/INFO] [ai.minecivilization.citizen.CitizenBrain/]: [Citizen Jonas · miner] Goal assigned: CRAFT_ITEM minecraft:wooden_sword x1 (ready in hand)
[25Sep2026 01:05:45.781] [Server thread/INFO] [ai.minecivilization.citizen.CitizenBrain/]: [Citizen Ravi · shepherd] task CRAFT failed: TARGET_NOT_FOUND: No reachable minecraft:acacia_log (or any substitute) within 48 blocks. (recoverable)
[25Sep2026 01:05:45.830] [Server thread/INFO] [ai.minecivilization.citizen.CitizenBrain/]: [Citizen Ravi · shepherd] Goal assigned: HARVEST_FOOD (ready in hand)
[25Sep2026 01:05:45.930] [Server thread/INFO] [ai.minecivilization.citizen.CitizenBrain/]: [Citizen Ravi · shepherd] task HUNT failed: TARGET_NOT_FOUND: no wild animal to hunt within 48 blocks (recoverable)
[25Sep2026 01:05:45.983] [Server thread/INFO] [ai.minecivilization.citizen.CitizenBrain/]: [Citizen Ravi · shepherd] Goal assigned: INCREASE_RESOURCE minecraft:cobblestone x16 (ready in hand)
[25Sep2026 01:05:46.080] [Server thread/INFO] [ai.minecivilization.citizen.CitizenBrain/]: [Citizen Ravi · shepherd] completed GATHER minecraft:cobblestone
[25Sep2026 01:05:46.130] [Server thread/INFO] [ai.minecivilization.citizen.CitizenBrain/]: [Citizen Ravi · shepherd] Goal completed: INCREASE_RESOURCE minecraft:cobblestone x16
[25Sep2026 01:05:46.230] [Server thread/INFO] [ai.minecivilization.citizen.CitizenBrain/]: [Citizen Ravi · shepherd] Goal assigned: CRAFT_ITEM minecraft:chest x1 (ready in hand)
[25Sep2026 01:05:46.280] [Server thread/DEBUG] [ai.minecivilization.citizen.CitizenBrain/]: [Citizen Ravi · shepherd] starts CRAFT minecraft:chest
[25Sep2026 01:05:46.681] [Server thread/INFO] [ai.minecivilization.telemetry.ColonyEventLog/]: [Colony/infrastructure] a new route is known: 31,19 → 97,34 (86 blocks)
[25Sep2026 01:05:47.033] [Server thread/INFO] [ai.minecivilization.citizen.CitizenBrain/]: [Citizen Tomas · farmer] task CRAFT failed: TARGET_UNREACHABLE: Could not reach target after 6 repaths. (recoverable)
[25Sep2026 01:05:47.033] [Server thread/INFO] [ai.minecivilization.citizen.CitizenBrain/]: [Citizen Tomas · farmer] goal disengaged after 3 failures
[25Sep2026 01:05:47.034] [Server thread/DEBUG] [ai.minecivilization.citizen.CitizenBrain/]: [Cognition] Tomas · farmer queued priority=HIGH reason=task_failed
[25Sep2026 01:05:47.082] [Server thread/INFO] [ai.minecivilization.citizen.CitizenBrain/]: [Citizen Tomas · farmer] Goal assigned: CRAFT_ITEM minecraft:chest x2 (ready in hand)
[25Sep2026 01:05:48.083] [Server thread/INFO] [ai.minecivilization.citizen.CitizenBrain/]: [Citizen Mila · builder] task CRAFT failed: TARGET_NOT_FOUND: No reachable minecraft:oak_log (or any substitute) within 48 blocks. (recoverable)
[25Sep2026 01:05:48.133] [Server thread/DEBUG] [ai.minecivilization.citizen.CitizenBrain/]: [Cognition] Mila · builder queued priority=NORMAL reason=no_goal
[25Sep2026 01:05:48.182] [Server thread/INFO] [ai.minecivilization.citizen.CitizenBrain/]: [Citizen Mila · builder] Goal assigned: HARVEST_FOOD
[25Sep2026 01:05:48.282] [Server thread/INFO] [ai.minecivilization.citizen.CitizenBrain/]: [Citizen Mila · builder] task HUNT failed: TARGET_NOT_FOUND: no wild animal to hunt within 48 blocks (recoverable)
[25Sep2026 01:05:48.333] [Server thread/INFO] [ai.minecivilization.citizen.CitizenBrain/]: [Citizen Mila · builder] Goal assigned: CRAFT_ITEM minecraft:chest x1 (ready in hand)
[25Sep2026 01:05:48.782] [Server thread/INFO] [ai.minecivilization.citizen.CitizenBrain/]: [Citizen Jonas · miner] task CRAFT failed: TARGET_NOT_FOUND: No reachable minecraft:acacia_log (or any substitute) within 48 blocks. (recoverable)
[25Sep2026 01:05:48.832] [Server thread/INFO] [ai.minecivilization.citizen.CitizenBrain/]: [Citizen Jonas · miner] Goal assigned: INCREASE_RESOURCE minecraft:torch x16 (ready in hand)
[25Sep2026 01:05:50.081] [Server thread/INFO] [ai.minecivilization.citizen.CitizenBrain/]: [Citizen Ravi · shepherd] task CRAFT failed: TARGET_NOT_FOUND: No reachable minecraft:acacia_log (or any substitute) within 48 blocks. (recoverable)
[25Sep2026 01:05:50.134] [Server thread/INFO] [ai.minecivilization.citizen.CitizenBrain/]: [Citizen Ravi · shepherd] Goal assigned: INCREASE_RESOURCE minecraft:dirt x16 (ready in hand)
[25Sep2026 01:05:50.230] [Server thread/INFO] [ai.minecivilization.citizen.CitizenBrain/]: [Citizen Ravi · shepherd] completed GATHER minecraft:dirt
[25Sep2026 01:05:50.280] [Server thread/INFO] [ai.minecivilization.citizen.CitizenBrain/]: [Citizen Ravi · shepherd] Goal completed: INCREASE_RESOURCE minecraft:dirt x16
[25Sep2026 01:05:50.281] [Server thread/DEBUG] [ai.minecivilization.citizen.CitizenBrain/]: [Cognition] Ravi · shepherd queued priority=NORMAL reason=goal_completed
[25Sep2026 01:05:50.332] [Server thread/INFO] [ai.minecivilization.citizen.CitizenBrain/]: [Citizen Ravi · shepherd] Goal assigned: HARVEST_FOOD
[25Sep2026 01:05:50.380] [Server thread/DEBUG] [ai.minecivilization.citizen.CitizenBrain/]: [Citizen Ravi · shepherd] starts HUNT
[25Sep2026 01:05:50.430] [Server thread/INFO] [ai.minecivilization.citizen.CitizenBrain/]: [Citizen Ravi · shepherd] task HUNT failed: TARGET_NOT_FOUND: no wild animal to hunt within 48 blocks (recoverable)
[25Sep2026 01:05:50.480] [Server thread/INFO] [ai.minecivilization.citizen.CitizenBrain/]: [Citizen Ravi · shepherd] Goal assigned: CRAFT_ITEM minecraft:chest x1 (ready in hand)
[25Sep2026 01:05:52.200] [Server thread/INFO] [ai.minecivilization.citizen.CitizenBrain/]: [Citizen Mila · builder] task CRAFT failed: TARGET_NOT_FOUND: No reachable minecraft:acacia_log (or any substitute) within 48 blocks. (recoverable)
[25Sep2026 01:05:52.233] [Server thread/INFO] [ai.minecivilization.citizen.CitizenBrain/]: [Citizen Mila · builder] Goal assigned: INCREASE_RESOURCE minecraft:torch x16 (ready in hand)
[25Sep2026 01:05:52.681] [Server thread/INFO] [ai.minecivilization.citizen.CitizenBrain/]: [Citizen Jonas · miner] task CRAFT failed: TARGET_NOT_FOUND: No reachable minecraft:acacia_log (or any substitute) within 48 blocks. (recoverable)
[25Sep2026 01:05:52.731] [Server thread/INFO] [ai.minecivilization.citizen.CitizenBrain/]: [Citizen Jonas · miner] Goal assigned: HARVEST_FOOD (ready in hand)
[25Sep2026 01:05:52.731] [Server thread/INFO] [ai.minecivilization.citizen.CitizenBrain/]: [Citizen Tomas · farmer] task CRAFT failed: TARGET_UNREACHABLE: Could not reach target after 6 repaths. (recoverable)
[25Sep2026 01:05:52.831] [Server thread/INFO] [ai.minecivilization.citizen.CitizenBrain/]: [Citizen Jonas · miner] task HUNT failed: TARGET_NOT_FOUND: no wild animal to hunt within 48 blocks (recoverable)
[25Sep2026 01:05:52.881] [Server thread/INFO] [ai.minecivilization.citizen.CitizenBrain/]: [Citizen Jonas · miner] Goal assigned: CRAFT_ITEM minecraft:chest x1 (ready in hand)
[25Sep2026 01:05:54.331] [Server thread/INFO] [ai.minecivilization.citizen.CitizenBrain/]: [Citizen Ravi · shepherd] task CRAFT failed: TARGET_NOT_FOUND: No reachable minecraft:acacia_log (or any substitute) within 48 blocks. (recoverable)
[25Sep2026 01:05:54.382] [Server thread/INFO] [ai.minecivilization.citizen.CitizenBrain/]: [Citizen Ravi · shepherd] Goal assigned: CRAFT_ITEM minecraft:shears x1 (ready in hand)
[25Sep2026 01:05:56.083] [Server thread/INFO] [ai.minecivilization.citizen.CitizenBrain/]: [Citizen Mila · builder] task CRAFT failed: TARGET_NOT_FOUND: No reachable minecraft:acacia_log (or any substitute) within 48 blocks. (recoverable)
[25Sep2026 01:05:56.132] [Server thread/INFO] [ai.minecivilization.citizen.CitizenBrain/]: [Citizen Mila · builder] Goal assigned: HARVEST_FOOD (ready in hand)
[25Sep2026 01:05:56.232] [Server thread/INFO] [ai.minecivilization.citizen.CitizenBrain/]: [Citizen Mila · builder] task HUNT failed: TARGET_NOT_FOUND: no wild animal to hunt within 48 blocks (recoverable)
[25Sep2026 01:05:56.283] [Server thread/INFO] [ai.minecivilization.citizen.CitizenBrain/]: [Citizen Mila · builder] Goal assigned: INCREASE_RESOURCE (ready in hand)
[25Sep2026 01:05:56.382] [Server thread/INFO] [ai.minecivilization.citizen.CitizenBrain/]: [Citizen Mila · builder] task BUILD failed: MISSING_RESOURCE: need minecraft:chest for Civic centre marker db920766 (recoverable)
[25Sep2026 01:05:56.533] [Server thread/INFO] [ai.minecivilization.citizen.CitizenBrain/]: [Citizen Mila · builder] Goal assigned: INCREASE_RESOURCE minecraft:wooden_hoe x1 (ready in hand)
[25Sep2026 01:05:56.731] [Server thread/INFO] [ai.minecivilization.citizen.CitizenBrain/]: [Citizen Jonas · miner] task CRAFT failed: TARGET_NOT_FOUND: No reachable minecraft:acacia_log (or any substitute) within 48 blocks. (recoverable)
[25Sep2026 01:05:56.781] [Server thread/INFO] [ai.minecivilization.citizen.CitizenBrain/]: [Citizen Jonas · miner] Goal assigned: HARVEST_FOOD (ready in hand)
[25Sep2026 01:05:56.832] [Server thread/INFO] [ai.minecivilization.events.ModEvents/]: [Colony] Colony — day 0, 10 citizen(s), 70% busy, 10 building, 4 road(s)
[25Sep2026 01:05:56.832] [Server thread/INFO] [ai.minecivilization.events.ModEvents/]: [Colony] 70% busy — working 7 building 0 exploring 0 returning 0 idle 0 stuck 3 lost 0
[25Sep2026 01:05:56.832] [Server thread/INFO] [ai.minecivilization.events.ModEvents/]: [Colony] time spent (4564s observed, 1% wasted): 34% walking  22% making a way  19% searching  10% exploring  7% crafting  4% mining  1% hauling  1% felling  1% no work
[25Sep2026 01:05:56.832] [Server thread/INFO] [ai.minecivilization.events.ModEvents/]: [Colony] 17 district(s), 0 container(s), 0 bed(s), 0 sign(s), 4 road(s), food 0 — growth: needs 11 beds, has 0
[25Sep2026 01:05:56.832] [Server thread/INFO] [ai.minecivilization.events.ModEvents/]: [Colony]   build Civic centre marker db920766 [WAITING_FOR_RESOURCES] 0% at -7,76,-7  waiting for 2x chest
[25Sep2026 01:05:56.832] [Server thread/INFO] [ai.minecivilization.events.ModEvents/]: [Colony]   build Town Hall [PLANNED] 0% at 1,73,1
[25Sep2026 01:05:56.832] [Server thread/INFO] [ai.minecivilization.events.ModEvents/]: [Colony]   build Oak House 1 [PLANNED] 0% at 7,70,18
[25Sep2026 01:05:56.832] [Server thread/INFO] [ai.minecivilization.events.ModEvents/]: [Colony]   build Warehouse district marker d1c79ed2 [PLANNED] 0% at -27,74,-7
[25Sep2026 01:05:56.832] [Server thread/INFO] [ai.minecivilization.events.ModEvents/]: [Colony]   build Warehouse 1 [PLANNED] 0% at -20,71,0
[25Sep2026 01:05:56.832] [Server thread/INFO] [ai.minecivilization.events.ModEvents/]: [Colony]   build Oak House 2 [PLANNED] 0% at 25,70,18
[25Sep2026 01:05:56.832] [Server thread/INFO] [ai.minecivilization.events.ModEvents/]: [Colony]   build Warehouse 2 [PLANNED] 0% at -32,72,0
[25Sep2026 01:05:56.832] [Server thread/INFO] [ai.minecivilization.events.ModEvents/]: [Colony]   build Oak House 3 [PLANNED] 0% at 43,76,18
[25Sep2026 01:05:56.832] [Server thread/INFO] [ai.minecivilization.events.ModEvents/]: [Colony]   build Oak House 4 [PLANNED] 0% at 61,79,18
[25Sep2026 01:05:56.832] [Server thread/INFO] [ai.minecivilization.events.ModEvents/]: [Colony]   build Oak House 5 [PLANNED] 0% at 79,72,18
[25Sep2026 01:05:56.832] [Server thread/INFO] [ai.minecivilization.events.ModEvents/]: [Colony]   Marie        LUMBERJACK  Working   CRAFT furnace x1       at 31,73,19  36m NW
[25Sep2026 01:05:56.832] [Server thread/INFO] [ai.minecivilization.events.ModEvents/]: [Colony]   Zoe          MINER       Stuck     CRAFT wooden axe x1    at -48,72,-6  48m E  ! Not moving
[25Sep2026 01:05:56.832] [Server thread/INFO] [ai.minecivilization.events.ModEvents/]: [Colony]   Hugo         FARMER      Stuck     GATHER cobblestone x32 at 31,73,19  36m NW  ! Not moving
[25Sep2026 01:05:56.832] [Server thread/INFO] [ai.minecivilization.events.ModEvents/]: [Colony]   Noor         BUILDER     Stuck     EXPLORE x1             at 31,73,19  36m NW  ! Not moving
[25Sep2026 01:05:56.832] [Server thread/INFO] [ai.minecivilization.events.ModEvents/]: [Colony]   Lena         CRAFTER     Working   CRAFT crafting table x1 at -3,74,-1  5m E
[25Sep2026 01:05:56.832] [Server thread/INFO] [ai.minecivilization.events.ModEvents/]: [Colony]   Ravi         SHEPHERD    Working   CRAFT shears x1        at -1,62,-3  8m S
[25Sep2026 01:05:56.832] [Server thread/INFO] [ai.minecivilization.events.ModEvents/]: [Colony]   Sam          LUMBERJACK  Working   CRAFT wooden sword x1  at -14,73,37  39m N
[25Sep2026 01:05:56.832] [Server thread/INFO] [ai.minecivilization.events.ModEvents/]: [Colony]   Jonas        MINER       Working   HUNT                   at 97,63,34  103m W
[25Sep2026 01:05:56.832] [Server thread/INFO] [ai.minecivilization.events.ModEvents/]: [Colony]   Tomas        FARMER      Working   CRAFT chest x2         at 1,67,-1  3m SW
[25Sep2026 01:05:56.832] [Server thread/INFO] [ai.minecivilization.events.ModEvents/]: [Colony]   Mila         BUILDER     Working   CRAFT wooden hoe x1    at -1,62,-4  9m S
[25Sep2026 01:05:56.832] [Server thread/INFO] [ai.minecivilization.events.ModEvents/]: [Colony] Citizen Zoe [MINER]  Stuck
[25Sep2026 01:05:56.832] [Server thread/INFO] [ai.minecivilization.events.ModEvents/]: [Colony]   Goal:        CRAFT_ITEM wooden axe x1 — tools: make a wooden axe
[25Sep2026 01:05:56.833] [Server thread/INFO] [ai.minecivilization.events.ModEvents/]: [Colony]   Task:        CRAFT wooden axe x1
[25Sep2026 01:05:56.833] [Server thread/INFO] [ai.minecivilization.events.ModEvents/]: [Colony]   Doing:       CRAFT_ITEM step 2/2 CRAFT minecraft:wooden_axe — crafting minecraft:wooden_axe (0/1)
[25Sep2026 01:05:56.833] [Server thread/INFO] [ai.minecivilization.events.ModEvents/]: [Colony]   Priority:    tools
[25Sep2026 01:05:56.833] [Server thread/INFO] [ai.minecivilization.events.ModEvents/]: [Colony]   Position:    X=-48 Y=72 Z=-6
[25Sep2026 01:05:56.833] [Server thread/INFO] [ai.minecivilization.events.ModEvents/]: [Colony]   Colony:      X=0 Y=70 Z=0  (48m E)
[25Sep2026 01:05:56.833] [Server thread/INFO] [ai.minecivilization.events.ModEvents/]: [Colony]   Condition:   health 40  hunger 20  energy 100
[25Sep2026 01:05:56.833] [Server thread/INFO] [ai.minecivilization.events.ModEvents/]: [Colony]   Because:     make a wooden axe
[25Sep2026 01:05:56.833] [Server thread/INFO] [ai.minecivilization.events.ModEvents/]: [Colony]   Problem:     Not moving (56s)
[25Sep2026 01:05:56.833] [Server thread/INFO] [ai.minecivilization.events.ModEvents/]: [Colony]   Completed:   0 task(s)   failures 0   cognition idle
[25Sep2026 01:05:56.833] [Server thread/INFO] [ai.minecivilization.events.ModEvents/]: [Colony]   Carrying:    {minecraft:spruce_log=4, minecraft:dirt=1, minecraft:spruce_planks=6, minecraft:stick=4}
[25Sep2026 01:05:56.833] [Server thread/INFO] [ai.minecivilization.events.ModEvents/]: [Colony] Citizen Hugo [FARMER]  Stuck
[25Sep2026 01:05:56.833] [Server thread/INFO] [ai.minecivilization.events.ModEvents/]: [Colony]   Goal:        INCREASE_RESOURCE cobblestone x32 — construction: fetch cobblestone for Oak House 2
[25Sep2026 01:05:56.833] [Server thread/INFO] [ai.minecivilization.events.ModEvents/]: [Colony]   Task:        GATHER cobblestone x32
[25Sep2026 01:05:56.833] [Server thread/INFO] [ai.minecivilization.events.ModEvents/]: [Colony]   Doing:       TRAVERSE FALL 1/2
[25Sep2026 01:05:56.833] [Server thread/INFO] [ai.minecivilization.events.ModEvents/]: [Colony]   Priority:    construction
[25Sep2026 01:05:56.833] [Server thread/INFO] [ai.minecivilization.events.ModEvents/]: [Colony]   Position:    X=31 Y=73 Z=19
[25Sep2026 01:05:56.833] [Server thread/INFO] [ai.minecivilization.events.ModEvents/]: [Colony]   Colony:      X=0 Y=70 Z=0  (36m NW)
[25Sep2026 01:05:56.833] [Server thread/INFO] [ai.minecivilization.events.ModEvents/]: [Colony]   Condition:   health 40  hunger 20  energy 100
[25Sep2026 01:05:56.833] [Server thread/INFO] [ai.minecivilization.events.ModEvents/]: [Colony]   Because:     fetch cobblestone for Oak House 2
[25Sep2026 01:05:56.833] [Server thread/INFO] [ai.minecivilization.events.ModEvents/]: [Colony]   Problem:     Not moving (63s)
[25Sep2026 01:05:56.833] [Server thread/INFO] [ai.minecivilization.events.ModEvents/]: [Colony]   Last done:   EXPLORE
[25Sep2026 01:05:56.833] [Server thread/INFO] [ai.minecivilization.events.ModEvents/]: [Colony]   Completed:   1 task(s)   failures 0   cognition idle
[25Sep2026 01:05:56.833] [Server thread/INFO] [ai.minecivilization.events.ModEvents/]: [Colony]   Carrying:    {}
[25Sep2026 01:05:56.833] [Server thread/INFO] [ai.minecivilization.events.ModEvents/]: [Colony] Citizen Noor [BUILDER]  Stuck
[25Sep2026 01:05:56.833] [Server thread/INFO] [ai.minecivilization.events.ModEvents/]: [Colony]   Goal:        EXPLORE x1 — exploration: survey the land around the colony
[25Sep2026 01:05:56.833] [Server thread/INFO] [ai.minecivilization.events.ModEvents/]: [Colony]   Task:        EXPLORE x1
[25Sep2026 01:05:56.833] [Server thread/INFO] [ai.minecivilization.events.ModEvents/]: [Colony]   Doing:       EXPLORE exploring toward 91,-31 (81m, 140 found)
[25Sep2026 01:05:56.833] [Server thread/INFO] [ai.minecivilization.events.ModEvents/]: [Colony]   Priority:    exploration
[25Sep2026 01:05:56.833] [Server thread/INFO] [ai.minecivilization.events.ModEvents/]: [Colony]   Position:    X=31 Y=73 Z=19
[25Sep2026 01:05:56.833] [Server thread/INFO] [ai.minecivilization.events.ModEvents/]: [Colony]   Colony:      X=0 Y=70 Z=0  (36m NW)
[25Sep2026 01:05:56.833] [Server thread/INFO] [ai.minecivilization.events.ModEvents/]: [Colony]   Condition:   health 40  hunger 21  energy 100
[25Sep2026 01:05:56.833] [Server thread/INFO] [ai.minecivilization.events.ModEvents/]: [Colony]   Because:     survey the land around the colony
[25Sep2026 01:05:56.833] [Server thread/INFO] [ai.minecivilization.events.ModEvents/]: [Colony]   Problem:     Not moving (40s)
[25Sep2026 01:05:56.833] [Server thread/INFO] [ai.minecivilization.events.ModEvents/]: [Colony]   Last done:   PLACE minecraft:furnace
[25Sep2026 01:05:56.833] [Server thread/INFO] [ai.minecivilization.events.ModEvents/]: [Colony]   Completed:   3 task(s)   failures 0   cognition idle
[25Sep2026 01:05:56.833] [Server thread/INFO] [ai.minecivilization.events.ModEvents/]: [Colony]   Holding:     explore
[25Sep2026 01:05:56.833] [Server thread/INFO] [ai.minecivilization.events.ModEvents/]: [Colony]   Carrying:    {minecraft:cobblestone=8}
[25Sep2026 01:05:56.881] [Server thread/INFO] [ai.minecivilization.citizen.CitizenBrain/]: [Citizen Jonas · miner] task HUNT failed: TARGET_NOT_FOUND: no wild animal to hunt within 48 blocks (recoverable)
[25Sep2026 01:05:56.931] [Server thread/INFO] [ai.minecivilization.citizen.CitizenBrain/]: [Citizen Jonas · miner] Goal assigned: INCREASE_RESOURCE minecraft:cobblestone x32 (ready in hand)
[25Sep2026 01:05:57.730] [Server thread/INFO] [ai.minecivilization.citizen.CitizenBrain/]: [Citizen Noor · builder] completed EXPLORE
[25Sep2026 01:05:57.780] [Server thread/INFO] [ai.minecivilization.citizen.CitizenBrain/]: [Citizen Noor · builder] Goal completed: EXPLORE x1
[25Sep2026 01:05:57.780] [Server thread/INFO] [ai.minecivilization.citizen.CitizenBrain/]: [Citizen Noor · builder] Goal assigned: HARVEST_FOOD (ready in hand)
[25Sep2026 01:05:57.830] [Server thread/DEBUG] [ai.minecivilization.citizen.CitizenBrain/]: [Citizen Noor · builder] starts HUNT
[25Sep2026 01:05:57.880] [Server thread/INFO] [ai.minecivilization.citizen.CitizenBrain/]: [Citizen Noor · builder] task HUNT failed: TARGET_NOT_FOUND: no wild animal to hunt within 48 blocks (recoverable)
[25Sep2026 01:05:57.930] [Server thread/DEBUG] [ai.minecivilization.citizen.CitizenBrain/]: [Cognition] Noor · builder queued priority=NORMAL reason=no_goal
[25Sep2026 01:05:57.982] [Server thread/INFO] [ai.minecivilization.citizen.CitizenBrain/]: [Citizen Noor · builder] Goal assigned: HARVEST_FOOD
[25Sep2026 01:05:58.080] [Server thread/INFO] [ai.minecivilization.citizen.CitizenBrain/]: [Citizen Noor · builder] task HUNT failed: TARGET_NOT_FOUND: no wild animal to hunt within 48 blocks (recoverable)
[25Sep2026 01:05:58.130] [Server thread/INFO] [ai.minecivilization.citizen.CitizenBrain/]: [Citizen Noor · builder] Goal assigned: CRAFT_ITEM minecraft:wooden_sword x1 (ready in hand)
[25Sep2026 01:05:58.231] [Server thread/INFO] [ai.minecivilization.citizen.CitizenBrain/]: [Citizen Ravi · shepherd] task CRAFT failed: TARGET_NOT_FOUND: No reachable minecraft:deepslate_iron_ore (or any substitute) within 48 blocks. (recoverable)
[25Sep2026 01:05:58.231] [Server thread/INFO] [ai.minecivilization.citizen.CitizenBrain/]: [Citizen Tomas · farmer] task CRAFT failed: TARGET_UNREACHABLE: Could not reach target after 6 repaths. (recoverable)
[25Sep2026 01:05:58.231] [Server thread/DEBUG] [ai.minecivilization.citizen.CitizenBrain/]: [Cognition] Tomas · farmer queued priority=HIGH reason=task_failed
[25Sep2026 01:05:58.281] [Server thread/INFO] [ai.minecivilization.citizen.CitizenBrain/]: [Citizen Ravi · shepherd] Goal assigned: HARVEST_FOOD (ready in hand)
[25Sep2026 01:05:58.381] [Server thread/INFO] [ai.minecivilization.citizen.CitizenBrain/]: [Citizen Ravi · shepherd] task HUNT failed: TARGET_NOT_FOUND: no wild animal to hunt within 48 blocks (recoverable)
[25Sep2026 01:05:58.432] [Server thread/INFO] [ai.minecivilization.citizen.CitizenBrain/]: [Citizen Ravi · shepherd] Goal assigned: EXPLORE x1 (ready in hand)
[25Sep2026 01:05:59.831] [Server thread/INFO] [ai.minecivilization.citizen.CitizenBrain/]: [Citizen Ravi · shepherd] task EXPLORE failed: TARGET_UNREACHABLE: Could not reach target after 6 repaths. (recoverable)
[25Sep2026 01:06:00.381] [Server thread/INFO] [ai.minecivilization.citizen.CitizenBrain/]: [Citizen Mila · builder] task CRAFT failed: TARGET_NOT_FOUND: No reachable minecraft:acacia_log (or any substitute) within 48 blocks. (recoverable)
[25Sep2026 01:06:00.458] [Server thread/INFO] [ai.minecivilization.citizen.CitizenBrain/]: [Citizen Mila · builder] Goal assigned: HARVEST_FOOD (ready in hand)
[25Sep2026 01:06:00.531] [Server thread/INFO] [ai.minecivilization.citizen.CitizenBrain/]: [Citizen Mila · builder] task HUNT failed: TARGET_NOT_FOUND: no wild animal to hunt within 48 blocks (recoverable)
[25Sep2026 01:06:00.584] [Server thread/INFO] [ai.minecivilization.citizen.CitizenBrain/]: [Citizen Mila · builder] Goal assigned: INCREASE_RESOURCE minecraft:cobblestone x16 (ready in hand)
[25Sep2026 01:06:00.681] [Server thread/INFO] [ai.minecivilization.citizen.CitizenBrain/]: [Citizen Mila · builder] completed GATHER minecraft:cobblestone
[25Sep2026 01:06:00.731] [Server thread/INFO] [ai.minecivilization.citizen.CitizenBrain/]: [Citizen Mila · builder] Goal completed: INCREASE_RESOURCE minecraft:cobblestone x16
[25Sep2026 01:06:00.781] [Server thread/INFO] [ai.minecivilization.citizen.CitizenBrain/]: [Citizen Ravi · shepherd] task EXPLORE failed: TARGET_UNREACHABLE: Could not reach target after 6 repaths. (recoverable)
[25Sep2026 01:06:00.849] [Server thread/INFO] [ai.minecivilization.citizen.CitizenBrain/]: [Citizen Mila · builder] Goal assigned: CRAFT_ITEM minecraft:chest x1 (ready in hand)
[25Sep2026 01:06:00.881] [Server thread/DEBUG] [ai.minecivilization.citizen.CitizenBrain/]: [Citizen Mila · builder] starts CRAFT minecraft:chest
[25Sep2026 01:06:01.731] [Server thread/INFO] [ai.minecivilization.citizen.CitizenBrain/]: [Citizen Ravi · shepherd] task EXPLORE keeps failing (TARGET_UNREACHABLE) — further repeats will not be logged
[25Sep2026 01:06:01.731] [Server thread/INFO] [ai.minecivilization.citizen.CitizenBrain/]: [Citizen Ravi · shepherd] goal disengaged after 3 failures
[25Sep2026 01:06:01.781] [Server thread/INFO] [ai.minecivilization.citizen.CitizenBrain/]: [Citizen Ravi · shepherd] dropped nothing after REPEATED_FAILURE — taking different work
[25Sep2026 01:06:01.781] [Server thread/INFO] [ai.minecivilization.citizen.CitizenBrain/]: [Citizen Ravi · shepherd] Goal assigned: CRAFT_ITEM minecraft:oak_stairs x32 (ready in hand)
[25Sep2026 01:06:01.831] [Server thread/DEBUG] [ai.minecivilization.citizen.CitizenBrain/]: [Citizen Ravi · shepherd] starts CRAFT minecraft:oak_stairs
[25Sep2026 01:06:01.981] [Server thread/INFO] [ai.minecivilization.citizen.CitizenBrain/]: [Citizen Noor · builder] task CRAFT failed: TARGET_NOT_FOUND: No reachable minecraft:acacia_log (or any substitute) within 48 blocks. (recoverable)
[25Sep2026 01:06:02.030] [Server thread/INFO] [ai.minecivilization.citizen.CitizenBrain/]: [Citizen Noor · builder] Goal assigned: INCREASE_RESOURCE minecraft:cobblestone x32 (ready in hand)
[25Sep2026 01:06:02.380] [Server thread/INFO] [ai.minecivilization.citizen.CitizenBrain/]: [Citizen Hugo · farmer] task GATHER failed: TARGET_UNREACHABLE: Could not reach target after 6 repaths. (recoverable)
[25Sep2026 01:06:03.731] [Server thread/INFO] [ai.minecivilization.citizen.CitizenBrain/]: [Citizen Tomas · farmer] task CRAFT failed: TARGET_UNREACHABLE: Could not reach target after 6 repaths. (recoverable)
[25Sep2026 01:06:03.732] [Server thread/INFO] [ai.minecivilization.citizen.CitizenBrain/]: [Citizen Tomas · farmer] goal disengaged after 3 failures
[25Sep2026 01:06:03.732] [Server thread/DEBUG] [ai.minecivilization.citizen.CitizenBrain/]: [Cognition] Tomas · farmer queued priority=HIGH reason=task_failed
[25Sep2026 01:06:03.780] [Server thread/INFO] [ai.minecivilization.citizen.CitizenBrain/]: [Citizen Tomas · farmer] Goal assigned: CRAFT_ITEM minecraft:chest x2 (ready in hand)
[25Sep2026 01:06:04.081] [Server thread/INFO] [ai.minecivilization.citizen.CitizenBrain/]: [Citizen Sam · lumberjack] task CRAFT failed: TARGET_UNREACHABLE: Could not reach target after 6 repaths. (recoverable)
[25Sep2026 01:06:04.081] [Server thread/INFO] [ai.minecivilization.citizen.CitizenBrain/]: [Citizen Sam · lumberjack] goal disengaged after 3 failures
[25Sep2026 01:06:04.081] [Server thread/DEBUG] [ai.minecivilization.citizen.CitizenBrain/]: [Cognition] Sam · lumberjack queued priority=HIGH reason=task_failed
[25Sep2026 01:06:04.131] [Server thread/INFO] [ai.minecivilization.citizen.CitizenBrain/]: [Citizen Sam · lumberjack] Goal assigned: CRAFT_ITEM minecraft:wooden_sword x1 (ready in hand)
[25Sep2026 01:06:04.682] [Server thread/INFO] [ai.minecivilization.citizen.CitizenBrain/]: [Citizen Mila · builder] task CRAFT failed: TARGET_NOT_FOUND: No reachable minecraft:acacia_log (or any substitute) within 48 blocks. (recoverable)
[25Sep2026 01:06:04.732] [Server thread/INFO] [ai.minecivilization.citizen.CitizenBrain/]: [Citizen Mila · builder] Goal assigned: HARVEST_FOOD (ready in hand)
[25Sep2026 01:06:04.832] [Server thread/INFO] [ai.minecivilization.citizen.CitizenBrain/]: [Citizen Mila · builder] task HUNT failed: TARGET_NOT_FOUND: no wild animal to hunt within 48 blocks (recoverable)
[25Sep2026 01:06:04.881] [Server thread/INFO] [ai.minecivilization.citizen.CitizenBrain/]: [Citizen Mila · builder] Goal assigned: EXPLORE x1 (ready in hand)
[25Sep2026 01:06:05.631] [Server thread/INFO] [ai.minecivilization.citizen.CitizenBrain/]: [Citizen Ravi · shepherd] task CRAFT failed: TARGET_NOT_FOUND: No reachable minecraft:oak_log (or any substitute) within 48 blocks. (recoverable)
[25Sep2026 01:06:05.681] [Server thread/INFO] [ai.minecivilization.citizen.CitizenBrain/]: [Citizen Ravi · shepherd] Goal assigned: HARVEST_FOOD (ready in hand)
[25Sep2026 01:06:05.780] [Server thread/INFO] [ai.minecivilization.citizen.CitizenBrain/]: [Citizen Ravi · shepherd] task HUNT failed: TARGET_NOT_FOUND: no wild animal to hunt within 48 blocks (recoverable)
[25Sep2026 01:06:05.834] [Server thread/INFO] [ai.minecivilization.citizen.CitizenBrain/]: [Citizen Ravi · shepherd] Goal assigned: INCREASE_RESOURCE minecraft:oak_log x16 (ready in hand)
[25Sep2026 01:06:06.550] [Server thread/INFO] [ai.minecivilization.citizen.CitizenBrain/]: [Citizen Mila · builder] task EXPLORE failed: TARGET_UNREACHABLE: Could not reach target after 6 repaths. (recoverable)
[25Sep2026 01:06:07.430] [Server thread/INFO] [ai.minecivilization.citizen.CitizenBrain/]: [Citizen Marie · lumberjack] task CRAFT failed: TARGET_UNREACHABLE: Could not reach target after 6 repaths. (recoverable)
[25Sep2026 01:06:07.430] [Server thread/DEBUG] [ai.minecivilization.citizen.CitizenBrain/]: [Cognition] Marie · lumberjack queued priority=HIGH reason=task_failed
[25Sep2026 01:06:07.482] [Server thread/INFO] [ai.minecivilization.citizen.CitizenBrain/]: [Citizen Mila · builder] task EXPLORE failed: TARGET_UNREACHABLE: Could not reach target after 6 repaths. (recoverable)
[25Sep2026 01:06:07.781] [Server thread/INFO] [ai.minecivilization.citizen.CitizenBrain/]: [Citizen Ravi · shepherd] task GATHER failed: TARGET_NOT_FOUND: No reachable minecraft:oak_log (or any substitute) within 48 blocks. (recoverable)
[25Sep2026 01:06:07.833] [Server thread/INFO] [ai.minecivilization.citizen.CitizenBrain/]: [Citizen Ravi · shepherd] Goal assigned: INCREASE_RESOURCE minecraft:cobblestone x16 (ready in hand)
[25Sep2026 01:06:07.930] [Server thread/INFO] [ai.minecivilization.citizen.CitizenBrain/]: [Citizen Ravi · shepherd] completed GATHER minecraft:cobblestone
[25Sep2026 01:06:07.980] [Server thread/INFO] [ai.minecivilization.citizen.CitizenBrain/]: [Citizen Ravi · shepherd] Goal completed: INCREASE_RESOURCE minecraft:cobblestone x16
[25Sep2026 01:06:08.080] [Server thread/INFO] [ai.minecivilization.citizen.CitizenBrain/]: [Citizen Ravi · shepherd] Goal assigned: CRAFT_ITEM minecraft:oak_stairs x32 (ready in hand)
[25Sep2026 01:06:08.130] [Server thread/DEBUG] [ai.minecivilization.citizen.CitizenBrain/]: [Citizen Ravi · shepherd] starts CRAFT minecraft:oak_stairs
[25Sep2026 01:06:08.431] [Server thread/INFO] [ai.minecivilization.citizen.CitizenBrain/]: [Citizen Mila · builder] task EXPLORE keeps failing (TARGET_UNREACHABLE) — further repeats will not be logged
[25Sep2026 01:06:08.431] [Server thread/INFO] [ai.minecivilization.citizen.CitizenBrain/]: [Citizen Mila · builder] goal disengaged after 3 failures
[25Sep2026 01:06:08.498] [Server thread/INFO] [ai.minecivilization.citizen.CitizenBrain/]: [Citizen Mila · builder] dropped nothing after REPEATED_FAILURE — taking different work
[25Sep2026 01:06:08.499] [Server thread/INFO] [ai.minecivilization.citizen.CitizenBrain/]: [Citizen Mila · builder] Goal assigned: INCREASE_RESOURCE minecraft:oak_log x16 (ready in hand)
[25Sep2026 01:06:08.531] [Server thread/DEBUG] [ai.minecivilization.citizen.CitizenBrain/]: [Citizen Mila · builder] starts GATHER minecraft:oak_log
[25Sep2026 01:06:09.431] [Server thread/INFO] [ai.minecivilization.citizen.CitizenBrain/]: [Citizen Tomas · farmer] task CRAFT failed: TARGET_UNREACHABLE: Could not reach target after 6 repaths. (recoverable)
[25Sep2026 01:06:10.432] [Server thread/INFO] [ai.minecivilization.citizen.CitizenBrain/]: [Citizen Mila · builder] task GATHER failed: TARGET_NOT_FOUND: No reachable minecraft:oak_log (or any substitute) within 48 blocks. (recoverable)
[25Sep2026 01:06:10.482] [Server thread/INFO] [ai.minecivilization.citizen.CitizenBrain/]: [Citizen Mila · builder] Goal assigned: INCREASE_RESOURCE minecraft:cobblestone x16 (ready in hand)
[25Sep2026 01:06:10.581] [Server thread/INFO] [ai.minecivilization.citizen.CitizenBrain/]: [Citizen Mila · builder] completed GATHER minecraft:cobblestone
[25Sep2026 01:06:10.647] [Server thread/INFO] [ai.minecivilization.citizen.CitizenBrain/]: [Citizen Mila · builder] Goal completed: INCREASE_RESOURCE minecraft:cobblestone x16
[25Sep2026 01:06:10.735] [Server thread/INFO] [ai.minecivilization.citizen.CitizenBrain/]: [Citizen Mila · builder] Goal assigned: EXPLORE x1 (ready in hand)
[25Sep2026 01:06:10.784] [Server thread/DEBUG] [ai.minecivilization.citizen.CitizenBrain/]: [Citizen Mila · builder] starts EXPLORE
[25Sep2026 01:06:11.731] [Server thread/INFO] [ai.minecivilization.citizen.CitizenBrain/]: [Citizen Mila · builder] task EXPLORE failed: TARGET_UNREACHABLE: Could not reach target after 6 repaths. (recoverable)
[25Sep2026 01:06:11.931] [Server thread/INFO] [ai.minecivilization.citizen.CitizenBrain/]: [Citizen Ravi · shepherd] task CRAFT failed: TARGET_NOT_FOUND: No reachable minecraft:oak_log (or any substitute) within 48 blocks. (recoverable)
[25Sep2026 01:06:11.980] [Server thread/INFO] [ai.minecivilization.citizen.CitizenBrain/]: [Citizen Ravi · shepherd] Goal assigned: HARVEST_FOOD (ready in hand)
[25Sep2026 01:06:12.080] [Server thread/INFO] [ai.minecivilization.citizen.CitizenBrain/]: [Citizen Ravi · shepherd] task HUNT failed: TARGET_NOT_FOUND: no wild animal to hunt within 48 blocks (recoverable)
[25Sep2026 01:06:12.136] [Server thread/INFO] [ai.minecivilization.citizen.CitizenBrain/]: [Citizen Ravi · shepherd] Goal assigned: INCREASE_RESOURCE minecraft:dirt x16 (ready in hand)
[25Sep2026 01:06:12.681] [Server thread/INFO] [ai.minecivilization.citizen.CitizenBrain/]: [Citizen Mila · builder] task EXPLORE failed: TARGET_UNREACHABLE: Could not reach target after 6 repaths. (recoverable)
[25Sep2026 01:06:13.230] [Server thread/INFO] [ai.minecivilization.citizen.CitizenBrain/]: [Citizen Ravi · shepherd] completed GATHER minecraft:dirt
[25Sep2026 01:06:13.280] [Server thread/INFO] [ai.minecivilization.citizen.CitizenBrain/]: [Citizen Ravi · shepherd] Goal completed: INCREASE_RESOURCE minecraft:dirt x16
[25Sep2026 01:06:13.330] [Server thread/INFO] [ai.minecivilization.citizen.CitizenBrain/]: [Citizen Ravi · shepherd] Goal assigned: CRAFT_ITEM minecraft:oak_stairs x32 (ready in hand)
[25Sep2026 01:06:13.380] [Server thread/DEBUG] [ai.minecivilization.citizen.CitizenBrain/]: [Citizen Ravi · shepherd] starts CRAFT minecraft:oak_stairs
[25Sep2026 01:06:14.931] [Server thread/INFO] [ai.minecivilization.citizen.CitizenBrain/]: [Citizen Tomas · farmer] task CRAFT failed: TARGET_UNREACHABLE: Could not reach target after 6 repaths. (recoverable)
[25Sep2026 01:06:14.931] [Server thread/DEBUG] [ai.minecivilization.citizen.CitizenBrain/]: [Cognition] Tomas · farmer queued priority=HIGH reason=task_failed
[25Sep2026 01:06:17.181] [Server thread/INFO] [ai.minecivilization.citizen.CitizenBrain/]: [Citizen Ravi · shepherd] task CRAFT failed: TARGET_NOT_FOUND: No reachable minecraft:oak_log (or any substitute) within 48 blocks. (recoverable)
[25Sep2026 01:06:17.230] [Server thread/INFO] [ai.minecivilization.citizen.CitizenBrain/]: [Citizen Ravi · shepherd] Goal assigned: HARVEST_FOOD (ready in hand)
[25Sep2026 01:06:17.330] [Server thread/INFO] [ai.minecivilization.citizen.CitizenBrain/]: [Citizen Ravi · shepherd] task HUNT failed: TARGET_NOT_FOUND: no wild animal to hunt within 48 blocks (recoverable)
[25Sep2026 01:06:17.380] [Server thread/INFO] [ai.minecivilization.citizen.CitizenBrain/]: [Citizen Ravi · shepherd] Goal assigned: INCREASE_RESOURCE x1 (ready in hand)
[25Sep2026 01:06:17.530] [Server thread/INFO] [ai.minecivilization.citizen.CitizenBrain/]: [Citizen Ravi · shepherd] task COLLECT failed: TARGET_NOT_FOUND: no dropped items within 14 blocks (recoverable)
[25Sep2026 01:06:17.634] [Server thread/INFO] [ai.minecivilization.citizen.CitizenBrain/]: [Citizen Ravi · shepherd] Goal assigned: INCREASE_RESOURCE minecraft:cobblestone x16 (ready in hand)
[25Sep2026 01:06:17.730] [Server thread/INFO] [ai.minecivilization.citizen.CitizenBrain/]: [Citizen Ravi · shepherd] completed GATHER minecraft:cobblestone
[25Sep2026 01:06:17.780] [Server thread/INFO] [ai.minecivilization.citizen.CitizenBrain/]: [Citizen Ravi · shepherd] Goal completed: INCREASE_RESOURCE minecraft:cobblestone x16
[25Sep2026 01:06:17.882] [Server thread/INFO] [ai.minecivilization.citizen.CitizenBrain/]: [Citizen Ravi · shepherd] Goal assigned: INCREASE_RESOURCE minecraft:cobblestone x16 (ready in hand)
[25Sep2026 01:06:17.930] [Server thread/DEBUG] [ai.minecivilization.citizen.CitizenBrain/]: [Citizen Ravi · shepherd] starts GATHER minecraft:cobblestone
[25Sep2026 01:06:17.980] [Server thread/INFO] [ai.minecivilization.citizen.CitizenBrain/]: [Citizen Ravi · shepherd] completed GATHER minecraft:cobblestone
[25Sep2026 01:06:18.030] [Server thread/INFO] [ai.minecivilization.citizen.CitizenBrain/]: [Citizen Ravi · shepherd] Goal completed: INCREASE_RESOURCE minecraft:cobblestone x16
[25Sep2026 01:06:18.132] [Server thread/INFO] [ai.minecivilization.citizen.CitizenBrain/]: [Citizen Ravi · shepherd] Goal assigned: INCREASE_RESOURCE minecraft:dirt x16 (ready in hand)
[25Sep2026 01:06:18.180] [Server thread/DEBUG] [ai.minecivilization.citizen.CitizenBrain/]: [Citizen Ravi · shepherd] starts GATHER minecraft:dirt
[25Sep2026 01:06:18.230] [Server thread/INFO] [ai.minecivilization.citizen.CitizenBrain/]: [Citizen Ravi · shepherd] completed GATHER minecraft:dirt
[25Sep2026 01:06:18.280] [Server thread/INFO] [ai.minecivilization.citizen.CitizenBrain/]: [Citizen Ravi · shepherd] Goal completed: INCREASE_RESOURCE minecraft:dirt x16
[25Sep2026 01:06:18.382] [Server thread/INFO] [ai.minecivilization.citizen.CitizenBrain/]: [Citizen Ravi · shepherd] Goal assigned: INCREASE_RESOURCE minecraft:cobblestone x16 (ready in hand)
[25Sep2026 01:06:18.430] [Server thread/DEBUG] [ai.minecivilization.citizen.CitizenBrain/]: [Citizen Ravi · shepherd] starts GATHER minecraft:cobblestone
[25Sep2026 01:06:18.480] [Server thread/INFO] [ai.minecivilization.citizen.CitizenBrain/]: [Citizen Ravi · shepherd] completed GATHER minecraft:cobblestone
[25Sep2026 01:06:18.530] [Server thread/INFO] [ai.minecivilization.citizen.CitizenBrain/]: [Citizen Ravi · shepherd] Goal completed: INCREASE_RESOURCE minecraft:cobblestone x16
[25Sep2026 01:06:18.632] [Server thread/INFO] [ai.minecivilization.citizen.CitizenBrain/]: [Citizen Ravi · shepherd] Goal assigned: INCREASE_RESOURCE minecraft:cobblestone x16 (ready in hand)
[25Sep2026 01:06:18.680] [Server thread/DEBUG] [ai.minecivilization.citizen.CitizenBrain/]: [Citizen Ravi · shepherd] starts GATHER minecraft:cobblestone
[25Sep2026 01:06:18.730] [Server thread/INFO] [ai.minecivilization.citizen.CitizenBrain/]: [Citizen Ravi · shepherd] completed GATHER minecraft:cobblestone
[25Sep2026 01:06:18.780] [Server thread/INFO] [ai.minecivilization.citizen.CitizenBrain/]: [Citizen Ravi · shepherd] Goal completed: INCREASE_RESOURCE minecraft:cobblestone x16
[25Sep2026 01:06:18.880] [Server thread/INFO] [ai.minecivilization.citizen.CitizenBrain/]: [Citizen Ravi · shepherd] Goal assigned: INCREASE_RESOURCE x1 (ready in hand)
[25Sep2026 01:06:18.930] [Server thread/DEBUG] [ai.minecivilization.citizen.CitizenBrain/]: [Citizen Ravi · shepherd] starts COLLECT
[25Sep2026 01:06:19.030] [Server thread/INFO] [ai.minecivilization.citizen.CitizenBrain/]: [Citizen Ravi · shepherd] task COLLECT failed: TARGET_NOT_FOUND: no dropped items within 14 blocks (recoverable)
[25Sep2026 01:06:19.134] [Server thread/INFO] [ai.minecivilization.citizen.CitizenBrain/]: [Citizen Ravi · shepherd] Goal assigned: INCREASE_RESOURCE minecraft:dirt x16 (ready in hand)
[25Sep2026 01:06:19.230] [Server thread/INFO] [ai.minecivilization.citizen.CitizenBrain/]: [Citizen Ravi · shepherd] completed GATHER minecraft:dirt
[25Sep2026 01:06:19.280] [Server thread/INFO] [ai.minecivilization.citizen.CitizenBrain/]: [Citizen Ravi · shepherd] Goal completed: INCREASE_RESOURCE minecraft:dirt x16
[25Sep2026 01:06:19.382] [Server thread/INFO] [ai.minecivilization.citizen.CitizenBrain/]: [Citizen Ravi · shepherd] Goal assigned: INCREASE_RESOURCE minecraft:cobblestone x16 (ready in hand)
[25Sep2026 01:06:19.430] [Server thread/DEBUG] [ai.minecivilization.citizen.CitizenBrain/]: [Citizen Ravi · shepherd] starts GATHER minecraft:cobblestone
[25Sep2026 01:06:19.480] [Server thread/INFO] [ai.minecivilization.citizen.CitizenBrain/]: [Citizen Ravi · shepherd] completed GATHER minecraft:cobblestone
[25Sep2026 01:06:19.530] [Server thread/INFO] [ai.minecivilization.citizen.CitizenBrain/]: [Citizen Ravi · shepherd] Goal completed: INCREASE_RESOURCE minecraft:cobblestone x16
[25Sep2026 01:06:19.632] [Server thread/INFO] [ai.minecivilization.citizen.CitizenBrain/]: [Citizen Ravi · shepherd] Goal assigned: INCREASE_RESOURCE minecraft:cobblestone x16 (ready in hand)
[25Sep2026 01:06:19.680] [Server thread/DEBUG] [ai.minecivilization.citizen.CitizenBrain/]: [Citizen Ravi · shepherd] starts GATHER minecraft:cobblestone
[25Sep2026 01:06:19.730] [Server thread/INFO] [ai.minecivilization.citizen.CitizenBrain/]: [Citizen Ravi · shepherd] completed GATHER minecraft:cobblestone
[25Sep2026 01:06:19.780] [Server thread/INFO] [ai.minecivilization.citizen.CitizenBrain/]: [Citizen Ravi · shepherd] Goal completed: INCREASE_RESOURCE minecraft:cobblestone x16
[25Sep2026 01:06:19.882] [Server thread/INFO] [ai.minecivilization.citizen.CitizenBrain/]: [Citizen Ravi · shepherd] Goal assigned: INCREASE_RESOURCE minecraft:dirt x16 (ready in hand)
[25Sep2026 01:06:19.930] [Server thread/DEBUG] [ai.minecivilization.citizen.CitizenBrain/]: [Citizen Ravi · shepherd] starts GATHER minecraft:dirt
[25Sep2026 01:06:19.980] [Server thread/INFO] [ai.minecivilization.citizen.CitizenBrain/]: [Citizen Ravi · shepherd] completed GATHER minecraft:dirt
[25Sep2026 01:06:20.030] [Server thread/INFO] [ai.minecivilization.citizen.CitizenBrain/]: [Citizen Ravi · shepherd] Goal completed: INCREASE_RESOURCE minecraft:dirt x16
[25Sep2026 01:06:20.132] [Server thread/INFO] [ai.minecivilization.citizen.CitizenBrain/]: [Citizen Ravi · shepherd] Goal assigned: INCREASE_RESOURCE minecraft:cobblestone x16 (ready in hand)
[25Sep2026 01:06:20.182] [Server thread/DEBUG] [ai.minecivilization.citizen.CitizenBrain/]: [Citizen Ravi · shepherd] starts GATHER minecraft:cobblestone
[25Sep2026 01:06:20.230] [Server thread/INFO] [ai.minecivilization.citizen.CitizenBrain/]: [Citizen Ravi · shepherd] completed GATHER minecraft:cobblestone
[25Sep2026 01:06:20.280] [Server thread/INFO] [ai.minecivilization.citizen.CitizenBrain/]: [Citizen Ravi · shepherd] Goal completed: INCREASE_RESOURCE minecraft:cobblestone x16
[25Sep2026 01:06:20.280] [Server thread/DEBUG] [ai.minecivilization.citizen.CitizenBrain/]: [Cognition] Ravi · shepherd queued priority=NORMAL reason=goal_completed
[25Sep2026 01:06:20.330] [Server thread/INFO] [ai.minecivilization.citizen.CitizenBrain/]: [Citizen Ravi · shepherd] Goal assigned: HARVEST_FOOD
[25Sep2026 01:06:20.380] [Server thread/DEBUG] [ai.minecivilization.citizen.CitizenBrain/]: [Citizen Ravi · shepherd] starts HUNT
[25Sep2026 01:06:20.430] [Server thread/INFO] [ai.minecivilization.citizen.CitizenBrain/]: [Citizen Ravi · shepherd] task HUNT failed: TARGET_NOT_FOUND: no wild animal to hunt within 48 blocks (recoverable)
[25Sep2026 01:06:20.430] [Server thread/INFO] [ai.minecivilization.citizen.CitizenBrain/]: [Citizen Tomas · farmer] task CRAFT failed: TARGET_UNREACHABLE: Could not reach target after 6 repaths. (recoverable)
[25Sep2026 01:06:20.430] [Server thread/INFO] [ai.minecivilization.citizen.CitizenBrain/]: [Citizen Tomas · farmer] goal disengaged after 3 failures
[25Sep2026 01:06:20.431] [Server thread/DEBUG] [ai.minecivilization.citizen.CitizenBrain/]: [Cognition] Tomas · farmer queued priority=HIGH reason=task_failed
[25Sep2026 01:06:20.482] [Server thread/INFO] [ai.minecivilization.citizen.CitizenBrain/]: [Citizen Ravi · shepherd] Goal assigned: INCREASE_RESOURCE minecraft:cobblestone x16 (ready in hand)
[25Sep2026 01:06:20.482] [Server thread/INFO] [ai.minecivilization.citizen.CitizenBrain/]: [Citizen Tomas · farmer] Goal assigned: CRAFT_ITEM minecraft:chest x2 (ready in hand)
[25Sep2026 01:06:20.580] [Server thread/INFO] [ai.minecivilization.citizen.CitizenBrain/]: [Citizen Ravi · shepherd] completed GATHER minecraft:cobblestone
[25Sep2026 01:06:20.630] [Server thread/INFO] [ai.minecivilization.citizen.CitizenBrain/]: [Citizen Ravi · shepherd] Goal completed: INCREASE_RESOURCE minecraft:cobblestone x16
[25Sep2026 01:06:20.732] [Server thread/INFO] [ai.minecivilization.citizen.CitizenBrain/]: [Citizen Ravi · shepherd] Goal assigned: INCREASE_RESOURCE minecraft:dirt x16 (ready in hand)
[25Sep2026 01:06:20.780] [Server thread/DEBUG] [ai.minecivilization.citizen.CitizenBrain/]: [Citizen Ravi · shepherd] starts GATHER minecraft:dirt
[25Sep2026 01:06:20.830] [Server thread/INFO] [ai.minecivilization.citizen.CitizenBrain/]: [Citizen Ravi · shepherd] completed GATHER minecraft:dirt
[25Sep2026 01:06:20.880] [Server thread/INFO] [ai.minecivilization.citizen.CitizenBrain/]: [Citizen Ravi · shepherd] Goal completed: INCREASE_RESOURCE minecraft:dirt x16
[25Sep2026 01:06:20.982] [Server thread/INFO] [ai.minecivilization.citizen.CitizenBrain/]: [Citizen Ravi · shepherd] Goal assigned: INCREASE_RESOURCE minecraft:cobblestone x16 (ready in hand)
[25Sep2026 01:06:21.030] [Server thread/DEBUG] [ai.minecivilization.citizen.CitizenBrain/]: [Citizen Ravi · shepherd] starts GATHER minecraft:cobblestone
[25Sep2026 01:06:21.088] [Server thread/INFO] [ai.minecivilization.citizen.CitizenBrain/]: [Citizen Ravi · shepherd] completed GATHER minecraft:cobblestone
[25Sep2026 01:06:21.130] [Server thread/INFO] [ai.minecivilization.citizen.CitizenBrain/]: [Citizen Ravi · shepherd] Goal completed: INCREASE_RESOURCE minecraft:cobblestone x16
[25Sep2026 01:06:21.232] [Server thread/INFO] [ai.minecivilization.citizen.CitizenBrain/]: [Citizen Ravi · shepherd] Goal assigned: INCREASE_RESOURCE minecraft:cobblestone x16 (ready in hand)
[25Sep2026 01:06:21.280] [Server thread/DEBUG] [ai.minecivilization.citizen.CitizenBrain/]: [Citizen Ravi · shepherd] starts GATHER minecraft:cobblestone
[25Sep2026 01:06:21.330] [Server thread/INFO] [ai.minecivilization.citizen.CitizenBrain/]: [Citizen Ravi · shepherd] completed GATHER minecraft:cobblestone
[25Sep2026 01:06:21.380] [Server thread/INFO] [ai.minecivilization.citizen.CitizenBrain/]: [Citizen Ravi · shepherd] Goal completed: INCREASE_RESOURCE minecraft:cobblestone x16
[25Sep2026 01:06:21.482] [Server thread/INFO] [ai.minecivilization.citizen.CitizenBrain/]: [Citizen Ravi · shepherd] Goal assigned: INCREASE_RESOURCE minecraft:dirt x16 (ready in hand)
[25Sep2026 01:06:21.530] [Server thread/DEBUG] [ai.minecivilization.citizen.CitizenBrain/]: [Citizen Ravi · shepherd] starts GATHER minecraft:dirt
[25Sep2026 01:06:21.580] [Server thread/INFO] [ai.minecivilization.citizen.CitizenBrain/]: [Citizen Ravi · shepherd] completed GATHER minecraft:dirt
[25Sep2026 01:06:21.630] [Server thread/INFO] [ai.minecivilization.citizen.CitizenBrain/]: [Citizen Ravi · shepherd] Goal completed: INCREASE_RESOURCE minecraft:dirt x16
[25Sep2026 01:06:21.732] [Server thread/INFO] [ai.minecivilization.citizen.CitizenBrain/]: [Citizen Ravi · shepherd] Goal assigned: INCREASE_RESOURCE minecraft:cobblestone x16 (ready in hand)
[25Sep2026 01:06:21.780] [Server thread/DEBUG] [ai.minecivilization.citizen.CitizenBrain/]: [Citizen Ravi · shepherd] starts GATHER minecraft:cobblestone
[25Sep2026 01:06:21.830] [Server thread/INFO] [ai.minecivilization.citizen.CitizenBrain/]: [Citizen Ravi · shepherd] completed GATHER minecraft:cobblestone
[25Sep2026 01:06:21.880] [Server thread/INFO] [ai.minecivilization.citizen.CitizenBrain/]: [Citizen Ravi · shepherd] Goal completed: INCREASE_RESOURCE minecraft:cobblestone x16
[25Sep2026 01:06:21.982] [Server thread/INFO] [ai.minecivilization.citizen.CitizenBrain/]: [Citizen Ravi · shepherd] Goal assigned: INCREASE_RESOURCE minecraft:cobblestone x16 (ready in hand)
[25Sep2026 01:06:22.030] [Server thread/DEBUG] [ai.minecivilization.citizen.CitizenBrain/]: [Citizen Ravi · shepherd] starts GATHER minecraft:cobblestone
[25Sep2026 01:06:22.048] [Server thread/INFO] [net.minecraft.server.MinecraftServer/]: Colony — 10 citizen(s), day 0, centre 0,70,0 (radius 68)
[25Sep2026 01:06:22.049] [Server thread/INFO] [net.minecraft.server.MinecraftServer/]:   0 born, 0 lost   81 chunk(s) held open
[25Sep2026 01:06:22.049] [Server thread/INFO] [net.minecraft.server.MinecraftServer/]:   food in store 0/304   beds 0/11
[25Sep2026 01:06:22.049] [Server thread/INFO] [net.minecraft.server.MinecraftServer/]:   growth: held back — needs 11 beds, has 0
[25Sep2026 01:06:22.050] [Server thread/INFO] [net.minecraft.server.MinecraftServer/]:   80% of citizens productive   10 building, 0 finished   4 road(s), 0 sign(s)
[25Sep2026 01:06:22.050] [Server thread/INFO] [net.minecraft.server.MinecraftServer/]: Under construction:
[25Sep2026 01:06:22.050] [Server thread/INFO] [net.minecraft.server.MinecraftServer/]:   Civic centre marker db920766   0%  [WAITING_FOR_RESOURCES] at -7,76,-7  waiting for 2x chest
[25Sep2026 01:06:22.050] [Server thread/INFO] [net.minecraft.server.MinecraftServer/]:   Town Hall                  0%  [PLANNED] at 1,73,1
[25Sep2026 01:06:22.050] [Server thread/INFO] [net.minecraft.server.MinecraftServer/]:   Oak House 1                0%  [PLANNED] at 7,70,18
[25Sep2026 01:06:22.050] [Server thread/INFO] [net.minecraft.server.MinecraftServer/]:   Warehouse district marker d1c79ed2   0%  [PLANNED] at -27,74,-7
[25Sep2026 01:06:22.050] [Server thread/INFO] [net.minecraft.server.MinecraftServer/]:   Warehouse 1                0%  [PLANNED] at -20,71,0
[25Sep2026 01:06:22.050] [Server thread/INFO] [net.minecraft.server.MinecraftServer/]:   Oak House 2                0%  [PLANNED] at 25,70,18
[25Sep2026 01:06:22.050] [Server thread/INFO] [net.minecraft.server.MinecraftServer/]:   Warehouse 2                0%  [PLANNED] at -32,72,0
[25Sep2026 01:06:22.050] [Server thread/INFO] [net.minecraft.server.MinecraftServer/]:   Oak House 3                0%  [PLANNED] at 43,76,18
[25Sep2026 01:06:22.050] [Server thread/INFO] [net.minecraft.server.MinecraftServer/]:   Oak House 4                0%  [PLANNED] at 61,79,18
[25Sep2026 01:06:22.050] [Server thread/INFO] [net.minecraft.server.MinecraftServer/]:   Oak House 5                0%  [PLANNED] at 79,72,18
[25Sep2026 01:06:22.051] [Server thread/INFO] [net.minecraft.server.MinecraftServer/]: 1 citizen(s) need help — /mciv work
[25Sep2026 01:06:22.051] [Server thread/INFO] [net.minecraft.server.MinecraftServer/]: Districts:
[25Sep2026 01:06:22.051] [Server thread/INFO] [net.minecraft.server.MinecraftServer/]:   CIVIC        civic centre 1         at 0,0
[25Sep2026 01:06:22.051] [Server thread/INFO] [net.minecraft.server.MinecraftServer/]:   STORAGE      warehouse district 1   at -20,0
[25Sep2026 01:06:22.051] [Server thread/INFO] [net.minecraft.server.MinecraftServer/]:   STORAGE      warehouse district 2   at 0,-20
[25Sep2026 01:06:22.051] [Server thread/INFO] [net.minecraft.server.MinecraftServer/]:   RESIDENTIAL  housing 1              at 0,19
[25Sep2026 01:06:22.051] [Server thread/INFO] [net.minecraft.server.MinecraftServer/]:   RESIDENTIAL  housing 2              at 19,0
[25Sep2026 01:06:22.051] [Server thread/INFO] [net.minecraft.server.MinecraftServer/]:   RESIDENTIAL  housing 3              at -20,-20
[25Sep2026 01:06:22.051] [Server thread/INFO] [net.minecraft.server.MinecraftServer/]:   RESIDENTIAL  housing 4              at -20,19
[25Sep2026 01:06:22.051] [Server thread/INFO] [net.minecraft.server.MinecraftServer/]:   RESIDENTIAL  housing 5              at 19,-20
[25Sep2026 01:06:22.051] [Server thread/INFO] [net.minecraft.server.MinecraftServer/]:   FARM         farmland 1             at -40,0
[25Sep2026 01:06:22.051] [Server thread/INFO] [net.minecraft.server.MinecraftServer/]:   FARM         farmland 2             at 0,-40
[25Sep2026 01:06:22.051] [Server thread/INFO] [net.minecraft.server.MinecraftServer/]:   PASTURE      pasture 1              at 0,39
[25Sep2026 01:06:22.051] [Server thread/INFO] [net.minecraft.server.MinecraftServer/]:   PASTURE      pasture 2              at 39,0
[25Sep2026 01:06:22.051] [Server thread/INFO] [net.minecraft.server.MinecraftServer/]:   INDUSTRIAL   industry 1             at -40,-20
[25Sep2026 01:06:22.051] [Server thread/INFO] [net.minecraft.server.MinecraftServer/]:   FOREST       managed forest 1       at -60,0  growing: minecraft:spruce_sapling
[25Sep2026 01:06:22.051] [Server thread/INFO] [net.minecraft.server.MinecraftServer/]:   FOREST       managed forest 2       at 0,-60  growing: minecraft:spruce_sapling
[25Sep2026 01:06:22.051] [Server thread/INFO] [net.minecraft.server.MinecraftServer/]:   MINE         mine 1                 at 0,59
[25Sep2026 01:06:22.051] [Server thread/INFO] [net.minecraft.server.MinecraftServer/]:   MINE         mine 2                 at 59,0
[25Sep2026 01:06:22.080] [Server thread/INFO] [ai.minecivilization.citizen.CitizenBrain/]: [Citizen Ravi · shepherd] completed GATHER minecraft:cobblestone
[25Sep2026 01:06:22.130] [Server thread/INFO] [ai.minecivilization.citizen.CitizenBrain/]: [Citizen Ravi · shepherd] Goal completed: INCREASE_RESOURCE minecraft:cobblestone x16
[25Sep2026 01:06:22.232] [Server thread/INFO] [ai.minecivilization.citizen.CitizenBrain/]: [Citizen Ravi · shepherd] Goal assigned: INCREASE_RESOURCE minecraft:dirt x16 (ready in hand)
[25Sep2026 01:06:22.280] [Server thread/DEBUG] [ai.minecivilization.citizen.CitizenBrain/]: [Citizen Ravi · shepherd] starts GATHER minecraft:dirt
[25Sep2026 01:06:22.330] [Server thread/INFO] [ai.minecivilization.citizen.CitizenBrain/]: [Citizen Ravi · shepherd] completed GATHER minecraft:dirt
[25Sep2026 01:06:22.380] [Server thread/INFO] [ai.minecivilization.citizen.CitizenBrain/]: [Citizen Ravi · shepherd] Goal completed: INCREASE_RESOURCE minecraft:dirt x16
[25Sep2026 01:06:22.482] [Server thread/INFO] [ai.minecivilization.citizen.CitizenBrain/]: [Citizen Ravi · shepherd] Goal assigned: INCREASE_RESOURCE minecraft:cobblestone x16 (ready in hand)
[25Sep2026 01:06:22.530] [Server thread/DEBUG] [ai.minecivilization.citizen.CitizenBrain/]: [Citizen Ravi · shepherd] starts GATHER minecraft:cobblestone
[25Sep2026 01:06:22.580] [Server thread/INFO] [ai.minecivilization.citizen.CitizenBrain/]: [Citizen Ravi · shepherd] completed GATHER minecraft:cobblestone
[25Sep2026 01:06:22.630] [Server thread/INFO] [ai.minecivilization.citizen.CitizenBrain/]: [Citizen Ravi · shepherd] Goal completed: INCREASE_RESOURCE minecraft:cobblestone x16
[25Sep2026 01:06:22.733] [Server thread/INFO] [ai.minecivilization.citizen.CitizenBrain/]: [Citizen Ravi · shepherd] Goal assigned: INCREASE_RESOURCE minecraft:cobblestone x16 (ready in hand)
[25Sep2026 01:06:22.780] [Server thread/DEBUG] [ai.minecivilization.citizen.CitizenBrain/]: [Citizen Ravi · shepherd] starts GATHER minecraft:cobblestone
[25Sep2026 01:06:22.830] [Server thread/INFO] [ai.minecivilization.citizen.CitizenBrain/]: [Citizen Ravi · shepherd] completed GATHER minecraft:cobblestone
[25Sep2026 01:06:22.880] [Server thread/INFO] [ai.minecivilization.citizen.CitizenBrain/]: [Citizen Ravi · shepherd] Goal completed: INCREASE_RESOURCE minecraft:cobblestone x16
[25Sep2026 01:06:22.982] [Server thread/INFO] [ai.minecivilization.citizen.CitizenBrain/]: [Citizen Ravi · shepherd] Goal assigned: INCREASE_RESOURCE minecraft:dirt x16 (ready in hand)
[25Sep2026 01:06:23.030] [Server thread/DEBUG] [ai.minecivilization.citizen.CitizenBrain/]: [Citizen Ravi · shepherd] starts GATHER minecraft:dirt
[25Sep2026 01:06:23.080] [Server thread/INFO] [ai.minecivilization.citizen.CitizenBrain/]: [Citizen Ravi · shepherd] completed GATHER minecraft:dirt
[25Sep2026 01:06:23.130] [Server thread/INFO] [ai.minecivilization.citizen.CitizenBrain/]: [Citizen Ravi · shepherd] Goal completed: INCREASE_RESOURCE minecraft:dirt x16
[25Sep2026 01:06:23.232] [Server thread/INFO] [ai.minecivilization.citizen.CitizenBrain/]: [Citizen Ravi · shepherd] Goal assigned: INCREASE_RESOURCE minecraft:cobblestone x16 (ready in hand)
[25Sep2026 01:06:23.280] [Server thread/DEBUG] [ai.minecivilization.citizen.CitizenBrain/]: [Citizen Ravi · shepherd] starts GATHER minecraft:cobblestone
[25Sep2026 01:06:23.330] [Server thread/INFO] [ai.minecivilization.citizen.CitizenBrain/]: [Citizen Ravi · shepherd] completed GATHER minecraft:cobblestone
[25Sep2026 01:06:23.380] [Server thread/INFO] [ai.minecivilization.citizen.CitizenBrain/]: [Citizen Ravi · shepherd] Goal completed: INCREASE_RESOURCE minecraft:cobblestone x16
[25Sep2026 01:06:23.482] [Server thread/INFO] [ai.minecivilization.citizen.CitizenBrain/]: [Citizen Ravi · shepherd] Goal assigned: INCREASE_RESOURCE minecraft:cobblestone x16 (ready in hand)
[25Sep2026 01:06:23.530] [Server thread/DEBUG] [ai.minecivilization.citizen.CitizenBrain/]: [Citizen Ravi · shepherd] starts GATHER minecraft:cobblestone
[25Sep2026 01:06:23.580] [Server thread/INFO] [ai.minecivilization.citizen.CitizenBrain/]: [Citizen Ravi · shepherd] completed GATHER minecraft:cobblestone
[25Sep2026 01:06:23.630] [Server thread/INFO] [ai.minecivilization.citizen.CitizenBrain/]: [Citizen Ravi · shepherd] Goal completed: INCREASE_RESOURCE minecraft:cobblestone x16
[25Sep2026 01:06:23.732] [Server thread/INFO] [ai.minecivilization.citizen.CitizenBrain/]: [Citizen Ravi · shepherd] Goal assigned: INCREASE_RESOURCE minecraft:dirt x16 (ready in hand)
[25Sep2026 01:06:23.780] [Server thread/DEBUG] [ai.minecivilization.citizen.CitizenBrain/]: [Citizen Ravi · shepherd] starts GATHER minecraft:dirt
[25Sep2026 01:06:23.830] [Server thread/INFO] [ai.minecivilization.citizen.CitizenBrain/]: [Citizen Ravi · shepherd] completed GATHER minecraft:dirt
[25Sep2026 01:06:23.880] [Server thread/INFO] [ai.minecivilization.citizen.CitizenBrain/]: [Citizen Ravi · shepherd] Goal completed: INCREASE_RESOURCE minecraft:dirt x16
[25Sep2026 01:06:23.982] [Server thread/INFO] [ai.minecivilization.citizen.CitizenBrain/]: [Citizen Ravi · shepherd] Goal assigned: INCREASE_RESOURCE minecraft:cobblestone x16 (ready in hand)
[25Sep2026 01:06:24.030] [Server thread/DEBUG] [ai.minecivilization.citizen.CitizenBrain/]: [Citizen Ravi · shepherd] starts GATHER minecraft:cobblestone
[25Sep2026 01:06:24.080] [Server thread/INFO] [ai.minecivilization.citizen.CitizenBrain/]: [Citizen Ravi · shepherd] completed GATHER minecraft:cobblestone
[25Sep2026 01:06:24.130] [Server thread/INFO] [ai.minecivilization.citizen.CitizenBrain/]: [Citizen Ravi · shepherd] Goal completed: INCREASE_RESOURCE minecraft:cobblestone x16
[25Sep2026 01:06:24.232] [Server thread/INFO] [ai.minecivilization.citizen.CitizenBrain/]: [Citizen Ravi · shepherd] Goal assigned: INCREASE_RESOURCE minecraft:cobblestone x16 (ready in hand)
[25Sep2026 01:06:24.280] [Server thread/DEBUG] [ai.minecivilization.citizen.CitizenBrain/]: [Citizen Ravi · shepherd] starts GATHER minecraft:cobblestone
[25Sep2026 01:06:24.330] [Server thread/INFO] [ai.minecivilization.citizen.CitizenBrain/]: [Citizen Ravi · shepherd] completed GATHER minecraft:cobblestone
[25Sep2026 01:06:24.380] [Server thread/INFO] [ai.minecivilization.citizen.CitizenBrain/]: [Citizen Ravi · shepherd] Goal completed: INCREASE_RESOURCE minecraft:cobblestone x16
[25Sep2026 01:06:24.480] [Server thread/INFO] [ai.minecivilization.citizen.CitizenBrain/]: [Citizen Ravi · shepherd] Goal assigned: CRAFT_ITEM minecraft:chest x1 (ready in hand)
[25Sep2026 01:06:24.530] [Server thread/DEBUG] [ai.minecivilization.citizen.CitizenBrain/]: [Citizen Ravi · shepherd] starts CRAFT minecraft:chest
[25Sep2026 01:06:25.034] [Server thread/INFO] [net.minecraft.server.MinecraftServer/]: Colony events (7 of 7):
[25Sep2026 01:06:25.036] [Server thread/INFO] [net.minecraft.server.MinecraftServer/]:   8m   [Construction  ] the colony began its Town Hall at 1,73,1
[25Sep2026 01:06:25.036] [Server thread/INFO] [net.minecraft.server.MinecraftServer/]:   7m   [Construction  ] a new warehouse was planned at -20,0
[25Sep2026 01:06:25.036] [Server thread/INFO] [net.minecraft.server.MinecraftServer/]:   7m   [Construction  ] a new warehouse was planned at -32,0
[25Sep2026 01:06:25.036] [Server thread/INFO] [net.minecraft.server.MinecraftServer/]:   7m   [Infrastructure] a new route is known: 0,0 → -31,-16 (41 blocks)
[25Sep2026 01:06:25.036] [Server thread/INFO] [net.minecraft.server.MinecraftServer/]:   7m   [Infrastructure] a new route is known: -3,5 → 31,19 (42 blocks)
[25Sep2026 01:06:25.037] [Server thread/INFO] [net.minecraft.server.MinecraftServer/]:   7m   [Infrastructure] a new route is known: 0,0 → -14,37 (48 blocks)
[25Sep2026 01:06:25.037] [Server thread/INFO] [net.minecraft.server.MinecraftServer/]:   38s  [Infrastructure] a new route is known: 31,19 → 97,34 (86 blocks)
[25Sep2026 01:06:26.131] [Server thread/INFO] [ai.minecivilization.citizen.CitizenBrain/]: [Citizen Tomas · farmer] task CRAFT failed: TARGET_UNREACHABLE: Could not reach target after 6 repaths. (recoverable)
[25Sep2026 01:06:28.330] [Server thread/INFO] [ai.minecivilization.citizen.CitizenBrain/]: [Citizen Ravi · shepherd] task CRAFT failed: TARGET_NOT_FOUND: No reachable minecraft:acacia_log (or any substitute) within 48 blocks. (recoverable)
[25Sep2026 01:06:28.380] [Server thread/INFO] [ai.minecivilization.citizen.CitizenBrain/]: [Citizen Ravi · shepherd] Goal assigned: HARVEST_FOOD (ready in hand)
[25Sep2026 01:06:28.480] [Server thread/INFO] [ai.minecivilization.citizen.CitizenBrain/]: [Citizen Ravi · shepherd] task HUNT failed: TARGET_NOT_FOUND: no wild animal to hunt within 48 blocks (recoverable)
[25Sep2026 01:06:28.530] [Server thread/INFO] [ai.minecivilization.citizen.CitizenBrain/]: [Citizen Ravi · shepherd] Goal assigned: CRAFT_ITEM minecraft:shears x1 (ready in hand)
[25Sep2026 01:06:30.098] [Server thread/INFO] [net.minecraft.server.MinecraftServer/]: Stopping the server
[25Sep2026 01:06:30.129] [Server thread/INFO] [net.minecraft.server.MinecraftServer/]: Stopping server
[25Sep2026 01:06:30.132] [Server thread/INFO] [net.minecraft.server.MinecraftServer/]: Saving players
[25Sep2026 01:06:30.132] [Server thread/INFO] [net.minecraft.server.MinecraftServer/]: Saving worlds
[25Sep2026 01:06:30.296] [Server thread/INFO] [net.minecraft.server.MinecraftServer/]: Saving chunks for level 'ServerLevel[world]'/minecraft:overworld
[25Sep2026 01:06:30.454] [Server thread/INFO] [net.minecraft.server.MinecraftServer/]: Saving chunks for level 'ServerLevel[world]'/minecraft:the_end
[25Sep2026 01:06:30.455] [Server thread/INFO] [net.minecraft.server.MinecraftServer/]: Saving chunks for level 'ServerLevel[world]'/minecraft:the_nether
[25Sep2026 01:06:30.456] [Server thread/DEBUG] [net.minecraftforge.common.ForgeHooks/WP]: Gathering id map for writing to world save world
[25Sep2026 01:06:30.458] [Server thread/DEBUG] [net.minecraftforge.common.ForgeHooks/WP]: ID Map collection complete world
[25Sep2026 01:06:30.464] [Server thread/INFO] [net.minecraft.server.MinecraftServer/]: ThreadedAnvilChunkStorage (world): All chunks are saved
[25Sep2026 01:06:30.464] [Server thread/INFO] [net.minecraft.server.MinecraftServer/]: ThreadedAnvilChunkStorage (DIM1): All chunks are saved
[25Sep2026 01:06:30.464] [Server thread/INFO] [net.minecraft.server.MinecraftServer/]: ThreadedAnvilChunkStorage (DIM-1): All chunks are saved
[25Sep2026 01:06:30.464] [Server thread/INFO] [net.minecraft.server.MinecraftServer/]: ThreadedAnvilChunkStorage: All dimensions are saved
[25Sep2026 01:06:30.489] [Server thread/DEBUG] [net.minecraftforge.fml.config.ConfigTracker/CONFIG]: Unloading configs type SERVER
[25Sep2026 01:06:30.490] [Server thread/DEBUG] [net.minecraftforge.fml.config.ConfigFileTypeHandler/CONFIG]: Stopping watcher for hander: ConfigFileTypeHandler[SERVER]
[25Sep2026 01:06:30.490] [Server thread/DEBUG] [net.minecraftforge.fml.config.ConfigTracker/CONFIG]: Unloading configs type COMMON
[25Sep2026 01:06:30.491] [Server thread/DEBUG] [net.minecraftforge.fml.config.ConfigFileTypeHandler/CONFIG]: Stopping watcher for hander: ConfigFileTypeHandler[COMMON]
