[25Sep2026 00:56:46.706] [main/INFO] [cpw.mods.modlauncher.Launcher/MODLAUNCHER]: ModLauncher running: args [--launchTarget, forge_userdev_server, --gameDir, ., --nogui]
[25Sep2026 00:56:46.707] [main/INFO] [cpw.mods.modlauncher.Launcher/MODLAUNCHER]: JVM identified as Eclipse Adoptium OpenJDK 64-Bit Server VM 21.0.12.1+1-LTS
[25Sep2026 00:56:46.707] [main/INFO] [cpw.mods.modlauncher.Launcher/MODLAUNCHER]: ModLauncher 10.2.4 starting: java version 21.0.12.1 by Eclipse Adoptium; OS Mac OS X arch aarch64 version 26.5
[25Sep2026 00:56:46.748] [main/INFO] [net.minecraftforge.fml.loading.ImmediateWindowHandler/]: ImmediateWindowProvider not loading because launch target is forge_userdev_server
[25Sep2026 00:56:46.793] [main/INFO] [mixin/]: SpongePowered MIXIN Subsystem Version=0.8.7 Source=jar:file:///Users/17j4ck/.gradle/caches/modules-2/files-2.1/org.spongepowered/mixin/0.8.7/8ab114ac385e6dbdad5efafe28aba4df8120915f/mixin-0.8.7.jar!/ Service=ModLauncher Env=SERVER
[25Sep2026 00:56:47.356] [main/INFO] [net.minecraftforge.fml.loading.moddiscovery.JarInJarDependencyLocator/]: No dependencies to load found. Skipping!
[25Sep2026 00:56:47.645] [main/INFO] [cpw.mods.modlauncher.LaunchServiceHandler/MODLAUNCHER]: Launching target 'forge_userdev_server' with arguments [--gameDir, ., --nogui]
[25Sep2026 00:56:47.776] [main/WARN] [oshi.util.FileUtil/]: Configuration conflict: there is more than one oshi.properties file on the classpath: [jar:file:///Users/17j4ck/.gradle/caches/modules-2/files-2.1/com.github.oshi/oshi-core/6.4.10/b1d8ab82d11d92fd639b56d639f8f46f739dd5fa/oshi-core-6.4.10.jar!/oshi.properties, jar:file:/Users/17j4ck/.gradle/caches/modules-2/files-2.1/com.github.oshi/oshi-core/6.4.10/b1d8ab82d11d92fd639b56d639f8f46f739dd5fa/oshi-core-6.4.10.jar!/oshi.properties, jar:file:///Users/17j4ck/.gradle/caches/modules-2/files-2.1/com.github.oshi/oshi-core/6.4.10/b1d8ab82d11d92fd639b56d639f8f46f739dd5fa/oshi-core-6.4.10.jar!/oshi.properties, jar:file:/Users/17j4ck/.gradle/caches/modules-2/files-2.1/com.github.oshi/oshi-core/6.4.10/b1d8ab82d11d92fd639b56d639f8f46f739dd5fa/oshi-core-6.4.10.jar!/oshi.properties]
[25Sep2026 00:56:47.971] [main/WARN] [oshi.util.FileUtil/]: Configuration conflict: there is more than one oshi.architecture.properties file on the classpath: [jar:file:///Users/17j4ck/.gradle/caches/modules-2/files-2.1/com.github.oshi/oshi-core/6.4.10/b1d8ab82d11d92fd639b56d639f8f46f739dd5fa/oshi-core-6.4.10.jar!/oshi.architecture.properties, jar:file:/Users/17j4ck/.gradle/caches/modules-2/files-2.1/com.github.oshi/oshi-core/6.4.10/b1d8ab82d11d92fd639b56d639f8f46f739dd5fa/oshi-core-6.4.10.jar!/oshi.architecture.properties, jar:file:///Users/17j4ck/.gradle/caches/modules-2/files-2.1/com.github.oshi/oshi-core/6.4.10/b1d8ab82d11d92fd639b56d639f8f46f739dd5fa/oshi-core-6.4.10.jar!/oshi.architecture.properties, jar:file:/Users/17j4ck/.gradle/caches/modules-2/files-2.1/com.github.oshi/oshi-core/6.4.10/b1d8ab82d11d92fd639b56d639f8f46f739dd5fa/oshi-core-6.4.10.jar!/oshi.architecture.properties]
[25Sep2026 00:56:50.547] [modloading-worker-0/INFO] [net.minecraftforge.common.ForgeMod/FORGEMOD]: Forge mod loading, version 52.1.16, for MC 1.21.1 with MCP 20240808.132146
[25Sep2026 00:56:50.547] [modloading-worker-0/INFO] [net.minecraftforge.common.MinecraftForge/FORGE]: MinecraftForge v52.1.16 Initialized
[25Sep2026 00:56:50.550] [modloading-worker-0/INFO] [net.minecraftforge.common.ForgeMod/FORGEMOD]: Opening jdk.naming.dns/com.sun.jndi.dns to java.naming
[25Sep2026 00:56:50.646] [modloading-worker-0/INFO] [ai.minecivilization.MineCivilization/]: MineCivilization AI initialized (local cognition, deterministic skills)
[25Sep2026 00:56:50.712] [Forge Version Check/INFO] [net.minecraftforge.fml.VersionChecker/]: [forge] Starting version check at https://files.minecraftforge.net/net/minecraftforge/forge/promotions_slim.json
[25Sep2026 00:56:50.971] [Forge Version Check/INFO] [net.minecraftforge.fml.VersionChecker/]: [forge] Found status: AHEAD Current: 52.1.16 Target: null
[25Sep2026 00:56:51.224] [main/INFO] [com.mojang.authlib.yggdrasil.YggdrasilAuthenticationService/]: Environment: Environment[sessionHost=https://sessionserver.mojang.com, servicesHost=https://api.minecraftservices.com, name=PROD]
[25Sep2026 00:56:51.248] [main/WARN] [net.minecraft.server.packs.VanillaPackResourcesBuilder/]: Assets URL 'union:/Users/17j4ck/minecivilization-ai/mod/.gradle/mavenizer/repo/net/minecraftforge/forge/1.21.1-52.1.16/forge-1.21.1-52.1.16.jar%230!/assets/.mcassetsroot' uses unexpected schema
[25Sep2026 00:56:51.248] [main/WARN] [net.minecraft.server.packs.VanillaPackResourcesBuilder/]: Assets URL 'union:/Users/17j4ck/minecivilization-ai/mod/.gradle/mavenizer/repo/net/minecraftforge/forge/1.21.1-52.1.16/forge-1.21.1-52.1.16.jar%230!/data/.mcassetsroot' uses unexpected schema
[25Sep2026 00:56:51.545] [main/INFO] [net.minecraft.server.Main/]: No existing world data, creating new world
[25Sep2026 00:56:51.890] [main/INFO] [net.minecraft.world.item.crafting.RecipeManager/]: Loaded 1290 recipes
[25Sep2026 00:56:51.982] [main/INFO] [net.minecraft.advancements.AdvancementTree/]: Loaded 1399 advancements
[25Sep2026 00:56:52.282] [Server thread/INFO] [net.minecraft.server.dedicated.DedicatedServer/]: Starting minecraft server version 1.21.1
[25Sep2026 00:56:52.282] [Server thread/INFO] [net.minecraft.server.dedicated.DedicatedServer/]: Loading properties
[25Sep2026 00:56:52.282] [Server thread/INFO] [net.minecraft.server.dedicated.DedicatedServer/]: Default game type: SURVIVAL
[25Sep2026 00:56:52.283] [Server thread/INFO] [net.minecraft.server.MinecraftServer/]: Generating keypair
[25Sep2026 00:56:52.327] [Server thread/INFO] [net.minecraft.server.dedicated.DedicatedServer/]: Starting Minecraft server on *:25565
[25Sep2026 00:56:52.346] [Server thread/INFO] [net.minecraft.server.network.ServerConnectionListener/]: Using default channel type
[25Sep2026 00:56:52.375] [Server thread/WARN] [net.minecraft.server.dedicated.DedicatedServer/]: **** SERVER IS RUNNING IN OFFLINE/INSECURE MODE!
[25Sep2026 00:56:52.375] [Server thread/WARN] [net.minecraft.server.dedicated.DedicatedServer/]: The server will make no attempt to authenticate usernames. Beware.
[25Sep2026 00:56:52.375] [Server thread/WARN] [net.minecraft.server.dedicated.DedicatedServer/]: While this makes the game possible to play without internet access, it also opens up the ability for hackers to connect with any username they choose.
[25Sep2026 00:56:52.376] [Server thread/WARN] [net.minecraft.server.dedicated.DedicatedServer/]: To change this, set "online-mode" to "true" in the server.properties file.
[25Sep2026 00:56:52.383] [Server thread/WARN] [net.minecraftforge.common.ForgeConfigSpec/CORE]: Configuration file ./world/serverconfig/forge-server.toml is not correct. Correcting
[25Sep2026 00:56:52.384] [Server thread/WARN] [net.minecraftforge.common.ForgeConfigSpec/CORE]: Incorrect key server was corrected from null to its default, SynchronizedConfig{DataHolder:{}}. 
[25Sep2026 00:56:52.384] [Server thread/WARN] [net.minecraftforge.common.ForgeConfigSpec/CORE]: Incorrect key server.removeErroringBlockEntities was corrected from null to its default, false. 
[25Sep2026 00:56:52.384] [Server thread/WARN] [net.minecraftforge.common.ForgeConfigSpec/CORE]: Incorrect key server.removeErroringEntities was corrected from null to its default, false. 
[25Sep2026 00:56:52.384] [Server thread/WARN] [net.minecraftforge.common.ForgeConfigSpec/CORE]: Incorrect key server.fullBoundingBoxLadders was corrected from null to its default, false. 
[25Sep2026 00:56:52.384] [Server thread/WARN] [net.minecraftforge.common.ForgeConfigSpec/CORE]: Incorrect key server.permissionHandler was corrected from null to its default, forge:default_handler. 
[25Sep2026 00:56:52.384] [Server thread/WARN] [net.minecraftforge.common.ForgeConfigSpec/CORE]: Incorrect key server.advertiseDedicatedServerToLan was corrected from null to its default, true. 
[25Sep2026 00:56:52.384] [Server thread/WARN] [net.minecraftforge.common.ForgeConfigSpec/CORE]: Incorrect key server.useItemWithDurationZero was corrected from null to its default, false. 
[25Sep2026 00:56:52.398] [Server thread/INFO] [net.minecraft.server.dedicated.DedicatedServer/]: Preparing level "world"
[25Sep2026 00:56:54.953] [Server thread/INFO] [net.minecraft.server.MinecraftServer/]: Preparing start region for dimension minecraft:overworld
[25Sep2026 00:56:54.967] [Worker-Main-6/INFO] [net.minecraft.server.level.progress.LoggerChunkProgressListener/]: Preparing spawn area: 2%
[25Sep2026 00:56:55.454] [Worker-Main-3/INFO] [net.minecraft.server.level.progress.LoggerChunkProgressListener/]: Preparing spawn area: 2%
[25Sep2026 00:56:55.956] [Worker-Main-3/INFO] [net.minecraft.server.level.progress.LoggerChunkProgressListener/]: Preparing spawn area: 18%
[25Sep2026 00:56:56.455] [Worker-Main-3/INFO] [net.minecraft.server.level.progress.LoggerChunkProgressListener/]: Preparing spawn area: 51%
[25Sep2026 00:56:56.871] [Server thread/INFO] [net.minecraft.server.level.progress.LoggerChunkProgressListener/]: Time elapsed: 1918 ms
[25Sep2026 00:56:56.871] [Server thread/INFO] [net.minecraft.server.dedicated.DedicatedServer/]: Done (4.489s)! For help, type "help"
[25Sep2026 00:56:56.879] [Server thread/INFO] [net.minecraftforge.gametest.ForgeGameTestHooks/]: Enabled Gametest Namespaces: [minecivilization]
[25Sep2026 00:56:56.881] [Server thread/INFO] [net.minecraftforge.server.permission.PermissionAPI/]: Successfully initialized permission handler forge:default_handler
[25Sep2026 00:58:18.943] [Server thread/INFO] [net.minecraft.server.MinecraftServer/]: Citizen 'Marie' spawned (2449988a-fdb9-4a35-a1d2-11a9fc6045bb).
[25Sep2026 00:58:18.991] [Server thread/INFO] [ai.minecivilization.citizen.CitizenBrain/]: [Citizen Marie · lumberjack] Goal assigned: CRAFT_ITEM minecraft:wooden_sword x1 (ready in hand)
[25Sep2026 00:58:19.283] [Server thread/INFO] [net.minecraft.server.MinecraftServer/]: Citizen 'Zoe' spawned (9322cbd5-0796-48bf-934e-02df9fe830e4).
[25Sep2026 00:58:19.333] [Server thread/INFO] [ai.minecivilization.citizen.CitizenBrain/]: [Citizen Zoe · miner] Goal assigned: CRAFT_ITEM minecraft:wooden_sword x1 (ready in hand)
[25Sep2026 00:58:19.585] [Server thread/INFO] [net.minecraft.server.MinecraftServer/]: Citizen 'Hugo' spawned (ebb4deb3-b106-4a17-a05a-8b5dabb6bf67).
[25Sep2026 00:58:19.635] [Server thread/INFO] [ai.minecivilization.citizen.CitizenBrain/]: [Citizen Hugo · farmer] Goal assigned: CRAFT_ITEM minecraft:wooden_hoe x1 (ready in hand)
[25Sep2026 00:58:19.884] [Server thread/INFO] [net.minecraft.server.MinecraftServer/]: Citizen 'Noor' spawned (b676f85e-abe6-4f4c-853c-9d7447a403be).
[25Sep2026 00:58:19.935] [Server thread/INFO] [ai.minecivilization.citizen.CitizenBrain/]: [Citizen Noor · builder] Goal assigned: CRAFT_ITEM minecraft:wooden_sword x1 (ready in hand)
[25Sep2026 00:58:20.184] [Server thread/INFO] [net.minecraft.server.MinecraftServer/]: Citizen 'Lena' spawned (d242ef5e-7c45-43b0-af8b-194fe7f02e5f).
[25Sep2026 00:58:20.234] [Server thread/INFO] [ai.minecivilization.citizen.CitizenBrain/]: [Citizen Lena · crafter] Goal assigned: CRAFT_ITEM minecraft:crafting_table x1 (ready in hand)
[25Sep2026 00:58:20.485] [Server thread/INFO] [net.minecraft.server.MinecraftServer/]: Citizen 'Ravi' spawned (61f201c1-87f5-4774-a2f1-9e546a2c6825).
[25Sep2026 00:58:20.534] [Server thread/INFO] [ai.minecivilization.citizen.CitizenBrain/]: [Citizen Ravi · shepherd] Goal assigned: CRAFT_ITEM minecraft:shears x1 (ready in hand)
[25Sep2026 00:58:20.789] [Server thread/INFO] [net.minecraft.server.MinecraftServer/]: Citizen 'Sam' spawned (ad05dd0a-e774-43a2-89fc-8b594d20c7d0).
[25Sep2026 00:58:20.835] [Server thread/INFO] [ai.minecivilization.citizen.CitizenBrain/]: [Citizen Sam · lumberjack] Goal assigned: CRAFT_ITEM minecraft:wooden_sword x1 (ready in hand)
[25Sep2026 00:58:21.135] [Server thread/INFO] [net.minecraft.server.MinecraftServer/]: Citizen 'Jonas' spawned (1d76fba1-74c9-438c-85b7-c008a8ad5313).
[25Sep2026 00:58:21.185] [Server thread/INFO] [ai.minecivilization.citizen.CitizenBrain/]: [Citizen Jonas · miner] Goal assigned: CRAFT_ITEM minecraft:wooden_sword x1 (ready in hand)
[25Sep2026 00:58:21.435] [Server thread/INFO] [net.minecraft.server.MinecraftServer/]: Citizen 'Tomas' spawned (2010e981-bb57-4ab7-a411-5bbcebe51ece).
[25Sep2026 00:58:21.486] [Server thread/INFO] [ai.minecivilization.citizen.CitizenBrain/]: [Citizen Tomas · farmer] Goal assigned: CRAFT_ITEM minecraft:wooden_hoe x1 (ready in hand)
[25Sep2026 00:58:21.736] [Server thread/INFO] [net.minecraft.server.MinecraftServer/]: Citizen 'Mila' spawned (0da80a3c-c570-413a-8094-279007553a2b).
[25Sep2026 00:58:21.787] [Server thread/INFO] [ai.minecivilization.citizen.CitizenBrain/]: [Citizen Mila · builder] Goal assigned: CRAFT_ITEM minecraft:wooden_sword x1 (ready in hand)
[25Sep2026 00:58:21.847] [Server thread/INFO] [ai.minecivilization.telemetry.ColonyEventLog/]: [Colony/construction] the colony began its Town Hall at 1,73,1
[25Sep2026 00:58:23.783] [Server thread/INFO] [ai.minecivilization.citizen.CitizenBrain/]: [Citizen Noor · builder] task CRAFT failed: TARGET_NOT_FOUND: No reachable minecraft:acacia_log (or any substitute) within 48 blocks. (recoverable)
[25Sep2026 00:58:23.834] [Server thread/INFO] [ai.minecivilization.citizen.CitizenBrain/]: [Citizen Noor · builder] Goal assigned: CRAFT_ITEM minecraft:oak_stairs x32 (ready in hand)
[25Sep2026 00:58:24.083] [Server thread/INFO] [ai.minecivilization.citizen.CitizenBrain/]: [Citizen Lena · crafter] task CRAFT failed: TARGET_NOT_FOUND: No reachable minecraft:acacia_log (or any substitute) within 48 blocks. (recoverable)
[25Sep2026 00:58:24.133] [Server thread/INFO] [ai.minecivilization.citizen.CitizenBrain/]: [Citizen Lena · crafter] Goal assigned: CRAFT_ITEM minecraft:chest x1 (ready in hand)
[25Sep2026 00:58:24.384] [Server thread/INFO] [ai.minecivilization.citizen.CitizenBrain/]: [Citizen Ravi · shepherd] task CRAFT failed: TARGET_NOT_FOUND: No reachable minecraft:deepslate_iron_ore (or any substitute) within 48 blocks. (recoverable)
[25Sep2026 00:58:24.434] [Server thread/INFO] [ai.minecivilization.citizen.CitizenBrain/]: [Citizen Ravi · shepherd] Goal assigned: CRAFT_ITEM minecraft:chest x1 (ready in hand)
[25Sep2026 00:58:24.685] [Server thread/INFO] [ai.minecivilization.citizen.CitizenBrain/]: [Citizen Sam · lumberjack] task CRAFT failed: TARGET_NOT_FOUND: No reachable minecraft:acacia_log (or any substitute) within 48 blocks. (recoverable)
[25Sep2026 00:58:24.738] [Server thread/INFO] [ai.minecivilization.citizen.CitizenBrain/]: [Citizen Sam · lumberjack] Goal assigned: EXPLORE x1 (ready in hand)
[25Sep2026 00:58:25.034] [Server thread/INFO] [ai.minecivilization.citizen.CitizenBrain/]: [Citizen Jonas · miner] task CRAFT failed: TARGET_NOT_FOUND: No reachable minecraft:acacia_log (or any substitute) within 48 blocks. (recoverable)
[25Sep2026 00:58:25.089] [Server thread/INFO] [ai.minecivilization.citizen.CitizenBrain/]: [Citizen Jonas · miner] Goal assigned: INCREASE_RESOURCE minecraft:torch x16 (ready in hand)
[25Sep2026 00:58:25.335] [Server thread/INFO] [ai.minecivilization.citizen.CitizenBrain/]: [Citizen Tomas · farmer] task CRAFT failed: TARGET_NOT_FOUND: No reachable minecraft:acacia_log (or any substitute) within 48 blocks. (recoverable)
[25Sep2026 00:58:25.387] [Server thread/INFO] [ai.minecivilization.citizen.CitizenBrain/]: [Citizen Tomas · farmer] Goal assigned: INCREASE_RESOURCE minecraft:torch x16 (ready in hand)
[25Sep2026 00:58:25.635] [Server thread/INFO] [ai.minecivilization.citizen.CitizenBrain/]: [Citizen Mila · builder] task CRAFT failed: TARGET_NOT_FOUND: No reachable minecraft:acacia_log (or any substitute) within 48 blocks. (recoverable)
[25Sep2026 00:58:25.688] [Server thread/INFO] [ai.minecivilization.citizen.CitizenBrain/]: [Citizen Mila · builder] Goal assigned: INCREASE_RESOURCE minecraft:torch x16 (ready in hand)
[25Sep2026 00:58:26.838] [Server thread/INFO] [ai.minecivilization.telemetry.ColonyEventLog/]: [Colony/construction] a new warehouse was planned at -20,0
[25Sep2026 00:58:27.682] [Server thread/INFO] [ai.minecivilization.citizen.CitizenBrain/]: [Citizen Noor · builder] task CRAFT failed: TARGET_NOT_FOUND: No reachable minecraft:oak_log (or any substitute) within 48 blocks. (recoverable)
[25Sep2026 00:58:27.732] [Server thread/INFO] [ai.minecivilization.citizen.CitizenBrain/]: [Citizen Noor · builder] Goal assigned: INCREASE_RESOURCE minecraft:oak_log x16 (ready in hand)
[25Sep2026 00:58:27.983] [Server thread/INFO] [ai.minecivilization.citizen.CitizenBrain/]: [Citizen Lena · crafter] task CRAFT failed: TARGET_NOT_FOUND: No reachable minecraft:acacia_log (or any substitute) within 48 blocks. (recoverable)
[25Sep2026 00:58:28.032] [Server thread/INFO] [ai.minecivilization.citizen.CitizenBrain/]: [Citizen Lena · crafter] Goal assigned: INCREASE_RESOURCE minecraft:oak_log x16 (ready in hand)
[25Sep2026 00:58:28.284] [Server thread/INFO] [ai.minecivilization.citizen.CitizenBrain/]: [Citizen Ravi · shepherd] task CRAFT failed: TARGET_NOT_FOUND: No reachable minecraft:acacia_log (or any substitute) within 48 blocks. (recoverable)
[25Sep2026 00:58:28.333] [Server thread/INFO] [ai.minecivilization.citizen.CitizenBrain/]: [Citizen Ravi · shepherd] Goal assigned: INCREASE_RESOURCE minecraft:oak_log x16 (ready in hand)
[25Sep2026 00:58:28.934] [Server thread/INFO] [ai.minecivilization.citizen.CitizenBrain/]: [Citizen Jonas · miner] task CRAFT failed: TARGET_NOT_FOUND: No reachable minecraft:acacia_log (or any substitute) within 48 blocks. (recoverable)
[25Sep2026 00:58:28.984] [Server thread/INFO] [ai.minecivilization.citizen.CitizenBrain/]: [Citizen Jonas · miner] Goal assigned: INCREASE_RESOURCE minecraft:oak_log x16 (ready in hand)
[25Sep2026 00:58:29.235] [Server thread/INFO] [ai.minecivilization.citizen.CitizenBrain/]: [Citizen Tomas · farmer] task CRAFT failed: TARGET_NOT_FOUND: No reachable minecraft:acacia_log (or any substitute) within 48 blocks. (recoverable)
[25Sep2026 00:58:29.285] [Server thread/INFO] [ai.minecivilization.citizen.CitizenBrain/]: [Citizen Tomas · farmer] Goal assigned: INCREASE_RESOURCE minecraft:oak_log x16 (ready in hand)
[25Sep2026 00:58:29.535] [Server thread/INFO] [ai.minecivilization.citizen.CitizenBrain/]: [Citizen Mila · builder] task CRAFT failed: TARGET_NOT_FOUND: No reachable minecraft:acacia_log (or any substitute) within 48 blocks. (recoverable)
[25Sep2026 00:58:29.585] [Server thread/INFO] [ai.minecivilization.citizen.CitizenBrain/]: [Citizen Mila · builder] Goal assigned: INCREASE_RESOURCE minecraft:oak_log x16 (ready in hand)
[25Sep2026 00:58:29.683] [Server thread/INFO] [ai.minecivilization.citizen.CitizenBrain/]: [Citizen Noor · builder] task GATHER failed: TARGET_NOT_FOUND: No reachable minecraft:oak_log (or any substitute) within 48 blocks. (recoverable)
[25Sep2026 00:58:29.733] [Server thread/INFO] [ai.minecivilization.citizen.CitizenBrain/]: [Citizen Noor · builder] Goal assigned: CRAFT_ITEM minecraft:chest x1 (ready in hand)
[25Sep2026 00:58:29.983] [Server thread/INFO] [ai.minecivilization.citizen.CitizenBrain/]: [Citizen Lena · crafter] task GATHER failed: TARGET_NOT_FOUND: No reachable minecraft:oak_log (or any substitute) within 48 blocks. (recoverable)
[25Sep2026 00:58:30.033] [Server thread/INFO] [ai.minecivilization.citizen.CitizenBrain/]: [Citizen Lena · crafter] Goal assigned: CRAFT_ITEM minecraft:oak_stairs x32 (ready in hand)
[25Sep2026 00:58:30.284] [Server thread/INFO] [ai.minecivilization.citizen.CitizenBrain/]: [Citizen Ravi · shepherd] task GATHER failed: TARGET_NOT_FOUND: No reachable minecraft:oak_log (or any substitute) within 48 blocks. (recoverable)
[25Sep2026 00:58:30.338] [Server thread/INFO] [ai.minecivilization.citizen.CitizenBrain/]: [Citizen Ravi · shepherd] Goal assigned: INCREASE_RESOURCE minecraft:torch x16 (ready in hand)
[25Sep2026 00:58:30.934] [Server thread/INFO] [ai.minecivilization.citizen.CitizenBrain/]: [Citizen Jonas · miner] task GATHER failed: TARGET_NOT_FOUND: No reachable minecraft:oak_log (or any substitute) within 48 blocks. (recoverable)
[25Sep2026 00:58:30.984] [Server thread/INFO] [ai.minecivilization.citizen.CitizenBrain/]: [Citizen Jonas · miner] Goal assigned: CRAFT_ITEM minecraft:chest x1 (ready in hand)
[25Sep2026 00:58:31.235] [Server thread/INFO] [ai.minecivilization.citizen.CitizenBrain/]: [Citizen Tomas · farmer] task GATHER failed: TARGET_NOT_FOUND: No reachable minecraft:oak_log (or any substitute) within 48 blocks. (recoverable)
[25Sep2026 00:58:31.286] [Server thread/INFO] [ai.minecivilization.citizen.CitizenBrain/]: [Citizen Tomas · farmer] Goal assigned: INCREASE_RESOURCE (ready in hand)
[25Sep2026 00:58:31.388] [Server thread/INFO] [ai.minecivilization.citizen.CitizenBrain/]: [Citizen Tomas · farmer] task BUILD failed: MISSING_RESOURCE: need minecraft:chest for Civic centre marker db920766 (recoverable)
[25Sep2026 00:58:31.535] [Server thread/INFO] [ai.minecivilization.citizen.CitizenBrain/]: [Citizen Mila · builder] task GATHER failed: TARGET_NOT_FOUND: No reachable minecraft:oak_log (or any substitute) within 48 blocks. (recoverable)
[25Sep2026 00:58:31.536] [Server thread/INFO] [ai.minecivilization.citizen.CitizenBrain/]: [Citizen Tomas · farmer] Goal assigned: INCREASE_RESOURCE minecraft:oak_log x16
[25Sep2026 00:58:31.587] [Server thread/INFO] [ai.minecivilization.citizen.CitizenBrain/]: [Citizen Mila · builder] Goal assigned: INCREASE_RESOURCE (ready in hand)
[25Sep2026 00:58:31.685] [Server thread/INFO] [ai.minecivilization.citizen.CitizenBrain/]: [Citizen Mila · builder] task BUILD failed: MISSING_RESOURCE: need minecraft:chest for Civic centre marker db920766 (recoverable)
[25Sep2026 00:58:31.835] [Server thread/INFO] [ai.minecivilization.citizen.CitizenBrain/]: [Citizen Mila · builder] Goal assigned: INCREASE_RESOURCE minecraft:oak_log x16
[25Sep2026 00:58:31.836] [Server thread/INFO] [ai.minecivilization.telemetry.ColonyEventLog/]: [Colony/construction] a new warehouse was planned at -32,0
[25Sep2026 00:58:32.334] [Server thread/INFO] [ai.minecivilization.telemetry.ColonyEventLog/]: [Colony/infrastructure] a new route is known: 0,0 → -31,-16 (41 blocks)
[25Sep2026 00:58:33.485] [Server thread/INFO] [ai.minecivilization.citizen.CitizenBrain/]: [Citizen Tomas · farmer] task GATHER failed: TARGET_NOT_FOUND: No reachable minecraft:oak_log (or any substitute) within 48 blocks. (recoverable)
[25Sep2026 00:58:33.538] [Server thread/INFO] [ai.minecivilization.citizen.CitizenBrain/]: [Citizen Tomas · farmer] Goal assigned: INCREASE_RESOURCE minecraft:dirt x16 (ready in hand)
[25Sep2026 00:58:33.582] [Server thread/INFO] [ai.minecivilization.citizen.CitizenBrain/]: [Citizen Noor · builder] task CRAFT failed: TARGET_NOT_FOUND: No reachable minecraft:acacia_log (or any substitute) within 48 blocks. (recoverable)
[25Sep2026 00:58:33.632] [Server thread/INFO] [ai.minecivilization.citizen.CitizenBrain/]: [Citizen Noor · builder] Goal assigned: INCREASE_RESOURCE minecraft:oak_log x16 (ready in hand)
[25Sep2026 00:58:33.786] [Server thread/INFO] [ai.minecivilization.citizen.CitizenBrain/]: [Citizen Mila · builder] task GATHER failed: TARGET_NOT_FOUND: No reachable minecraft:oak_log (or any substitute) within 48 blocks. (recoverable)
[25Sep2026 00:58:33.836] [Server thread/INFO] [ai.minecivilization.citizen.CitizenBrain/]: [Citizen Mila · builder] Goal assigned: CRAFT_ITEM minecraft:chest x1 (ready in hand)
[25Sep2026 00:58:33.884] [Server thread/INFO] [ai.minecivilization.citizen.CitizenBrain/]: [Citizen Lena · crafter] task CRAFT failed: TARGET_NOT_FOUND: No reachable minecraft:oak_log (or any substitute) within 48 blocks. (recoverable)
[25Sep2026 00:58:33.933] [Server thread/INFO] [ai.minecivilization.citizen.CitizenBrain/]: [Citizen Lena · crafter] Goal assigned: INCREASE_RESOURCE minecraft:oak_log x16 (ready in hand)
[25Sep2026 00:58:34.184] [Server thread/INFO] [ai.minecivilization.citizen.CitizenBrain/]: [Citizen Ravi · shepherd] task CRAFT failed: TARGET_NOT_FOUND: No reachable minecraft:acacia_log (or any substitute) within 48 blocks. (recoverable)
[25Sep2026 00:58:34.233] [Server thread/INFO] [ai.minecivilization.citizen.CitizenBrain/]: [Citizen Ravi · shepherd] Goal assigned: INCREASE_RESOURCE minecraft:oak_log x16 (ready in hand)
[25Sep2026 00:58:34.835] [Server thread/INFO] [ai.minecivilization.citizen.CitizenBrain/]: [Citizen Jonas · miner] task CRAFT failed: TARGET_NOT_FOUND: No reachable minecraft:acacia_log (or any substitute) within 48 blocks. (recoverable)
[25Sep2026 00:58:34.887] [Server thread/INFO] [ai.minecivilization.citizen.CitizenBrain/]: [Citizen Jonas · miner] Goal assigned: INCREASE_RESOURCE minecraft:oak_log x16 (ready in hand)
[25Sep2026 00:58:35.582] [Server thread/INFO] [ai.minecivilization.citizen.CitizenBrain/]: [Citizen Noor · builder] task GATHER failed: TARGET_NOT_FOUND: No reachable minecraft:oak_log (or any substitute) within 48 blocks. (recoverable)
[25Sep2026 00:58:35.632] [Server thread/INFO] [ai.minecivilization.telemetry.ColonyEventLog/]: [Colony/infrastructure] a new route is known: -3,5 → 31,19 (42 blocks)
[25Sep2026 00:58:35.632] [Server thread/INFO] [ai.minecivilization.citizen.CitizenBrain/]: [Citizen Noor · builder] Goal assigned: INCREASE_RESOURCE minecraft:oak_log x16 (ready in hand)
[25Sep2026 00:58:35.883] [Server thread/INFO] [ai.minecivilization.citizen.CitizenBrain/]: [Citizen Lena · crafter] task GATHER failed: TARGET_NOT_FOUND: No reachable minecraft:oak_log (or any substitute) within 48 blocks. (recoverable)
[25Sep2026 00:58:35.932] [Server thread/INFO] [ai.minecivilization.citizen.CitizenBrain/]: [Citizen Lena · crafter] Goal assigned: INCREASE_RESOURCE minecraft:oak_log x16 (ready in hand)
[25Sep2026 00:58:36.184] [Server thread/INFO] [ai.minecivilization.citizen.CitizenBrain/]: [Citizen Ravi · shepherd] task GATHER failed: TARGET_NOT_FOUND: No reachable minecraft:oak_log (or any substitute) within 48 blocks. (recoverable)
[25Sep2026 00:58:36.233] [Server thread/INFO] [ai.minecivilization.citizen.CitizenBrain/]: [Citizen Ravi · shepherd] Goal assigned: INCREASE_RESOURCE minecraft:oak_log x16 (ready in hand)
[25Sep2026 00:58:36.834] [Server thread/INFO] [ai.minecivilization.citizen.CitizenBrain/]: [Citizen Jonas · miner] task GATHER failed: TARGET_NOT_FOUND: No reachable minecraft:oak_log (or any substitute) within 48 blocks. (recoverable)
[25Sep2026 00:58:36.884] [Server thread/INFO] [ai.minecivilization.citizen.CitizenBrain/]: [Citizen Jonas · miner] Goal assigned: INCREASE_RESOURCE minecraft:oak_log x16 (ready in hand)
[25Sep2026 00:58:37.582] [Server thread/INFO] [ai.minecivilization.citizen.CitizenBrain/]: [Citizen Noor · builder] task GATHER failed: TARGET_NOT_FOUND: No reachable minecraft:oak_log (or any substitute) within 48 blocks. (recoverable)
[25Sep2026 00:58:37.634] [Server thread/INFO] [ai.minecivilization.citizen.CitizenBrain/]: [Citizen Noor · builder] Goal assigned: INCREASE_RESOURCE minecraft:torch x16 (ready in hand)
[25Sep2026 00:58:37.685] [Server thread/INFO] [ai.minecivilization.citizen.CitizenBrain/]: [Citizen Mila · builder] task CRAFT failed: TARGET_NOT_FOUND: No reachable minecraft:acacia_log (or any substitute) within 48 blocks. (recoverable)
[25Sep2026 00:58:37.734] [Server thread/INFO] [ai.minecivilization.citizen.CitizenBrain/]: [Citizen Mila · builder] Goal assigned: INCREASE_RESOURCE minecraft:oak_log x16 (ready in hand)
[25Sep2026 00:58:37.883] [Server thread/INFO] [ai.minecivilization.citizen.CitizenBrain/]: [Citizen Lena · crafter] task GATHER failed: TARGET_NOT_FOUND: No reachable minecraft:oak_log (or any substitute) within 48 blocks. (recoverable)
[25Sep2026 00:58:37.935] [Server thread/INFO] [ai.minecivilization.citizen.CitizenBrain/]: [Citizen Lena · crafter] Goal assigned: INCREASE_RESOURCE (ready in hand)
[25Sep2026 00:58:38.033] [Server thread/INFO] [ai.minecivilization.citizen.CitizenBrain/]: [Citizen Lena · crafter] task BUILD failed: MISSING_RESOURCE: need minecraft:chest for Civic centre marker db920766 (recoverable)
[25Sep2026 00:58:38.184] [Server thread/INFO] [ai.minecivilization.citizen.CitizenBrain/]: [Citizen Lena · crafter] Goal assigned: INCREASE_RESOURCE minecraft:wooden_hoe x1 (ready in hand)
[25Sep2026 00:58:38.185] [Server thread/INFO] [ai.minecivilization.citizen.CitizenBrain/]: [Citizen Ravi · shepherd] task GATHER failed: TARGET_NOT_FOUND: No reachable minecraft:oak_log (or any substitute) within 48 blocks. (recoverable)
[25Sep2026 00:58:38.233] [Server thread/INFO] [ai.minecivilization.citizen.CitizenBrain/]: [Citizen Ravi · shepherd] Goal assigned: CRAFT_ITEM minecraft:oak_stairs x32 (ready in hand)
[25Sep2026 00:58:38.834] [Server thread/INFO] [ai.minecivilization.citizen.CitizenBrain/]: [Citizen Jonas · miner] task GATHER failed: TARGET_NOT_FOUND: No reachable minecraft:oak_log (or any substitute) within 48 blocks. (recoverable)
[25Sep2026 00:58:38.886] [Server thread/INFO] [ai.minecivilization.citizen.CitizenBrain/]: [Citizen Jonas · miner] Goal assigned: INCREASE_RESOURCE (ready in hand)
[25Sep2026 00:58:38.987] [Server thread/INFO] [ai.minecivilization.citizen.CitizenBrain/]: [Citizen Jonas · miner] task BUILD failed: MISSING_RESOURCE: need minecraft:chest for Civic centre marker db920766 (recoverable)
[25Sep2026 00:58:39.136] [Server thread/INFO] [ai.minecivilization.citizen.CitizenBrain/]: [Citizen Jonas · miner] Goal assigned: INCREASE_RESOURCE minecraft:wooden_hoe x1 (ready in hand)
[25Sep2026 00:58:39.685] [Server thread/INFO] [ai.minecivilization.citizen.CitizenBrain/]: [Citizen Mila · builder] task GATHER failed: TARGET_NOT_FOUND: No reachable minecraft:oak_log (or any substitute) within 48 blocks. (recoverable)
[25Sep2026 00:58:39.738] [Server thread/INFO] [ai.minecivilization.citizen.CitizenBrain/]: [Citizen Mila · builder] Goal assigned: INCREASE_RESOURCE minecraft:wooden_hoe x1 (ready in hand)
[25Sep2026 00:58:39.834] [Server thread/INFO] [ai.minecivilization.telemetry.ColonyEventLog/]: [Colony/infrastructure] a new route is known: 0,0 → -14,37 (48 blocks)
[25Sep2026 00:58:41.482] [Server thread/INFO] [ai.minecivilization.citizen.CitizenBrain/]: [Citizen Noor · builder] task CRAFT failed: TARGET_NOT_FOUND: No reachable minecraft:acacia_log (or any substitute) within 48 blocks. (recoverable)
[25Sep2026 00:58:41.532] [Server thread/INFO] [ai.minecivilization.citizen.CitizenBrain/]: [Citizen Noor · builder] Goal assigned: INCREASE_RESOURCE minecraft:oak_log x16 (ready in hand)
[25Sep2026 00:58:41.634] [Server thread/INFO] [ai.minecivilization.citizen.CitizenBrain/]: [Citizen Tomas · farmer] task GATHER failed: TARGET_UNREACHABLE: Could not reach target after 6 repaths. (recoverable)
[25Sep2026 00:58:42.033] [Server thread/INFO] [ai.minecivilization.citizen.CitizenBrain/]: [Citizen Lena · crafter] task CRAFT failed: TARGET_NOT_FOUND: No reachable minecraft:acacia_log (or any substitute) within 48 blocks. (recoverable)
[25Sep2026 00:58:42.082] [Server thread/INFO] [ai.minecivilization.citizen.CitizenBrain/]: [Citizen Lena · crafter] Goal assigned: INCREASE_RESOURCE minecraft:oak_log x16 (ready in hand)
[25Sep2026 00:58:42.083] [Server thread/INFO] [ai.minecivilization.citizen.CitizenBrain/]: [Citizen Ravi · shepherd] task CRAFT failed: TARGET_NOT_FOUND: No reachable minecraft:oak_log (or any substitute) within 48 blocks. (recoverable)
[25Sep2026 00:58:42.133] [Server thread/INFO] [ai.minecivilization.citizen.CitizenBrain/]: [Citizen Ravi · shepherd] Goal assigned: INCREASE_RESOURCE minecraft:oak_log x16 (ready in hand)
[25Sep2026 00:58:42.634] [Server thread/INFO] [ai.minecivilization.citizen.CitizenBrain/]: [Citizen Tomas · farmer] task GATHER failed: TARGET_UNREACHABLE: Could not reach target after 6 repaths. (recoverable)
[25Sep2026 00:58:43.482] [Server thread/INFO] [ai.minecivilization.citizen.CitizenBrain/]: [Citizen Noor · builder] task GATHER failed: TARGET_NOT_FOUND: No reachable minecraft:oak_log (or any substitute) within 48 blocks. (recoverable)
[25Sep2026 00:58:43.533] [Server thread/INFO] [ai.minecivilization.citizen.CitizenBrain/]: [Citizen Noor · builder] Goal assigned: INCREASE_RESOURCE x1 (ready in hand)
[25Sep2026 00:58:43.584] [Server thread/INFO] [ai.minecivilization.citizen.CitizenBrain/]: [Citizen Mila · builder] task CRAFT failed: TARGET_NOT_FOUND: No reachable minecraft:acacia_log (or any substitute) within 48 blocks. (recoverable)
[25Sep2026 00:58:43.634] [Server thread/INFO] [ai.minecivilization.citizen.CitizenBrain/]: [Citizen Tomas · farmer] task GATHER keeps failing (TARGET_UNREACHABLE) — further repeats will not be logged
[25Sep2026 00:58:43.635] [Server thread/INFO] [ai.minecivilization.citizen.CitizenBrain/]: [Citizen Tomas · farmer] goal disengaged after 3 failures
[25Sep2026 00:58:43.635] [Server thread/INFO] [ai.minecivilization.citizen.CitizenBrain/]: [Citizen Mila · builder] Goal assigned: INCREASE_RESOURCE minecraft:oak_log x16 (ready in hand)
[25Sep2026 00:58:43.683] [Server thread/INFO] [ai.minecivilization.citizen.CitizenBrain/]: [Citizen Tomas · farmer] dropped nothing after REPEATED_FAILURE — taking different work
[25Sep2026 00:58:43.684] [Server thread/INFO] [ai.minecivilization.citizen.CitizenBrain/]: [Citizen Tomas · farmer] Goal assigned: CRAFT_ITEM minecraft:oak_stairs x32 (ready in hand)
[25Sep2026 00:58:44.032] [Server thread/INFO] [ai.minecivilization.citizen.CitizenBrain/]: [Citizen Lena · crafter] task GATHER failed: TARGET_NOT_FOUND: No reachable minecraft:oak_log (or any substitute) within 48 blocks. (recoverable)
[25Sep2026 00:58:44.086] [Server thread/INFO] [ai.minecivilization.citizen.CitizenBrain/]: [Citizen Lena · crafter] Goal assigned: INCREASE_RESOURCE minecraft:dirt x16 (ready in hand)
[25Sep2026 00:58:44.087] [Server thread/INFO] [ai.minecivilization.citizen.CitizenBrain/]: [Citizen Ravi · shepherd] task GATHER failed: TARGET_NOT_FOUND: No reachable minecraft:oak_log (or any substitute) within 48 blocks. (recoverable)
[25Sep2026 00:58:44.136] [Server thread/INFO] [ai.minecivilization.citizen.CitizenBrain/]: [Citizen Ravi · shepherd] Goal assigned: INCREASE_RESOURCE (ready in hand)
[25Sep2026 00:58:44.234] [Server thread/INFO] [ai.minecivilization.citizen.CitizenBrain/]: [Citizen Noor · builder] task COLLECT failed: TARGET_UNREACHABLE: Could not reach target after 6 repaths. (recoverable)
[25Sep2026 00:58:44.234] [Server thread/INFO] [ai.minecivilization.citizen.CitizenBrain/]: [Citizen Ravi · shepherd] task BUILD failed: MISSING_RESOURCE: need minecraft:chest for Civic centre marker db920766 (recoverable)
[25Sep2026 00:58:44.383] [Server thread/INFO] [ai.minecivilization.citizen.CitizenBrain/]: [Citizen Noor · builder] task COLLECT failed: TARGET_UNREACHABLE: Could not reach target after 6 repaths. (recoverable)
[25Sep2026 00:58:44.386] [Server thread/INFO] [ai.minecivilization.citizen.CitizenBrain/]: [Citizen Ravi · shepherd] Goal assigned: INCREASE_RESOURCE minecraft:wooden_hoe x1 (ready in hand)
[25Sep2026 00:58:44.533] [Server thread/INFO] [ai.minecivilization.citizen.CitizenBrain/]: [Citizen Noor · builder] task COLLECT keeps failing (TARGET_UNREACHABLE) — further repeats will not be logged
[25Sep2026 00:58:44.534] [Server thread/INFO] [ai.minecivilization.citizen.CitizenBrain/]: [Citizen Noor · builder] goal disengaged after 3 failures
[25Sep2026 00:58:44.582] [Server thread/INFO] [ai.minecivilization.citizen.CitizenBrain/]: [Citizen Noor · builder] dropped nothing after REPEATED_FAILURE — taking different work
[25Sep2026 00:58:44.585] [Server thread/INFO] [ai.minecivilization.citizen.CitizenBrain/]: [Citizen Noor · builder] Goal assigned: INCREASE_RESOURCE (ready in hand)
[25Sep2026 00:58:44.682] [Server thread/INFO] [ai.minecivilization.citizen.CitizenBrain/]: [Citizen Noor · builder] task BUILD failed: MISSING_RESOURCE: need minecraft:chest for Civic centre marker db920766 (recoverable)
[25Sep2026 00:58:44.833] [Server thread/INFO] [ai.minecivilization.citizen.CitizenBrain/]: [Citizen Noor · builder] Goal assigned: INCREASE_RESOURCE minecraft:wooden_hoe x1 (ready in hand)
[25Sep2026 00:58:45.584] [Server thread/INFO] [ai.minecivilization.citizen.CitizenBrain/]: [Citizen Mila · builder] task GATHER failed: TARGET_NOT_FOUND: No reachable minecraft:oak_log (or any substitute) within 48 blocks. (recoverable)
[25Sep2026 00:58:45.635] [Server thread/INFO] [ai.minecivilization.citizen.CitizenBrain/]: [Citizen Mila · builder] Goal assigned: INCREASE_RESOURCE x1 (ready in hand)
[25Sep2026 00:58:46.336] [Server thread/INFO] [ai.minecivilization.citizen.CitizenBrain/]: [Citizen Mila · builder] task COLLECT failed: TARGET_UNREACHABLE: Could not reach target after 6 repaths. (recoverable)
[25Sep2026 00:58:46.486] [Server thread/INFO] [ai.minecivilization.citizen.CitizenBrain/]: [Citizen Mila · builder] task COLLECT failed: TARGET_UNREACHABLE: Could not reach target after 6 repaths. (recoverable)
[25Sep2026 00:58:46.638] [Server thread/INFO] [ai.minecivilization.citizen.CitizenBrain/]: [Citizen Mila · builder] task COLLECT keeps failing (TARGET_UNREACHABLE) — further repeats will not be logged
[25Sep2026 00:58:46.638] [Server thread/INFO] [ai.minecivilization.citizen.CitizenBrain/]: [Citizen Mila · builder] goal disengaged after 3 failures
[25Sep2026 00:58:46.686] [Server thread/INFO] [ai.minecivilization.citizen.CitizenBrain/]: [Citizen Mila · builder] dropped nothing after REPEATED_FAILURE — taking different work
[25Sep2026 00:58:46.689] [Server thread/INFO] [ai.minecivilization.citizen.CitizenBrain/]: [Citizen Mila · builder] Goal assigned: INCREASE_RESOURCE minecraft:cobblestone x16 (ready in hand)
[25Sep2026 00:58:47.534] [Server thread/INFO] [ai.minecivilization.citizen.CitizenBrain/]: [Citizen Tomas · farmer] task CRAFT failed: TARGET_NOT_FOUND: No reachable minecraft:oak_log (or any substitute) within 48 blocks. (recoverable)
[25Sep2026 00:58:47.586] [Server thread/INFO] [ai.minecivilization.citizen.CitizenBrain/]: [Citizen Tomas · farmer] Goal assigned: INCREASE_RESOURCE x1 (ready in hand)
[25Sep2026 00:58:47.737] [Server thread/INFO] [ai.minecivilization.citizen.CitizenBrain/]: [Citizen Tomas · farmer] task COLLECT failed: TARGET_UNREACHABLE: Could not reach target after 6 repaths. (recoverable)
[25Sep2026 00:58:47.885] [Server thread/INFO] [ai.minecivilization.citizen.CitizenBrain/]: [Citizen Tomas · farmer] task COLLECT failed: TARGET_UNREACHABLE: Could not reach target after 6 repaths. (recoverable)
[25Sep2026 00:58:48.035] [Server thread/INFO] [ai.minecivilization.citizen.CitizenBrain/]: [Citizen Tomas · farmer] task COLLECT keeps failing (TARGET_UNREACHABLE) — further repeats will not be logged
[25Sep2026 00:58:48.035] [Server thread/INFO] [ai.minecivilization.citizen.CitizenBrain/]: [Citizen Tomas · farmer] goal disengaged after 3 failures
[25Sep2026 00:58:48.083] [Server thread/INFO] [ai.minecivilization.citizen.CitizenBrain/]: [Citizen Tomas · farmer] dropped nothing after REPEATED_FAILURE — taking different work
[25Sep2026 00:58:48.084] [Server thread/INFO] [ai.minecivilization.citizen.CitizenBrain/]: [Citizen Tomas · farmer] Goal assigned: CRAFT_ITEM minecraft:chest x1 (ready in hand)
[25Sep2026 00:58:48.233] [Server thread/INFO] [ai.minecivilization.citizen.CitizenBrain/]: [Citizen Ravi · shepherd] task CRAFT failed: TARGET_NOT_FOUND: No reachable minecraft:acacia_log (or any substitute) within 48 blocks. (recoverable)
[25Sep2026 00:58:48.283] [Server thread/INFO] [ai.minecivilization.citizen.CitizenBrain/]: [Citizen Ravi · shepherd] Goal assigned: INCREASE_RESOURCE minecraft:oak_log x16 (ready in hand)
[25Sep2026 00:58:48.682] [Server thread/INFO] [ai.minecivilization.citizen.CitizenBrain/]: [Citizen Noor · builder] task CRAFT failed: TARGET_NOT_FOUND: No reachable minecraft:acacia_log (or any substitute) within 48 blocks. (recoverable)
[25Sep2026 00:58:48.732] [Server thread/INFO] [ai.minecivilization.citizen.CitizenBrain/]: [Citizen Noor · builder] Goal assigned: INCREASE_RESOURCE minecraft:oak_log x16 (ready in hand)
[25Sep2026 00:58:50.233] [Server thread/INFO] [ai.minecivilization.citizen.CitizenBrain/]: [Citizen Ravi · shepherd] task GATHER failed: TARGET_NOT_FOUND: No reachable minecraft:oak_log (or any substitute) within 48 blocks. (recoverable)
[25Sep2026 00:58:50.283] [Server thread/INFO] [ai.minecivilization.citizen.CitizenBrain/]: [Citizen Ravi · shepherd] Goal assigned: INCREASE_RESOURCE x1 (ready in hand)
[25Sep2026 00:58:50.682] [Server thread/INFO] [ai.minecivilization.citizen.CitizenBrain/]: [Citizen Noor · builder] task GATHER failed: TARGET_NOT_FOUND: No reachable minecraft:oak_log (or any substitute) within 48 blocks. (recoverable)
[25Sep2026 00:58:50.732] [Server thread/INFO] [ai.minecivilization.citizen.CitizenBrain/]: [Citizen Noor · builder] Goal assigned: INCREASE_RESOURCE minecraft:oak_log x16 (ready in hand)
[25Sep2026 00:58:50.984] [Server thread/INFO] [ai.minecivilization.citizen.CitizenBrain/]: [Citizen Ravi · shepherd] task COLLECT failed: TARGET_UNREACHABLE: Could not reach target after 6 repaths. (recoverable)
[25Sep2026 00:58:51.134] [Server thread/INFO] [ai.minecivilization.citizen.CitizenBrain/]: [Citizen Ravi · shepherd] task COLLECT failed: TARGET_UNREACHABLE: Could not reach target after 6 repaths. (recoverable)
[25Sep2026 00:58:51.284] [Server thread/INFO] [ai.minecivilization.citizen.CitizenBrain/]: [Citizen Ravi · shepherd] task COLLECT keeps failing (TARGET_UNREACHABLE) — further repeats will not be logged
[25Sep2026 00:58:51.285] [Server thread/INFO] [ai.minecivilization.citizen.CitizenBrain/]: [Citizen Ravi · shepherd] goal disengaged after 3 failures
[25Sep2026 00:58:51.332] [Server thread/INFO] [ai.minecivilization.citizen.CitizenBrain/]: [Citizen Ravi · shepherd] dropped nothing after REPEATED_FAILURE — taking different work
[25Sep2026 00:58:51.350] [Server thread/INFO] [ai.minecivilization.citizen.CitizenBrain/]: [Citizen Ravi · shepherd] Goal assigned: INCREASE_RESOURCE minecraft:oak_log x16 (ready in hand)
[25Sep2026 00:58:51.933] [Server thread/INFO] [ai.minecivilization.citizen.CitizenBrain/]: [Citizen Tomas · farmer] task CRAFT failed: TARGET_NOT_FOUND: No reachable minecraft:acacia_log (or any substitute) within 48 blocks. (recoverable)
[25Sep2026 00:58:51.985] [Server thread/INFO] [ai.minecivilization.citizen.CitizenBrain/]: [Citizen Tomas · farmer] Goal assigned: INCREASE_RESOURCE minecraft:oak_log x16 (ready in hand)
[25Sep2026 00:58:52.682] [Server thread/INFO] [ai.minecivilization.citizen.CitizenBrain/]: [Citizen Noor · builder] task GATHER failed: TARGET_NOT_FOUND: No reachable minecraft:oak_log (or any substitute) within 48 blocks. (recoverable)
[25Sep2026 00:58:52.733] [Server thread/INFO] [ai.minecivilization.citizen.CitizenBrain/]: [Citizen Noor · builder] Goal assigned: INCREASE_RESOURCE minecraft:cobblestone x16 (ready in hand)
[25Sep2026 00:58:53.282] [Server thread/INFO] [ai.minecivilization.citizen.CitizenBrain/]: [Citizen Ravi · shepherd] task GATHER failed: TARGET_NOT_FOUND: No reachable minecraft:oak_log (or any substitute) within 48 blocks. (recoverable)
[25Sep2026 00:58:53.338] [Server thread/INFO] [ai.minecivilization.citizen.CitizenBrain/]: [Citizen Ravi · shepherd] Goal assigned: INCREASE_RESOURCE minecraft:cobblestone x16 (ready in hand)
[25Sep2026 00:58:53.935] [Server thread/INFO] [ai.minecivilization.citizen.CitizenBrain/]: [Citizen Tomas · farmer] task GATHER failed: TARGET_NOT_FOUND: No reachable minecraft:oak_log (or any substitute) within 48 blocks. (recoverable)
[25Sep2026 00:58:53.982] [Server thread/INFO] [ai.minecivilization.citizen.CitizenBrain/]: [Citizen Tomas · farmer] Goal assigned: INCREASE_RESOURCE minecraft:oak_log x16 (ready in hand)
[25Sep2026 00:58:55.933] [Server thread/INFO] [ai.minecivilization.citizen.CitizenBrain/]: [Citizen Tomas · farmer] task GATHER failed: TARGET_NOT_FOUND: No reachable minecraft:oak_log (or any substitute) within 48 blocks. (recoverable)
[25Sep2026 00:58:55.984] [Server thread/INFO] [ai.minecivilization.citizen.CitizenBrain/]: [Citizen Tomas · farmer] Goal assigned: INCREASE_RESOURCE minecraft:cobblestone x16 (ready in hand)
[25Sep2026 00:58:56.837] [Server thread/INFO] [ai.minecivilization.events.ModEvents/]: [Colony] Colony — day 0, 10 citizen(s), 100% busy, 10 building, 3 road(s)
[25Sep2026 00:58:56.837] [Server thread/INFO] [ai.minecivilization.events.ModEvents/]: [Colony] 100% busy — working 9 building 0 exploring 1 returning 0 idle 0 stuck 0 lost 0
[25Sep2026 00:58:56.838] [Server thread/INFO] [ai.minecivilization.events.ModEvents/]: [Colony] time spent (364s observed, 2% wasted): 41% searching  20% walking  15% felling  9% exploring  7% mining  3% hauling  2% no work  1% starting craft  1% crafting  1% making a way
[25Sep2026 00:58:56.838] [Server thread/INFO] [ai.minecivilization.events.ModEvents/]: [Colony] 7 district(s), 0 container(s), 0 bed(s), 0 sign(s), 3 road(s), food 0 — growth: needs 11 beds, has 0
[25Sep2026 00:58:56.838] [Server thread/INFO] [ai.minecivilization.events.ModEvents/]: [Colony]   build Civic centre marker db920766 [WAITING_FOR_RESOURCES] 0% at -7,76,-7  waiting for 2x chest
[25Sep2026 00:58:56.838] [Server thread/INFO] [ai.minecivilization.events.ModEvents/]: [Colony]   build Town Hall [PLANNED] 0% at 1,73,1
[25Sep2026 00:58:56.838] [Server thread/INFO] [ai.minecivilization.events.ModEvents/]: [Colony]   build Oak House 1 [PLANNED] 0% at 16,77,-1
[25Sep2026 00:58:56.838] [Server thread/INFO] [ai.minecivilization.events.ModEvents/]: [Colony]   build Warehouse district marker d1c79ed2 [PLANNED] 0% at -27,74,-7
[25Sep2026 00:58:56.838] [Server thread/INFO] [ai.minecivilization.events.ModEvents/]: [Colony]   build Warehouse 1 [PLANNED] 0% at -20,71,0
[25Sep2026 00:58:56.838] [Server thread/INFO] [ai.minecivilization.events.ModEvents/]: [Colony]   build Oak House 2 [PLANNED] 0% at 34,78,-1
[25Sep2026 00:58:56.838] [Server thread/INFO] [ai.minecivilization.events.ModEvents/]: [Colony]   build Warehouse 2 [PLANNED] 0% at -32,72,0
[25Sep2026 00:58:56.838] [Server thread/INFO] [ai.minecivilization.events.ModEvents/]: [Colony]   build Oak House 3 [PLANNED] 0% at 52,83,-1
[25Sep2026 00:58:56.838] [Server thread/INFO] [ai.minecivilization.events.ModEvents/]: [Colony]   build Oak House 4 [PLANNED] 0% at 70,86,-1
[25Sep2026 00:58:56.838] [Server thread/INFO] [ai.minecivilization.events.ModEvents/]: [Colony]   build Oak House 5 [PLANNED] 0% at 88,87,-1
[25Sep2026 00:58:56.838] [Server thread/INFO] [ai.minecivilization.events.ModEvents/]: [Colony]   Marie        LUMBERJACK  Working   CRAFT wooden sword x1  at 9,71,14  16m NW
[25Sep2026 00:58:56.838] [Server thread/INFO] [ai.minecivilization.events.ModEvents/]: [Colony]   Zoe          MINER       Working   CRAFT wooden sword x1  at -31,75,-16  35m SE
[25Sep2026 00:58:56.838] [Server thread/INFO] [ai.minecivilization.events.ModEvents/]: [Colony]   Hugo         FARMER      Working   CRAFT wooden hoe x1    at 31,73,19  36m NW
[25Sep2026 00:58:56.838] [Server thread/INFO] [ai.minecivilization.events.ModEvents/]: [Colony]   Noor         BUILDER     Working   GATHER cobblestone x16 at -2,71,0  2m E
[25Sep2026 00:58:56.838] [Server thread/INFO] [ai.minecivilization.events.ModEvents/]: [Colony]   Lena         CRAFTER     Working   GATHER dirt x16        at -2,71,0  2m E
[25Sep2026 00:58:56.838] [Server thread/INFO] [ai.minecivilization.events.ModEvents/]: [Colony]   Ravi         SHEPHERD    Working   GATHER cobblestone x16 at 0,69,-2  2m S
[25Sep2026 00:58:56.838] [Server thread/INFO] [ai.minecivilization.events.ModEvents/]: [Colony]   Sam          LUMBERJACK  Exploring EXPLORE x1             at -14,73,37  39m N
[25Sep2026 00:58:56.838] [Server thread/INFO] [ai.minecivilization.events.ModEvents/]: [Colony]   Jonas        MINER       Working   CRAFT wooden hoe x1    at 31,73,19  36m NW
[25Sep2026 00:58:56.839] [Server thread/INFO] [ai.minecivilization.events.ModEvents/]: [Colony]   Tomas        FARMER      Working   GATHER cobblestone x16 at -1,71,-1  1m SE
[25Sep2026 00:58:56.839] [Server thread/INFO] [ai.minecivilization.events.ModEvents/]: [Colony]   Mila         BUILDER     Working   GATHER cobblestone x16 at 0,70,-2  2m S
[25Sep2026 00:59:11.432] [Server thread/INFO] [ai.minecivilization.citizen.CitizenBrain/]: [Citizen Marie · lumberjack] task CRAFT failed: TARGET_NOT_FOUND: no crafting table within sight — this recipe needs a 3x3 grid (recoverable)
[25Sep2026 00:59:11.482] [Server thread/INFO] [ai.minecivilization.citizen.CitizenBrain/]: [Citizen Marie · lumberjack] Goal assigned: INCREASE_RESOURCE minecraft:oak_log x16 (ready in hand)
[25Sep2026 00:59:15.132] [Server thread/INFO] [ai.minecivilization.citizen.CitizenBrain/]: [Citizen Sam · lumberjack] task EXPLORE failed: TARGET_UNREACHABLE: Could not reach target after 6 repaths. (recoverable)
[25Sep2026 00:59:16.231] [Server thread/INFO] [ai.minecivilization.citizen.CitizenBrain/]: [Citizen Zoe · miner] task CRAFT failed: TARGET_NOT_FOUND: no crafting table within sight — this recipe needs a 3x3 grid (recoverable)
[25Sep2026 00:59:16.281] [Server thread/INFO] [ai.minecivilization.citizen.CitizenBrain/]: [Citizen Zoe · miner] Goal assigned: INCREASE_RESOURCE minecraft:oak_log x16 (ready in hand)
[25Sep2026 00:59:27.432] [Server thread/INFO] [ai.minecivilization.citizen.CitizenBrain/]: [Citizen Mila · builder] completed GATHER minecraft:cobblestone
[25Sep2026 00:59:27.482] [Server thread/INFO] [ai.minecivilization.citizen.CitizenBrain/]: [Citizen Mila · builder] Goal completed: INCREASE_RESOURCE minecraft:cobblestone x16
[25Sep2026 00:59:27.482] [Server thread/INFO] [ai.minecivilization.citizen.CitizenBrain/]: [Citizen Mila · builder] Goal assigned: INCREASE_RESOURCE minecraft:oak_log x16 (ready in hand)
[25Sep2026 00:59:29.432] [Server thread/INFO] [ai.minecivilization.citizen.CitizenBrain/]: [Citizen Mila · builder] task GATHER failed: TARGET_NOT_FOUND: No reachable minecraft:oak_log (or any substitute) within 48 blocks. (recoverable)
[25Sep2026 00:59:29.482] [Server thread/INFO] [ai.minecivilization.citizen.CitizenBrain/]: [Citizen Mila · builder] Goal assigned: INCREASE_RESOURCE minecraft:oak_log x16 (ready in hand)
[25Sep2026 00:59:31.432] [Server thread/INFO] [ai.minecivilization.citizen.CitizenBrain/]: [Citizen Mila · builder] task GATHER failed: TARGET_NOT_FOUND: No reachable minecraft:oak_log (or any substitute) within 48 blocks. (recoverable)
[25Sep2026 00:59:31.482] [Server thread/INFO] [ai.minecivilization.citizen.CitizenBrain/]: [Citizen Mila · builder] Goal assigned: CRAFT_ITEM minecraft:furnace x1 (ready in hand)
[25Sep2026 00:59:33.731] [Server thread/INFO] [ai.minecivilization.citizen.CitizenBrain/]: [Citizen Noor · builder] completed GATHER minecraft:cobblestone
[25Sep2026 00:59:33.781] [Server thread/INFO] [ai.minecivilization.citizen.CitizenBrain/]: [Citizen Noor · builder] Goal completed: INCREASE_RESOURCE minecraft:cobblestone x16
[25Sep2026 00:59:33.781] [Server thread/INFO] [ai.minecivilization.citizen.CitizenBrain/]: [Citizen Noor · builder] Goal assigned: INCREASE_RESOURCE minecraft:oak_log x16 (ready in hand)
[25Sep2026 00:59:34.432] [Server thread/INFO] [ai.minecivilization.citizen.CitizenBrain/]: [Citizen Ravi · shepherd] completed GATHER minecraft:cobblestone
[25Sep2026 00:59:34.482] [Server thread/INFO] [ai.minecivilization.citizen.CitizenBrain/]: [Citizen Ravi · shepherd] Goal completed: INCREASE_RESOURCE minecraft:cobblestone x16
[25Sep2026 00:59:34.482] [Server thread/INFO] [ai.minecivilization.citizen.CitizenBrain/]: [Citizen Ravi · shepherd] Goal assigned: INCREASE_RESOURCE minecraft:oak_log x16 (ready in hand)
[25Sep2026 00:59:36.182] [Server thread/INFO] [ai.minecivilization.citizen.CitizenBrain/]: [Citizen Tomas · farmer] completed GATHER minecraft:cobblestone
[25Sep2026 00:59:36.232] [Server thread/INFO] [ai.minecivilization.citizen.CitizenBrain/]: [Citizen Tomas · farmer] Goal completed: INCREASE_RESOURCE minecraft:cobblestone x16
[25Sep2026 00:59:36.233] [Server thread/INFO] [ai.minecivilization.citizen.CitizenBrain/]: [Citizen Tomas · farmer] Goal assigned: INCREASE_RESOURCE minecraft:oak_log x16 (ready in hand)
[25Sep2026 00:59:36.433] [Server thread/INFO] [ai.minecivilization.citizen.CitizenBrain/]: [Citizen Ravi · shepherd] task GATHER failed: TARGET_NOT_FOUND: No reachable minecraft:oak_log (or any substitute) within 48 blocks. (recoverable)
[25Sep2026 00:59:36.481] [Server thread/INFO] [ai.minecivilization.citizen.CitizenBrain/]: [Citizen Ravi · shepherd] Goal assigned: INCREASE_RESOURCE minecraft:oak_log x16 (ready in hand)
[25Sep2026 00:59:38.183] [Server thread/INFO] [ai.minecivilization.citizen.CitizenBrain/]: [Citizen Tomas · farmer] task GATHER failed: TARGET_NOT_FOUND: No reachable minecraft:oak_log (or any substitute) within 48 blocks. (recoverable)
[25Sep2026 00:59:38.232] [Server thread/INFO] [ai.minecivilization.citizen.CitizenBrain/]: [Citizen Tomas · farmer] Goal assigned: INCREASE_RESOURCE minecraft:oak_log x16 (ready in hand)
[25Sep2026 00:59:38.432] [Server thread/INFO] [ai.minecivilization.citizen.CitizenBrain/]: [Citizen Ravi · shepherd] task GATHER failed: TARGET_NOT_FOUND: No reachable minecraft:oak_log (or any substitute) within 48 blocks. (recoverable)
[25Sep2026 00:59:38.482] [Server thread/INFO] [ai.minecivilization.citizen.CitizenBrain/]: [Citizen Ravi · shepherd] Goal assigned: CRAFT_ITEM minecraft:furnace x1 (ready in hand)
[25Sep2026 00:59:40.183] [Server thread/INFO] [ai.minecivilization.citizen.CitizenBrain/]: [Citizen Tomas · farmer] task GATHER failed: TARGET_NOT_FOUND: No reachable minecraft:oak_log (or any substitute) within 48 blocks. (recoverable)
[25Sep2026 00:59:40.233] [Server thread/INFO] [ai.minecivilization.citizen.CitizenBrain/]: [Citizen Tomas · farmer] Goal assigned: CRAFT_ITEM minecraft:wooden_hoe x1 (ready in hand)
[25Sep2026 00:59:41.582] [Server thread/INFO] [ai.minecivilization.citizen.CitizenBrain/]: [Citizen Hugo · farmer] task CRAFT failed: TARGET_NOT_FOUND: No reachable minecraft:acacia_log (or any substitute) within 48 blocks. (recoverable)
[25Sep2026 00:59:41.631] [Server thread/INFO] [ai.minecivilization.citizen.CitizenBrain/]: [Citizen Hugo · farmer] Goal assigned: INCREASE_RESOURCE minecraft:oak_log x16 (ready in hand)
[25Sep2026 00:59:43.582] [Server thread/INFO] [ai.minecivilization.citizen.CitizenBrain/]: [Citizen Hugo · farmer] task GATHER failed: TARGET_NOT_FOUND: No reachable minecraft:oak_log (or any substitute) within 48 blocks. (recoverable)
[25Sep2026 00:59:43.631] [Server thread/INFO] [ai.minecivilization.citizen.CitizenBrain/]: [Citizen Hugo · farmer] Goal assigned: INCREASE_RESOURCE minecraft:oak_log x16 (ready in hand)
[25Sep2026 00:59:44.083] [Server thread/INFO] [ai.minecivilization.citizen.CitizenBrain/]: [Citizen Tomas · farmer] task CRAFT failed: TARGET_NOT_FOUND: No reachable minecraft:acacia_log (or any substitute) within 48 blocks. (recoverable)
[25Sep2026 00:59:44.132] [Server thread/INFO] [ai.minecivilization.citizen.CitizenBrain/]: [Citizen Tomas · farmer] Goal assigned: INCREASE_RESOURCE minecraft:oak_log x16 (ready in hand)
[25Sep2026 00:59:45.582] [Server thread/INFO] [ai.minecivilization.citizen.CitizenBrain/]: [Citizen Hugo · farmer] task GATHER failed: TARGET_NOT_FOUND: No reachable minecraft:oak_log (or any substitute) within 48 blocks. (recoverable)
[25Sep2026 00:59:45.640] [Server thread/INFO] [ai.minecivilization.citizen.CitizenBrain/]: [Citizen Hugo · farmer] Goal assigned: INCREASE_RESOURCE minecraft:cobblestone x32 (ready in hand)
[25Sep2026 00:59:46.085] [Server thread/INFO] [ai.minecivilization.citizen.CitizenBrain/]: [Citizen Tomas · farmer] task GATHER failed: TARGET_NOT_FOUND: No reachable minecraft:oak_log (or any substitute) within 48 blocks. (recoverable)
[25Sep2026 00:59:46.132] [Server thread/INFO] [ai.minecivilization.citizen.CitizenBrain/]: [Citizen Tomas · farmer] Goal assigned: CRAFT_ITEM minecraft:oak_stairs x32 (ready in hand)
[25Sep2026 00:59:49.982] [Server thread/INFO] [ai.minecivilization.citizen.CitizenBrain/]: [Citizen Tomas · farmer] task CRAFT failed: TARGET_NOT_FOUND: No reachable minecraft:oak_log (or any substitute) within 48 blocks. (recoverable)
[25Sep2026 00:59:50.032] [Server thread/INFO] [ai.minecivilization.citizen.CitizenBrain/]: [Citizen Tomas · farmer] Goal assigned: INCREASE_RESOURCE minecraft:oak_log x16 (ready in hand)
[25Sep2026 00:59:51.982] [Server thread/INFO] [ai.minecivilization.citizen.CitizenBrain/]: [Citizen Tomas · farmer] task GATHER failed: TARGET_NOT_FOUND: No reachable minecraft:oak_log (or any substitute) within 48 blocks. (recoverable)
[25Sep2026 00:59:52.031] [Server thread/INFO] [ai.minecivilization.citizen.CitizenBrain/]: [Citizen Tomas · farmer] Goal assigned: INCREASE_RESOURCE minecraft:oak_log x16 (ready in hand)
[25Sep2026 00:59:53.532] [Server thread/INFO] [ai.minecivilization.citizen.CitizenBrain/]: [Citizen Sam · lumberjack] task EXPLORE failed: TARGET_UNREACHABLE: Could not reach target after 6 repaths. (recoverable)
[25Sep2026 00:59:53.837] [Server thread/INFO] [ai.minecivilization.citizen.CitizenBrain/]: [Citizen Sam · lumberjack] task EXPLORE keeps failing (TARGET_UNREACHABLE) — further repeats will not be logged
[25Sep2026 00:59:53.837] [Server thread/INFO] [ai.minecivilization.citizen.CitizenBrain/]: [Citizen Sam · lumberjack] goal disengaged after 3 failures
[25Sep2026 00:59:53.841] [Server thread/INFO] [ai.minecivilization.citizen.CitizenBrain/]: [Citizen Sam · lumberjack] dropped nothing after REPEATED_FAILURE — taking different work
[25Sep2026 00:59:53.841] [Server thread/INFO] [ai.minecivilization.citizen.CitizenBrain/]: [Citizen Sam · lumberjack] Goal assigned: CRAFT_ITEM minecraft:wooden_sword x1 (ready in hand)
[25Sep2026 00:59:53.983] [Server thread/INFO] [ai.minecivilization.citizen.CitizenBrain/]: [Citizen Tomas · farmer] task GATHER failed: TARGET_NOT_FOUND: No reachable minecraft:oak_log (or any substitute) within 48 blocks. (recoverable)
[25Sep2026 00:59:54.033] [Server thread/INFO] [ai.minecivilization.citizen.CitizenBrain/]: [Citizen Tomas · farmer] Goal assigned: INCREASE_RESOURCE x1 (ready in hand)
[25Sep2026 00:59:54.382] [Server thread/INFO] [ai.minecivilization.citizen.CitizenBrain/]: [Citizen Tomas · farmer] task COLLECT failed: TARGET_UNREACHABLE: Could not reach target after 6 repaths. (recoverable)
[25Sep2026 00:59:54.632] [Server thread/INFO] [ai.minecivilization.citizen.CitizenBrain/]: [Citizen Tomas · farmer] task COLLECT failed: TARGET_UNREACHABLE: Could not reach target after 6 repaths. (recoverable)
[25Sep2026 00:59:54.782] [Server thread/INFO] [ai.minecivilization.citizen.CitizenBrain/]: [Citizen Tomas · farmer] task COLLECT keeps failing (TARGET_UNREACHABLE) — further repeats will not be logged
[25Sep2026 00:59:54.782] [Server thread/INFO] [ai.minecivilization.citizen.CitizenBrain/]: [Citizen Tomas · farmer] goal disengaged after 3 failures
[25Sep2026 00:59:54.832] [Server thread/INFO] [ai.minecivilization.citizen.CitizenBrain/]: [Citizen Tomas · farmer] dropped nothing after REPEATED_FAILURE — taking different work
[25Sep2026 00:59:54.832] [Server thread/INFO] [ai.minecivilization.citizen.CitizenBrain/]: [Citizen Tomas · farmer] Goal assigned: CRAFT_ITEM minecraft:chest x1 (ready in hand)
[25Sep2026 00:59:56.832] [Server thread/INFO] [ai.minecivilization.events.ModEvents/]: [Colony] Colony — day 0, 10 citizen(s), 70% busy, 10 building, 3 road(s)
[25Sep2026 00:59:56.833] [Server thread/INFO] [ai.minecivilization.events.ModEvents/]: [Colony] 70% busy — working 7 building 0 exploring 0 returning 0 idle 0 stuck 3 lost 0
[25Sep2026 00:59:56.833] [Server thread/INFO] [ai.minecivilization.events.ModEvents/]: [Colony] time spent (964s observed, 1% wasted): 29% walking  19% searching  17% mining  9% exploring  9% making a way  8% crafting  6% felling  2% hauling  1% no work
[25Sep2026 00:59:56.833] [Server thread/INFO] [ai.minecivilization.events.ModEvents/]: [Colony] 17 district(s), 0 container(s), 0 bed(s), 0 sign(s), 3 road(s), food 0 — growth: needs 11 beds, has 0
[25Sep2026 00:59:56.833] [Server thread/INFO] [ai.minecivilization.events.ModEvents/]: [Colony]   build Civic centre marker db920766 [WAITING_FOR_RESOURCES] 0% at -7,76,-7  waiting for 2x chest
[25Sep2026 00:59:56.833] [Server thread/INFO] [ai.minecivilization.events.ModEvents/]: [Colony]   build Town Hall [PLANNED] 0% at 1,73,1
[25Sep2026 00:59:56.833] [Server thread/INFO] [ai.minecivilization.events.ModEvents/]: [Colony]   build Oak House 1 [PLANNED] 0% at 7,70,18
[25Sep2026 00:59:56.833] [Server thread/INFO] [ai.minecivilization.events.ModEvents/]: [Colony]   build Warehouse district marker d1c79ed2 [PLANNED] 0% at -27,74,-7
[25Sep2026 00:59:56.833] [Server thread/INFO] [ai.minecivilization.events.ModEvents/]: [Colony]   build Warehouse 1 [PLANNED] 0% at -20,71,0
[25Sep2026 00:59:56.833] [Server thread/INFO] [ai.minecivilization.events.ModEvents/]: [Colony]   build Oak House 2 [PLANNED] 0% at 25,70,18
[25Sep2026 00:59:56.833] [Server thread/INFO] [ai.minecivilization.events.ModEvents/]: [Colony]   build Warehouse 2 [PLANNED] 0% at -32,72,0
[25Sep2026 00:59:56.833] [Server thread/INFO] [ai.minecivilization.events.ModEvents/]: [Colony]   build Oak House 3 [PLANNED] 0% at 43,76,18
[25Sep2026 00:59:56.833] [Server thread/INFO] [ai.minecivilization.events.ModEvents/]: [Colony]   build Oak House 4 [PLANNED] 0% at 61,79,18
[25Sep2026 00:59:56.833] [Server thread/INFO] [ai.minecivilization.events.ModEvents/]: [Colony]   build Oak House 5 [PLANNED] 0% at 79,72,18
[25Sep2026 00:59:56.833] [Server thread/INFO] [ai.minecivilization.events.ModEvents/]: [Colony]   Marie        LUMBERJACK  Stuck     GATHER oak log x16     at 31,73,19  36m NW  ! Not moving
[25Sep2026 00:59:56.833] [Server thread/INFO] [ai.minecivilization.events.ModEvents/]: [Colony]   Zoe          MINER       Stuck     GATHER oak log x16     at -48,72,-6  48m E  ! Not moving
[25Sep2026 00:59:56.833] [Server thread/INFO] [ai.minecivilization.events.ModEvents/]: [Colony]   Hugo         FARMER      Working   GATHER cobblestone x32 at 31,73,19  36m NW
[25Sep2026 00:59:56.833] [Server thread/INFO] [ai.minecivilization.events.ModEvents/]: [Colony]   Noor         BUILDER     Working   GATHER oak log x16     at 31,73,19  36m NW
[25Sep2026 00:59:56.834] [Server thread/INFO] [ai.minecivilization.events.ModEvents/]: [Colony]   Lena         CRAFTER     Stuck     GATHER dirt x16        at -2,70,0  2m E  ! Not moving
[25Sep2026 00:59:56.834] [Server thread/INFO] [ai.minecivilization.events.ModEvents/]: [Colony]   Ravi         SHEPHERD    Working   CRAFT furnace x1       at 0,67,-4  5m S
[25Sep2026 00:59:56.834] [Server thread/INFO] [ai.minecivilization.events.ModEvents/]: [Colony]   Sam          LUMBERJACK  Working   CRAFT wooden sword x1  at -14,73,37  39m N
[25Sep2026 00:59:56.834] [Server thread/INFO] [ai.minecivilization.events.ModEvents/]: [Colony]   Jonas        MINER       Working   CRAFT wooden hoe x1    at 31,73,19  36m NW
[25Sep2026 00:59:56.834] [Server thread/INFO] [ai.minecivilization.events.ModEvents/]: [Colony]   Tomas        FARMER      Working   CRAFT chest x1         at -1,68,-1  2m SE
[25Sep2026 00:59:56.834] [Server thread/INFO] [ai.minecivilization.events.ModEvents/]: [Colony]   Mila         BUILDER     Working   CRAFT furnace x1       at 0,68,-2  2m S
[25Sep2026 00:59:56.834] [Server thread/INFO] [ai.minecivilization.events.ModEvents/]: [Colony] Citizen Marie [LUMBERJACK]  Stuck
[25Sep2026 00:59:56.834] [Server thread/INFO] [ai.minecivilization.events.ModEvents/]: [Colony]   Goal:        INCREASE_RESOURCE oak log x16 — wood is the first prerequisite for tools, storage and construction
[25Sep2026 00:59:56.834] [Server thread/INFO] [ai.minecivilization.events.ModEvents/]: [Colony]   Task:        GATHER oak log x16
[25Sep2026 00:59:56.834] [Server thread/INFO] [ai.minecivilization.events.ModEvents/]: [Colony]   Doing:       MOVE_TO making a way to 39,76,23
[25Sep2026 00:59:56.834] [Server thread/INFO] [ai.minecivilization.events.ModEvents/]: [Colony]   Priority:    tools
[25Sep2026 00:59:56.834] [Server thread/INFO] [ai.minecivilization.events.ModEvents/]: [Colony]   Position:    X=31 Y=73 Z=19
[25Sep2026 00:59:56.834] [Server thread/INFO] [ai.minecivilization.events.ModEvents/]: [Colony]   Colony:      X=0 Y=70 Z=0  (36m NW)
[25Sep2026 00:59:56.834] [Server thread/INFO] [ai.minecivilization.events.ModEvents/]: [Colony]   Condition:   health 40  hunger 83  energy 100
[25Sep2026 00:59:56.834] [Server thread/INFO] [ai.minecivilization.events.ModEvents/]: [Colony]   Because:     equip wooden sword for work as a lumberjack
[25Sep2026 00:59:56.834] [Server thread/INFO] [ai.minecivilization.events.ModEvents/]: [Colony]   Problem:     Not moving (45s)
[25Sep2026 00:59:56.834] [Server thread/INFO] [ai.minecivilization.events.ModEvents/]: [Colony]   Completed:   0 task(s)   failures 0   cognition idle
[25Sep2026 00:59:56.834] [Server thread/INFO] [ai.minecivilization.events.ModEvents/]: [Colony]   Carrying:    {minecraft:spruce_log=5, minecraft:dirt=1, minecraft:spruce_planks=2, minecraft:stick=4}
[25Sep2026 00:59:56.834] [Server thread/INFO] [ai.minecivilization.events.ModEvents/]: [Colony] Citizen Zoe [MINER]  Stuck
[25Sep2026 00:59:56.834] [Server thread/INFO] [ai.minecivilization.events.ModEvents/]: [Colony]   Goal:        INCREASE_RESOURCE oak log x16 — wood is the first prerequisite for tools, storage and construction
[25Sep2026 00:59:56.834] [Server thread/INFO] [ai.minecivilization.events.ModEvents/]: [Colony]   Task:        GATHER oak log x16
[25Sep2026 00:59:56.834] [Server thread/INFO] [ai.minecivilization.events.ModEvents/]: [Colony]   Doing:       MOVE_TO making a way to -61,75,3
[25Sep2026 00:59:56.834] [Server thread/INFO] [ai.minecivilization.events.ModEvents/]: [Colony]   Priority:    tools
[25Sep2026 00:59:56.834] [Server thread/INFO] [ai.minecivilization.events.ModEvents/]: [Colony]   Position:    X=-48 Y=72 Z=-6
[25Sep2026 00:59:56.834] [Server thread/INFO] [ai.minecivilization.events.ModEvents/]: [Colony]   Colony:      X=0 Y=70 Z=0  (48m E)
[25Sep2026 00:59:56.834] [Server thread/INFO] [ai.minecivilization.events.ModEvents/]: [Colony]   Condition:   health 40  hunger 83  energy 100
[25Sep2026 00:59:56.834] [Server thread/INFO] [ai.minecivilization.events.ModEvents/]: [Colony]   Because:     equip wooden sword for work as a miner
[25Sep2026 00:59:56.834] [Server thread/INFO] [ai.minecivilization.events.ModEvents/]: [Colony]   Problem:     Not moving (40s)
[25Sep2026 00:59:56.834] [Server thread/INFO] [ai.minecivilization.events.ModEvents/]: [Colony]   Completed:   0 task(s)   failures 0   cognition idle
[25Sep2026 00:59:56.834] [Server thread/INFO] [ai.minecivilization.events.ModEvents/]: [Colony]   Carrying:    {minecraft:spruce_log=5, minecraft:dirt=1, minecraft:spruce_planks=2, minecraft:stick=4}
[25Sep2026 00:59:56.834] [Server thread/INFO] [ai.minecivilization.events.ModEvents/]: [Colony] Citizen Lena [CRAFTER]  Stuck
[25Sep2026 00:59:56.834] [Server thread/INFO] [ai.minecivilization.events.ModEvents/]: [Colony]   Goal:        INCREASE_RESOURCE dirt x16 — Colony maintenance
[25Sep2026 00:59:56.835] [Server thread/INFO] [ai.minecivilization.events.ModEvents/]: [Colony]   Task:        GATHER dirt x16
[25Sep2026 00:59:56.835] [Server thread/INFO] [ai.minecivilization.events.ModEvents/]: [Colony]   Doing:       TRAVERSE STEP_DOWN 1/3
[25Sep2026 00:59:56.835] [Server thread/INFO] [ai.minecivilization.events.ModEvents/]: [Colony]   Priority:    resources
[25Sep2026 00:59:56.835] [Server thread/INFO] [ai.minecivilization.events.ModEvents/]: [Colony]   Position:    X=-2 Y=70 Z=0
[25Sep2026 00:59:56.835] [Server thread/INFO] [ai.minecivilization.events.ModEvents/]: [Colony]   Colony:      X=0 Y=70 Z=0  (2m E)
[25Sep2026 00:59:56.835] [Server thread/INFO] [ai.minecivilization.events.ModEvents/]: [Colony]   Condition:   health 40  hunger 83  energy 100
[25Sep2026 00:59:56.835] [Server thread/INFO] [ai.minecivilization.events.ModEvents/]: [Colony]   Because:     Useful local work while awaiting cognition
[25Sep2026 00:59:56.835] [Server thread/INFO] [ai.minecivilization.events.ModEvents/]: [Colony]   Problem:     Not moving (72s)
[25Sep2026 00:59:56.835] [Server thread/INFO] [ai.minecivilization.events.ModEvents/]: [Colony]   Completed:   0 task(s)   failures 0   cognition idle
[25Sep2026 00:59:56.835] [Server thread/INFO] [ai.minecivilization.events.ModEvents/]: [Colony]   Carrying:    {minecraft:dirt=7}
[25Sep2026 01:00:00.131] [Server thread/INFO] [ai.minecivilization.citizen.CitizenBrain/]: [Citizen Lena · crafter] task GATHER failed: TARGET_UNREACHABLE: Could not reach target after 6 repaths. (recoverable)
[25Sep2026 01:00:02.032] [Server thread/INFO] [ai.minecivilization.citizen.CitizenBrain/]: [Citizen Tomas · farmer] task CRAFT failed: TARGET_UNREACHABLE: Could not reach target after 6 repaths. (recoverable)
[25Sep2026 01:00:06.032] [Server thread/INFO] [ai.minecivilization.citizen.CitizenBrain/]: [Citizen Mila · builder] task CRAFT failed: TARGET_NOT_FOUND: no crafting table within sight — this recipe needs a 3x3 grid (recoverable)
[25Sep2026 01:00:06.082] [Server thread/INFO] [ai.minecivilization.citizen.CitizenBrain/]: [Citizen Mila · builder] Goal assigned: INCREASE_RESOURCE minecraft:oak_log x16 (ready in hand)
[25Sep2026 01:00:07.532] [Server thread/INFO] [ai.minecivilization.citizen.CitizenBrain/]: [Citizen Tomas · farmer] task CRAFT failed: TARGET_UNREACHABLE: Could not reach target after 6 repaths. (recoverable)
[25Sep2026 01:00:08.034] [Server thread/INFO] [ai.minecivilization.citizen.CitizenBrain/]: [Citizen Mila · builder] task GATHER failed: TARGET_NOT_FOUND: No reachable minecraft:oak_log (or any substitute) within 48 blocks. (recoverable)
[25Sep2026 01:00:08.083] [Server thread/INFO] [ai.minecivilization.citizen.CitizenBrain/]: [Citizen Mila · builder] Goal assigned: INCREASE_RESOURCE minecraft:oak_log x16 (ready in hand)
[25Sep2026 01:00:09.732] [Server thread/INFO] [ai.minecivilization.citizen.CitizenBrain/]: [Citizen Jonas · miner] task CRAFT failed: TARGET_NOT_FOUND: No reachable minecraft:acacia_log (or any substitute) within 48 blocks. (recoverable)
[25Sep2026 01:00:09.782] [Server thread/INFO] [ai.minecivilization.citizen.CitizenBrain/]: [Citizen Jonas · miner] Goal assigned: INCREASE_RESOURCE minecraft:oak_log x16 (ready in hand)
[25Sep2026 01:00:10.033] [Server thread/INFO] [ai.minecivilization.citizen.CitizenBrain/]: [Citizen Mila · builder] task GATHER failed: TARGET_NOT_FOUND: No reachable minecraft:oak_log (or any substitute) within 48 blocks. (recoverable)
[25Sep2026 01:00:10.082] [Server thread/INFO] [ai.minecivilization.citizen.CitizenBrain/]: [Citizen Mila · builder] Goal assigned: CRAFT_ITEM minecraft:wooden_sword x1 (ready in hand)
[25Sep2026 01:00:11.732] [Server thread/INFO] [ai.minecivilization.citizen.CitizenBrain/]: [Citizen Jonas · miner] task GATHER failed: TARGET_NOT_FOUND: No reachable minecraft:oak_log (or any substitute) within 48 blocks. (recoverable)
[25Sep2026 01:00:11.781] [Server thread/INFO] [ai.minecivilization.citizen.CitizenBrain/]: [Citizen Jonas · miner] Goal assigned: INCREASE_RESOURCE minecraft:oak_log x16 (ready in hand)
[25Sep2026 01:00:13.031] [Server thread/INFO] [ai.minecivilization.citizen.CitizenBrain/]: [Citizen Ravi · shepherd] task CRAFT failed: TARGET_NOT_FOUND: no crafting table within sight — this recipe needs a 3x3 grid (recoverable)
[25Sep2026 01:00:13.032] [Server thread/INFO] [ai.minecivilization.citizen.CitizenBrain/]: [Citizen Tomas · farmer] task CRAFT failed: TARGET_UNREACHABLE: Could not reach target after 6 repaths. (recoverable)
[25Sep2026 01:00:13.032] [Server thread/INFO] [ai.minecivilization.citizen.CitizenBrain/]: [Citizen Tomas · farmer] goal disengaged after 3 failures
[25Sep2026 01:00:13.081] [Server thread/INFO] [ai.minecivilization.citizen.CitizenBrain/]: [Citizen Ravi · shepherd] Goal assigned: INCREASE_RESOURCE minecraft:oak_log x16 (ready in hand)
[25Sep2026 01:00:13.082] [Server thread/INFO] [ai.minecivilization.citizen.CitizenBrain/]: [Citizen Tomas · farmer] Goal assigned: CRAFT_ITEM minecraft:chest x2 (ready in hand)
[25Sep2026 01:00:13.732] [Server thread/INFO] [ai.minecivilization.citizen.CitizenBrain/]: [Citizen Jonas · miner] task GATHER failed: TARGET_NOT_FOUND: No reachable minecraft:oak_log (or any substitute) within 48 blocks. (recoverable)
[25Sep2026 01:00:13.782] [Server thread/INFO] [ai.minecivilization.citizen.CitizenBrain/]: [Citizen Jonas · miner] Goal assigned: CRAFT_ITEM minecraft:wooden_sword x1 (ready in hand)
[25Sep2026 01:00:13.934] [Server thread/INFO] [ai.minecivilization.citizen.CitizenBrain/]: [Citizen Mila · builder] task CRAFT failed: TARGET_NOT_FOUND: No reachable minecraft:acacia_log (or any substitute) within 48 blocks. (recoverable)
[25Sep2026 01:00:13.983] [Server thread/INFO] [ai.minecivilization.citizen.CitizenBrain/]: [Citizen Mila · builder] Goal assigned: INCREASE_RESOURCE minecraft:oak_log x16 (ready in hand)
[25Sep2026 01:00:15.040] [Server thread/INFO] [ai.minecivilization.citizen.CitizenBrain/]: [Citizen Ravi · shepherd] task GATHER failed: TARGET_NOT_FOUND: No reachable minecraft:oak_log (or any substitute) within 48 blocks. (recoverable)
[25Sep2026 01:00:15.081] [Server thread/INFO] [ai.minecivilization.citizen.CitizenBrain/]: [Citizen Ravi · shepherd] Goal assigned: INCREASE_RESOURCE minecraft:oak_log x16 (ready in hand)
[25Sep2026 01:00:15.933] [Server thread/INFO] [ai.minecivilization.citizen.CitizenBrain/]: [Citizen Mila · builder] task GATHER failed: TARGET_NOT_FOUND: No reachable minecraft:oak_log (or any substitute) within 48 blocks. (recoverable)
[25Sep2026 01:00:15.983] [Server thread/INFO] [ai.minecivilization.citizen.CitizenBrain/]: [Citizen Mila · builder] Goal assigned: CRAFT_ITEM minecraft:oak_stairs x32 (ready in hand)
[25Sep2026 01:00:17.032] [Server thread/INFO] [ai.minecivilization.citizen.CitizenBrain/]: [Citizen Ravi · shepherd] task GATHER failed: TARGET_NOT_FOUND: No reachable minecraft:oak_log (or any substitute) within 48 blocks. (recoverable)
[25Sep2026 01:00:17.081] [Server thread/INFO] [ai.minecivilization.citizen.CitizenBrain/]: [Citizen Ravi · shepherd] Goal assigned: CRAFT_ITEM minecraft:shears x1 (ready in hand)
[25Sep2026 01:00:17.637] [Server thread/INFO] [ai.minecivilization.citizen.CitizenBrain/]: [Citizen Jonas · miner] task CRAFT failed: TARGET_NOT_FOUND: No reachable minecraft:acacia_log (or any substitute) within 48 blocks. (recoverable)
[25Sep2026 01:00:17.682] [Server thread/INFO] [ai.minecivilization.citizen.CitizenBrain/]: [Citizen Jonas · miner] Goal assigned: INCREASE_RESOURCE minecraft:oak_log x16 (ready in hand)
[25Sep2026 01:00:18.733] [Server thread/INFO] [ai.minecivilization.citizen.CitizenBrain/]: [Citizen Tomas · farmer] task CRAFT failed: TARGET_UNREACHABLE: Could not reach target after 6 repaths. (recoverable)
[25Sep2026 01:00:19.633] [Server thread/INFO] [ai.minecivilization.citizen.CitizenBrain/]: [Citizen Jonas · miner] task GATHER failed: TARGET_NOT_FOUND: No reachable minecraft:oak_log (or any substitute) within 48 blocks. (recoverable)
[25Sep2026 01:00:19.682] [Server thread/INFO] [ai.minecivilization.citizen.CitizenBrain/]: [Citizen Jonas · miner] Goal assigned: EXPLORE x1 (ready in hand)
[25Sep2026 01:00:19.833] [Server thread/INFO] [ai.minecivilization.citizen.CitizenBrain/]: [Citizen Mila · builder] task CRAFT failed: TARGET_NOT_FOUND: No reachable minecraft:oak_log (or any substitute) within 48 blocks. (recoverable)
[25Sep2026 01:00:19.882] [Server thread/INFO] [ai.minecivilization.citizen.CitizenBrain/]: [Citizen Mila · builder] Goal assigned: INCREASE_RESOURCE minecraft:oak_log x16 (ready in hand)
[25Sep2026 01:00:20.932] [Server thread/INFO] [ai.minecivilization.citizen.CitizenBrain/]: [Citizen Ravi · shepherd] task CRAFT failed: TARGET_NOT_FOUND: No reachable minecraft:deepslate_iron_ore (or any substitute) within 48 blocks. (recoverable)
[25Sep2026 01:00:20.981] [Server thread/INFO] [ai.minecivilization.citizen.CitizenBrain/]: [Citizen Ravi · shepherd] Goal assigned: INCREASE_RESOURCE minecraft:oak_log x16 (ready in hand)
[25Sep2026 01:00:21.834] [Server thread/INFO] [ai.minecivilization.citizen.CitizenBrain/]: [Citizen Mila · builder] task GATHER failed: TARGET_NOT_FOUND: No reachable minecraft:oak_log (or any substitute) within 48 blocks. (recoverable)
[25Sep2026 01:00:21.883] [Server thread/INFO] [ai.minecivilization.citizen.CitizenBrain/]: [Citizen Mila · builder] Goal assigned: INCREASE_RESOURCE minecraft:oak_log x16 (ready in hand)
[25Sep2026 01:00:22.932] [Server thread/INFO] [ai.minecivilization.citizen.CitizenBrain/]: [Citizen Ravi · shepherd] task GATHER failed: TARGET_NOT_FOUND: No reachable minecraft:oak_log (or any substitute) within 48 blocks. (recoverable)
[25Sep2026 01:00:22.981] [Server thread/INFO] [ai.minecivilization.citizen.CitizenBrain/]: [Citizen Ravi · shepherd] Goal assigned: CRAFT_ITEM minecraft:oak_stairs x32 (ready in hand)
[25Sep2026 01:00:23.833] [Server thread/INFO] [ai.minecivilization.citizen.CitizenBrain/]: [Citizen Mila · builder] task GATHER failed: TARGET_NOT_FOUND: No reachable minecraft:oak_log (or any substitute) within 48 blocks. (recoverable)
[25Sep2026 01:00:23.900] [Server thread/INFO] [ai.minecivilization.citizen.CitizenBrain/]: [Citizen Mila · builder] Goal assigned: INCREASE_RESOURCE x1 (ready in hand)
[25Sep2026 01:00:24.232] [Server thread/INFO] [ai.minecivilization.citizen.CitizenBrain/]: [Citizen Tomas · farmer] task CRAFT failed: TARGET_UNREACHABLE: Could not reach target after 6 repaths. (recoverable)
[25Sep2026 01:00:24.483] [Server thread/INFO] [ai.minecivilization.citizen.CitizenBrain/]: [Citizen Mila · builder] task COLLECT failed: TARGET_UNREACHABLE: Could not reach target after 6 repaths. (recoverable)
[25Sep2026 01:00:24.835] [Server thread/INFO] [ai.minecivilization.citizen.CitizenBrain/]: [Citizen Mila · builder] task COLLECT failed: TARGET_UNREACHABLE: Could not reach target after 6 repaths. (recoverable)
[25Sep2026 01:00:24.982] [Server thread/INFO] [ai.minecivilization.citizen.CitizenBrain/]: [Citizen Mila · builder] task COLLECT keeps failing (TARGET_UNREACHABLE) — further repeats will not be logged
[25Sep2026 01:00:24.983] [Server thread/INFO] [ai.minecivilization.citizen.CitizenBrain/]: [Citizen Mila · builder] goal disengaged after 3 failures
[25Sep2026 01:00:25.033] [Server thread/INFO] [ai.minecivilization.citizen.CitizenBrain/]: [Citizen Mila · builder] dropped nothing after REPEATED_FAILURE — taking different work
[25Sep2026 01:00:25.034] [Server thread/INFO] [ai.minecivilization.citizen.CitizenBrain/]: [Citizen Mila · builder] Goal assigned: CRAFT_ITEM minecraft:chest x1 (ready in hand)
[25Sep2026 01:00:26.832] [Server thread/INFO] [ai.minecivilization.citizen.CitizenBrain/]: [Citizen Ravi · shepherd] task CRAFT failed: TARGET_NOT_FOUND: No reachable minecraft:oak_log (or any substitute) within 48 blocks. (recoverable)
[25Sep2026 01:00:26.881] [Server thread/INFO] [ai.minecivilization.citizen.CitizenBrain/]: [Citizen Ravi · shepherd] Goal assigned: INCREASE_RESOURCE minecraft:oak_log x16 (ready in hand)
[25Sep2026 01:00:28.832] [Server thread/INFO] [ai.minecivilization.citizen.CitizenBrain/]: [Citizen Ravi · shepherd] task GATHER failed: TARGET_NOT_FOUND: No reachable minecraft:oak_log (or any substitute) within 48 blocks. (recoverable)
[25Sep2026 01:00:28.881] [Server thread/INFO] [ai.minecivilization.citizen.CitizenBrain/]: [Citizen Ravi · shepherd] Goal assigned: INCREASE_RESOURCE minecraft:oak_log x16 (ready in hand)
[25Sep2026 01:00:28.882] [Server thread/INFO] [ai.minecivilization.citizen.CitizenBrain/]: [Citizen Mila · builder] task CRAFT failed: TARGET_NOT_FOUND: No reachable minecraft:acacia_log (or any substitute) within 48 blocks. (recoverable)
[25Sep2026 01:00:28.931] [Server thread/INFO] [ai.minecivilization.citizen.CitizenBrain/]: [Citizen Mila · builder] Goal assigned: INCREASE_RESOURCE minecraft:oak_log x16 (ready in hand)
[25Sep2026 01:00:29.681] [Server thread/INFO] [ai.minecivilization.citizen.CitizenBrain/]: [Citizen Zoe · miner] task GATHER failed: TARGET_UNREACHABLE: Could not reach target after 6 repaths. (recoverable)
[25Sep2026 01:00:29.733] [Server thread/INFO] [ai.minecivilization.citizen.CitizenBrain/]: [Citizen Tomas · farmer] task CRAFT failed: TARGET_UNREACHABLE: Could not reach target after 6 repaths. (recoverable)
[25Sep2026 01:00:29.733] [Server thread/INFO] [ai.minecivilization.citizen.CitizenBrain/]: [Citizen Tomas · farmer] goal disengaged after 3 failures
[25Sep2026 01:00:29.783] [Server thread/INFO] [ai.minecivilization.citizen.CitizenBrain/]: [Citizen Tomas · farmer] Goal assigned: CRAFT_ITEM minecraft:chest x2 (ready in hand)
[25Sep2026 01:00:30.832] [Server thread/INFO] [ai.minecivilization.citizen.CitizenBrain/]: [Citizen Ravi · shepherd] task GATHER failed: TARGET_NOT_FOUND: No reachable minecraft:oak_log (or any substitute) within 48 blocks. (recoverable)
[25Sep2026 01:00:30.882] [Server thread/INFO] [ai.minecivilization.citizen.CitizenBrain/]: [Citizen Ravi · shepherd] Goal assigned: INCREASE_RESOURCE x1 (ready in hand)
[25Sep2026 01:00:30.883] [Server thread/INFO] [ai.minecivilization.citizen.CitizenBrain/]: [Citizen Mila · builder] task GATHER failed: TARGET_NOT_FOUND: No reachable minecraft:oak_log (or any substitute) within 48 blocks. (recoverable)
[25Sep2026 01:00:30.935] [Server thread/INFO] [ai.minecivilization.citizen.CitizenBrain/]: [Citizen Mila · builder] Goal assigned: INCREASE_RESOURCE minecraft:torch x16 (ready in hand)
[25Sep2026 01:00:31.931] [Server thread/INFO] [ai.minecivilization.citizen.CitizenBrain/]: [Citizen Ravi · shepherd] task COLLECT failed: TARGET_UNREACHABLE: Could not reach target after 6 repaths. (recoverable)
[25Sep2026 01:00:32.281] [Server thread/INFO] [ai.minecivilization.citizen.CitizenBrain/]: [Citizen Marie · lumberjack] task GATHER failed: TARGET_UNREACHABLE: Could not reach target after 6 repaths. (recoverable)
[25Sep2026 01:00:32.282] [Server thread/INFO] [ai.minecivilization.citizen.CitizenBrain/]: [Citizen Ravi · shepherd] task COLLECT failed: TARGET_UNREACHABLE: Could not reach target after 6 repaths. (recoverable)
[25Sep2026 01:00:32.432] [Server thread/INFO] [ai.minecivilization.citizen.CitizenBrain/]: [Citizen Ravi · shepherd] task COLLECT keeps failing (TARGET_UNREACHABLE) — further repeats will not be logged
[25Sep2026 01:00:32.432] [Server thread/INFO] [ai.minecivilization.citizen.CitizenBrain/]: [Citizen Ravi · shepherd] goal disengaged after 3 failures
[25Sep2026 01:00:32.482] [Server thread/INFO] [ai.minecivilization.citizen.CitizenBrain/]: [Citizen Ravi · shepherd] dropped nothing after REPEATED_FAILURE — taking different work
[25Sep2026 01:00:32.482] [Server thread/INFO] [ai.minecivilization.citizen.CitizenBrain/]: [Citizen Ravi · shepherd] Goal assigned: CRAFT_ITEM minecraft:chest x1 (ready in hand)
[25Sep2026 01:00:34.182] [Server thread/INFO] [ai.minecivilization.citizen.CitizenBrain/]: [Citizen Marie · lumberjack] task GATHER failed: TARGET_NOT_FOUND: No reachable minecraft:oak_log (or any substitute) within 48 blocks. (recoverable)
[25Sep2026 01:00:34.231] [Server thread/INFO] [ai.minecivilization.citizen.CitizenBrain/]: [Citizen Marie · lumberjack] Goal assigned: INCREASE_RESOURCE minecraft:oak_log x16 (ready in hand)
[25Sep2026 01:00:34.783] [Server thread/INFO] [ai.minecivilization.citizen.CitizenBrain/]: [Citizen Mila · builder] task CRAFT failed: TARGET_NOT_FOUND: No reachable minecraft:acacia_log (or any substitute) within 48 blocks. (recoverable)
[25Sep2026 01:00:34.833] [Server thread/INFO] [ai.minecivilization.citizen.CitizenBrain/]: [Citizen Mila · builder] Goal assigned: INCREASE_RESOURCE minecraft:oak_log x16 (ready in hand)
[25Sep2026 01:00:35.432] [Server thread/INFO] [ai.minecivilization.citizen.CitizenBrain/]: [Citizen Tomas · farmer] task CRAFT failed: TARGET_UNREACHABLE: Could not reach target after 6 repaths. (recoverable)
[25Sep2026 01:00:36.182] [Server thread/INFO] [ai.minecivilization.citizen.CitizenBrain/]: [Citizen Marie · lumberjack] task GATHER failed: TARGET_NOT_FOUND: No reachable minecraft:oak_log (or any substitute) within 48 blocks. (recoverable)
[25Sep2026 01:00:36.231] [Server thread/INFO] [ai.minecivilization.citizen.CitizenBrain/]: [Citizen Marie · lumberjack] Goal assigned: INCREASE_RESOURCE minecraft:oak_log x16 (ready in hand)
[25Sep2026 01:00:36.332] [Server thread/INFO] [ai.minecivilization.citizen.CitizenBrain/]: [Citizen Ravi · shepherd] task CRAFT failed: TARGET_NOT_FOUND: No reachable minecraft:acacia_log (or any substitute) within 48 blocks. (recoverable)
[25Sep2026 01:00:36.382] [Server thread/INFO] [ai.minecivilization.citizen.CitizenBrain/]: [Citizen Ravi · shepherd] Goal assigned: INCREASE_RESOURCE minecraft:oak_log x16 (ready in hand)
[25Sep2026 01:00:36.783] [Server thread/INFO] [ai.minecivilization.citizen.CitizenBrain/]: [Citizen Mila · builder] task GATHER failed: TARGET_NOT_FOUND: No reachable minecraft:oak_log (or any substitute) within 48 blocks. (recoverable)
[25Sep2026 01:00:36.850] [Server thread/INFO] [ai.minecivilization.citizen.CitizenBrain/]: [Citizen Mila · builder] Goal assigned: INCREASE_RESOURCE minecraft:oak_log x16 (ready in hand)
[25Sep2026 01:00:38.182] [Server thread/INFO] [ai.minecivilization.citizen.CitizenBrain/]: [Citizen Marie · lumberjack] task GATHER failed: TARGET_NOT_FOUND: No reachable minecraft:oak_log (or any substitute) within 48 blocks. (recoverable)
[25Sep2026 01:00:38.231] [Server thread/INFO] [ai.minecivilization.citizen.CitizenBrain/]: [Citizen Marie · lumberjack] Goal assigned: CRAFT_ITEM minecraft:wooden_sword x1 (ready in hand)
[25Sep2026 01:00:38.332] [Server thread/INFO] [ai.minecivilization.citizen.CitizenBrain/]: [Citizen Ravi · shepherd] task GATHER failed: TARGET_NOT_FOUND: No reachable minecraft:oak_log (or any substitute) within 48 blocks. (recoverable)
[25Sep2026 01:00:38.381] [Server thread/INFO] [ai.minecivilization.citizen.CitizenBrain/]: [Citizen Ravi · shepherd] Goal assigned: INCREASE_RESOURCE minecraft:oak_log x16 (ready in hand)
[25Sep2026 01:00:38.783] [Server thread/INFO] [ai.minecivilization.citizen.CitizenBrain/]: [Citizen Mila · builder] task GATHER failed: TARGET_NOT_FOUND: No reachable minecraft:oak_log (or any substitute) within 48 blocks. (recoverable)
[25Sep2026 01:00:38.833] [Server thread/INFO] [ai.minecivilization.citizen.CitizenBrain/]: [Citizen Mila · builder] Goal assigned: CRAFT_ITEM minecraft:furnace x1 (ready in hand)
[25Sep2026 01:00:40.332] [Server thread/INFO] [ai.minecivilization.citizen.CitizenBrain/]: [Citizen Ravi · shepherd] task GATHER failed: TARGET_NOT_FOUND: No reachable minecraft:oak_log (or any substitute) within 48 blocks. (recoverable)
[25Sep2026 01:00:40.396] [Server thread/INFO] [ai.minecivilization.citizen.CitizenBrain/]: [Citizen Ravi · shepherd] Goal assigned: INCREASE_RESOURCE minecraft:torch x16 (ready in hand)
[25Sep2026 01:00:40.932] [Server thread/INFO] [ai.minecivilization.citizen.CitizenBrain/]: [Citizen Tomas · farmer] task CRAFT failed: TARGET_UNREACHABLE: Could not reach target after 6 repaths. (recoverable)
[25Sep2026 01:00:41.981] [Server thread/INFO] [ai.minecivilization.citizen.CitizenBrain/]: [Citizen Lena · crafter] dropped GATHER after NOT_MOVING — taking different work
[25Sep2026 01:00:42.032] [Server thread/INFO] [ai.minecivilization.citizen.CitizenBrain/]: [Citizen Lena · crafter] Goal assigned: INCREASE_RESOURCE minecraft:oak_log x16
[25Sep2026 01:00:43.982] [Server thread/INFO] [ai.minecivilization.citizen.CitizenBrain/]: [Citizen Lena · crafter] task GATHER failed: TARGET_NOT_FOUND: No reachable minecraft:oak_log (or any substitute) within 48 blocks. (recoverable)
[25Sep2026 01:00:44.031] [Server thread/INFO] [ai.minecivilization.citizen.CitizenBrain/]: [Citizen Lena · crafter] Goal assigned: CRAFT_ITEM minecraft:crafting_table x1 (ready in hand)
[25Sep2026 01:00:44.233] [Server thread/INFO] [ai.minecivilization.citizen.CitizenBrain/]: [Citizen Ravi · shepherd] task CRAFT failed: TARGET_NOT_FOUND: No reachable minecraft:acacia_log (or any substitute) within 48 blocks. (recoverable)
[25Sep2026 01:00:44.282] [Server thread/INFO] [ai.minecivilization.citizen.CitizenBrain/]: [Citizen Ravi · shepherd] Goal assigned: INCREASE_RESOURCE minecraft:oak_log x16 (ready in hand)
[25Sep2026 01:00:46.233] [Server thread/INFO] [ai.minecivilization.citizen.CitizenBrain/]: [Citizen Ravi · shepherd] task GATHER failed: TARGET_NOT_FOUND: No reachable minecraft:oak_log (or any substitute) within 48 blocks. (recoverable)
[25Sep2026 01:00:46.282] [Server thread/INFO] [ai.minecivilization.citizen.CitizenBrain/]: [Citizen Ravi · shepherd] Goal assigned: CRAFT_ITEM minecraft:furnace x1 (ready in hand)
[25Sep2026 01:00:46.432] [Server thread/INFO] [ai.minecivilization.citizen.CitizenBrain/]: [Citizen Tomas · farmer] task CRAFT failed: TARGET_UNREACHABLE: Could not reach target after 6 repaths. (recoverable)
[25Sep2026 01:00:46.433] [Server thread/INFO] [ai.minecivilization.citizen.CitizenBrain/]: [Citizen Tomas · farmer] goal disengaged after 3 failures
[25Sep2026 01:00:46.482] [Server thread/INFO] [ai.minecivilization.citizen.CitizenBrain/]: [Citizen Tomas · farmer] Goal assigned: CRAFT_ITEM minecraft:chest x2 (ready in hand)
[25Sep2026 01:00:47.882] [Server thread/INFO] [ai.minecivilization.citizen.CitizenBrain/]: [Citizen Lena · crafter] task CRAFT failed: TARGET_NOT_FOUND: No reachable minecraft:acacia_log (or any substitute) within 48 blocks. (recoverable)
[25Sep2026 01:00:47.931] [Server thread/INFO] [ai.minecivilization.citizen.CitizenBrain/]: [Citizen Lena · crafter] Goal assigned: INCREASE_RESOURCE minecraft:oak_log x16 (ready in hand)
[25Sep2026 01:00:48.631] [Server thread/INFO] [ai.minecivilization.citizen.CitizenBrain/]: [Citizen Noor · builder] dropped GATHER after NOT_MOVING — taking different work
[25Sep2026 01:00:48.650] [Server thread/INFO] [ai.minecivilization.citizen.CitizenBrain/]: [Citizen Noor · builder] Goal assigned: INCREASE_RESOURCE minecraft:oak_log x16
[25Sep2026 01:00:49.882] [Server thread/INFO] [ai.minecivilization.citizen.CitizenBrain/]: [Citizen Lena · crafter] task GATHER failed: TARGET_NOT_FOUND: No reachable minecraft:oak_log (or any substitute) within 48 blocks. (recoverable)
[25Sep2026 01:00:49.932] [Server thread/INFO] [ai.minecivilization.citizen.CitizenBrain/]: [Citizen Lena · crafter] Goal assigned: INCREASE_RESOURCE x1 (ready in hand)
[25Sep2026 01:00:50.582] [Server thread/INFO] [ai.minecivilization.citizen.CitizenBrain/]: [Citizen Noor · builder] task GATHER failed: TARGET_NOT_FOUND: No reachable minecraft:oak_log (or any substitute) within 48 blocks. (recoverable)
[25Sep2026 01:00:50.631] [Server thread/INFO] [ai.minecivilization.citizen.CitizenBrain/]: [Citizen Noor · builder] Goal assigned: CRAFT_ITEM minecraft:wooden_sword x1 (ready in hand)
[25Sep2026 01:00:52.132] [Server thread/INFO] [ai.minecivilization.citizen.CitizenBrain/]: [Citizen Tomas · farmer] task CRAFT failed: TARGET_UNREACHABLE: Could not reach target after 6 repaths. (recoverable)
[25Sep2026 01:00:52.982] [Server thread/INFO] [ai.minecivilization.citizen.CitizenBrain/]: [Citizen Lena · crafter] task COLLECT failed: TARGET_NOT_FOUND: no dropped items within 14 blocks (recoverable)
[25Sep2026 01:00:53.032] [Server thread/INFO] [ai.minecivilization.citizen.CitizenBrain/]: [Citizen Lena · crafter] Goal assigned: INCREASE_RESOURCE minecraft:oak_log x16 (ready in hand)
[25Sep2026 01:00:54.482] [Server thread/INFO] [ai.minecivilization.citizen.CitizenBrain/]: [Citizen Noor · builder] task CRAFT failed: TARGET_NOT_FOUND: No reachable minecraft:acacia_log (or any substitute) within 48 blocks. (recoverable)
[25Sep2026 01:00:54.531] [Server thread/INFO] [ai.minecivilization.citizen.CitizenBrain/]: [Citizen Noor · builder] Goal assigned: INCREASE_RESOURCE minecraft:oak_log x16 (ready in hand)
[25Sep2026 01:00:54.983] [Server thread/INFO] [ai.minecivilization.citizen.CitizenBrain/]: [Citizen Lena · crafter] task GATHER failed: TARGET_NOT_FOUND: No reachable minecraft:oak_log (or any substitute) within 48 blocks. (recoverable)
[25Sep2026 01:00:55.032] [Server thread/INFO] [ai.minecivilization.citizen.CitizenBrain/]: [Citizen Lena · crafter] Goal assigned: CRAFT_ITEM minecraft:chest x1 (ready in hand)
[25Sep2026 01:00:56.381] [Server thread/INFO] [ai.minecivilization.citizen.CitizenBrain/]: [Citizen Hugo · farmer] task GATHER failed: TARGET_UNREACHABLE: Could not reach target after 6 repaths. (recoverable)
[25Sep2026 01:00:56.482] [Server thread/INFO] [ai.minecivilization.citizen.CitizenBrain/]: [Citizen Noor · builder] task GATHER failed: TARGET_NOT_FOUND: No reachable minecraft:oak_log (or any substitute) within 48 blocks. (recoverable)
[25Sep2026 01:00:56.531] [Server thread/INFO] [ai.minecivilization.citizen.CitizenBrain/]: [Citizen Noor · builder] Goal assigned: INCREASE_RESOURCE minecraft:cobblestone x32 (ready in hand)
[25Sep2026 01:00:56.833] [Server thread/INFO] [ai.minecivilization.events.ModEvents/]: [Colony] Colony — day 0, 10 citizen(s), 70% busy, 10 building, 3 road(s)
[25Sep2026 01:00:56.833] [Server thread/INFO] [ai.minecivilization.events.ModEvents/]: [Colony] 70% busy — working 7 building 0 exploring 0 returning 0 idle 0 stuck 3 lost 0
[25Sep2026 01:00:56.833] [Server thread/INFO] [ai.minecivilization.events.ModEvents/]: [Colony] time spent (1564s observed, 1% wasted): 27% walking  19% searching  16% making a way  10% mining  10% crafting  8% exploring  4% hauling  4% felling  1% no work
[25Sep2026 01:00:56.833] [Server thread/INFO] [ai.minecivilization.events.ModEvents/]: [Colony] 17 district(s), 0 container(s), 0 bed(s), 0 sign(s), 3 road(s), food 0 — growth: needs 11 beds, has 0
[25Sep2026 01:00:56.833] [Server thread/INFO] [ai.minecivilization.events.ModEvents/]: [Colony]   build Civic centre marker db920766 [WAITING_FOR_RESOURCES] 0% at -7,76,-7  waiting for 2x chest
[25Sep2026 01:00:56.833] [Server thread/INFO] [ai.minecivilization.events.ModEvents/]: [Colony]   build Town Hall [PLANNED] 0% at 1,73,1
[25Sep2026 01:00:56.833] [Server thread/INFO] [ai.minecivilization.events.ModEvents/]: [Colony]   build Oak House 1 [PLANNED] 0% at 7,70,18
[25Sep2026 01:00:56.833] [Server thread/INFO] [ai.minecivilization.events.ModEvents/]: [Colony]   build Warehouse district marker d1c79ed2 [PLANNED] 0% at -27,74,-7
[25Sep2026 01:00:56.833] [Server thread/INFO] [ai.minecivilization.events.ModEvents/]: [Colony]   build Warehouse 1 [PLANNED] 0% at -20,71,0
[25Sep2026 01:00:56.833] [Server thread/INFO] [ai.minecivilization.events.ModEvents/]: [Colony]   build Oak House 2 [PLANNED] 0% at 25,70,18
[25Sep2026 01:00:56.833] [Server thread/INFO] [ai.minecivilization.events.ModEvents/]: [Colony]   build Warehouse 2 [PLANNED] 0% at -32,72,0
[25Sep2026 01:00:56.833] [Server thread/INFO] [ai.minecivilization.events.ModEvents/]: [Colony]   build Oak House 3 [PLANNED] 0% at 43,76,18
[25Sep2026 01:00:56.833] [Server thread/INFO] [ai.minecivilization.events.ModEvents/]: [Colony]   build Oak House 4 [PLANNED] 0% at 61,79,18
[25Sep2026 01:00:56.833] [Server thread/INFO] [ai.minecivilization.events.ModEvents/]: [Colony]   build Oak House 5 [PLANNED] 0% at 79,72,18
[25Sep2026 01:00:56.833] [Server thread/INFO] [ai.minecivilization.events.ModEvents/]: [Colony]   Marie        LUMBERJACK  Working   CRAFT wooden sword x1  at 31,73,19  36m NW
[25Sep2026 01:00:56.833] [Server thread/INFO] [ai.minecivilization.events.ModEvents/]: [Colony]   Zoe          MINER       Stuck     GATHER oak log x16     at -48,72,-6  48m E  ! Not moving
[25Sep2026 01:00:56.833] [Server thread/INFO] [ai.minecivilization.events.ModEvents/]: [Colony]   Hugo         FARMER      Stuck     GATHER cobblestone x32 at 31,73,19  36m NW  ! Not moving
[25Sep2026 01:00:56.833] [Server thread/INFO] [ai.minecivilization.events.ModEvents/]: [Colony]   Noor         BUILDER     Working   GATHER cobblestone x32 at 31,73,19  36m NW
[25Sep2026 01:00:56.833] [Server thread/INFO] [ai.minecivilization.events.ModEvents/]: [Colony]   Lena         CRAFTER     Working   CRAFT chest x1         at -3,71,-1  3m E
[25Sep2026 01:00:56.833] [Server thread/INFO] [ai.minecivilization.events.ModEvents/]: [Colony]   Ravi         SHEPHERD    Working   CRAFT furnace x1       at -1,67,-2  3m SE
[25Sep2026 01:00:56.834] [Server thread/INFO] [ai.minecivilization.events.ModEvents/]: [Colony]   Sam          LUMBERJACK  Working   CRAFT wooden sword x1  at -14,73,37  39m N
[25Sep2026 01:00:56.834] [Server thread/INFO] [ai.minecivilization.events.ModEvents/]: [Colony]   Jonas        MINER       Stuck     EXPLORE x1             at 31,73,19  36m NW  ! Not moving
[25Sep2026 01:00:56.834] [Server thread/INFO] [ai.minecivilization.events.ModEvents/]: [Colony]   Tomas        FARMER      Working   CRAFT chest x2         at 1,67,-1  3m SW
[25Sep2026 01:00:56.834] [Server thread/INFO] [ai.minecivilization.events.ModEvents/]: [Colony]   Mila         BUILDER     Working   CRAFT furnace x1       at -1,67,-2  3m SE
[25Sep2026 01:00:56.834] [Server thread/INFO] [ai.minecivilization.events.ModEvents/]: [Colony] Citizen Zoe [MINER]  Stuck
[25Sep2026 01:00:56.834] [Server thread/INFO] [ai.minecivilization.events.ModEvents/]: [Colony]   Goal:        INCREASE_RESOURCE oak log x16 — wood is the first prerequisite for tools, storage and construction
[25Sep2026 01:00:56.834] [Server thread/INFO] [ai.minecivilization.events.ModEvents/]: [Colony]   Task:        GATHER oak log x16
[25Sep2026 01:00:56.834] [Server thread/INFO] [ai.minecivilization.events.ModEvents/]: [Colony]   Doing:       MOVE_TO making a way to -61,75,3
[25Sep2026 01:00:56.834] [Server thread/INFO] [ai.minecivilization.events.ModEvents/]: [Colony]   Priority:    tools
[25Sep2026 01:00:56.834] [Server thread/INFO] [ai.minecivilization.events.ModEvents/]: [Colony]   Position:    X=-48 Y=72 Z=-6
[25Sep2026 01:00:56.834] [Server thread/INFO] [ai.minecivilization.events.ModEvents/]: [Colony]   Colony:      X=0 Y=70 Z=0  (48m E)
[25Sep2026 01:00:56.834] [Server thread/INFO] [ai.minecivilization.events.ModEvents/]: [Colony]   Condition:   health 40  hunger 72  energy 100
[25Sep2026 01:00:56.834] [Server thread/INFO] [ai.minecivilization.events.ModEvents/]: [Colony]   Because:     equip wooden sword for work as a miner
[25Sep2026 01:00:56.834] [Server thread/INFO] [ai.minecivilization.events.ModEvents/]: [Colony]   Problem:     Not moving (100s)
[25Sep2026 01:00:56.834] [Server thread/INFO] [ai.minecivilization.events.ModEvents/]: [Colony]   Completed:   0 task(s)   failures 1   cognition idle
[25Sep2026 01:00:56.834] [Server thread/INFO] [ai.minecivilization.events.ModEvents/]: [Colony]   Carrying:    {minecraft:spruce_log=5, minecraft:dirt=1, minecraft:spruce_planks=2, minecraft:stick=4}
[25Sep2026 01:00:56.834] [Server thread/INFO] [ai.minecivilization.events.ModEvents/]: [Colony] Citizen Hugo [FARMER]  Stuck
[25Sep2026 01:00:56.834] [Server thread/INFO] [ai.minecivilization.events.ModEvents/]: [Colony]   Goal:        INCREASE_RESOURCE cobblestone x32 — construction: fetch cobblestone for Oak House 2
[25Sep2026 01:00:56.834] [Server thread/INFO] [ai.minecivilization.events.ModEvents/]: [Colony]   Task:        GATHER cobblestone x32
[25Sep2026 01:00:56.834] [Server thread/INFO] [ai.minecivilization.events.ModEvents/]: [Colony]   Doing:       MOVE_TO making a way to 33,70,20
[25Sep2026 01:00:56.834] [Server thread/INFO] [ai.minecivilization.events.ModEvents/]: [Colony]   Priority:    construction
[25Sep2026 01:00:56.834] [Server thread/INFO] [ai.minecivilization.events.ModEvents/]: [Colony]   Position:    X=31 Y=73 Z=19
[25Sep2026 01:00:56.834] [Server thread/INFO] [ai.minecivilization.events.ModEvents/]: [Colony]   Colony:      X=0 Y=70 Z=0  (36m NW)
[25Sep2026 01:00:56.834] [Server thread/INFO] [ai.minecivilization.events.ModEvents/]: [Colony]   Condition:   health 40  hunger 72  energy 100
[25Sep2026 01:00:56.834] [Server thread/INFO] [ai.minecivilization.events.ModEvents/]: [Colony]   Because:     fetch cobblestone for Oak House 2
[25Sep2026 01:00:56.834] [Server thread/INFO] [ai.minecivilization.events.ModEvents/]: [Colony]   Problem:     Not moving (71s)
[25Sep2026 01:00:56.834] [Server thread/INFO] [ai.minecivilization.events.ModEvents/]: [Colony]   Completed:   0 task(s)   failures 1   cognition idle
[25Sep2026 01:00:56.834] [Server thread/INFO] [ai.minecivilization.events.ModEvents/]: [Colony]   Carrying:    {}
[25Sep2026 01:00:56.834] [Server thread/INFO] [ai.minecivilization.events.ModEvents/]: [Colony] Citizen Jonas [MINER]  Stuck
[25Sep2026 01:00:56.834] [Server thread/INFO] [ai.minecivilization.events.ModEvents/]: [Colony]   Goal:        EXPLORE x1 — exploration: survey the land around the colony
[25Sep2026 01:00:56.834] [Server thread/INFO] [ai.minecivilization.events.ModEvents/]: [Colony]   Task:        EXPLORE x1
[25Sep2026 01:00:56.834] [Server thread/INFO] [ai.minecivilization.events.ModEvents/]: [Colony]   Doing:       EXPLORE exploring toward -86,42 (119m, 126 found)
[25Sep2026 01:00:56.834] [Server thread/INFO] [ai.minecivilization.events.ModEvents/]: [Colony]   Priority:    exploration
[25Sep2026 01:00:56.834] [Server thread/INFO] [ai.minecivilization.events.ModEvents/]: [Colony]   Position:    X=31 Y=73 Z=19
[25Sep2026 01:00:56.834] [Server thread/INFO] [ai.minecivilization.events.ModEvents/]: [Colony]   Colony:      X=0 Y=70 Z=0  (36m NW)
[25Sep2026 01:00:56.835] [Server thread/INFO] [ai.minecivilization.events.ModEvents/]: [Colony]   Condition:   health 40  hunger 73  energy 100
[25Sep2026 01:00:56.835] [Server thread/INFO] [ai.minecivilization.events.ModEvents/]: [Colony]   Because:     survey the land around the colony
[25Sep2026 01:00:56.835] [Server thread/INFO] [ai.minecivilization.events.ModEvents/]: [Colony]   Problem:     Not moving (37s)
[25Sep2026 01:00:56.835] [Server thread/INFO] [ai.minecivilization.events.ModEvents/]: [Colony]   Completed:   0 task(s)   failures 0   cognition idle
[25Sep2026 01:00:56.835] [Server thread/INFO] [ai.minecivilization.events.ModEvents/]: [Colony]   Holding:     explore
[25Sep2026 01:00:56.835] [Server thread/INFO] [ai.minecivilization.events.ModEvents/]: [Colony]   Carrying:    {}
[25Sep2026 01:00:57.632] [Server thread/INFO] [ai.minecivilization.citizen.CitizenBrain/]: [Citizen Tomas · farmer] task CRAFT failed: TARGET_UNREACHABLE: Could not reach target after 6 repaths. (recoverable)
[25Sep2026 01:00:58.132] [Server thread/INFO] [ai.minecivilization.citizen.CitizenBrain/]: [Citizen Jonas · miner] completed EXPLORE
[25Sep2026 01:00:58.182] [Server thread/INFO] [ai.minecivilization.citizen.CitizenBrain/]: [Citizen Jonas · miner] Goal completed: EXPLORE x1
[25Sep2026 01:00:58.182] [Server thread/INFO] [ai.minecivilization.citizen.CitizenBrain/]: [Citizen Jonas · miner] Goal assigned: INCREASE_RESOURCE minecraft:oak_log x16 (ready in hand)
[25Sep2026 01:00:58.882] [Server thread/INFO] [ai.minecivilization.citizen.CitizenBrain/]: [Citizen Lena · crafter] task CRAFT failed: TARGET_NOT_FOUND: No reachable minecraft:acacia_log (or any substitute) within 48 blocks. (recoverable)
[25Sep2026 01:00:58.931] [Server thread/INFO] [ai.minecivilization.citizen.CitizenBrain/]: [Citizen Lena · crafter] Goal assigned: INCREASE_RESOURCE minecraft:oak_log x16 (ready in hand)
[25Sep2026 01:00:59.031] [Server thread/INFO] [ai.minecivilization.citizen.CitizenBrain/]: [Citizen Zoe · miner] dropped GATHER after NOT_MOVING — taking different work
[25Sep2026 01:00:59.049] [Server thread/INFO] [ai.minecivilization.citizen.CitizenBrain/]: [Citizen Zoe · miner] Goal assigned: INCREASE_RESOURCE minecraft:oak_log x16
[25Sep2026 01:01:00.132] [Server thread/INFO] [ai.minecivilization.citizen.CitizenBrain/]: [Citizen Jonas · miner] task GATHER failed: TARGET_NOT_FOUND: No reachable minecraft:oak_log (or any substitute) within 48 blocks. (recoverable)
[25Sep2026 01:01:00.182] [Server thread/INFO] [ai.minecivilization.citizen.CitizenBrain/]: [Citizen Jonas · miner] Goal assigned: INCREASE_RESOURCE minecraft:oak_log x16 (ready in hand)
[25Sep2026 01:01:00.882] [Server thread/INFO] [ai.minecivilization.citizen.CitizenBrain/]: [Citizen Lena · crafter] task GATHER failed: TARGET_NOT_FOUND: No reachable minecraft:oak_log (or any substitute) within 48 blocks. (recoverable)
[25Sep2026 01:01:00.932] [Server thread/INFO] [ai.minecivilization.citizen.CitizenBrain/]: [Citizen Lena · crafter] Goal assigned: EXPLORE x1 (ready in hand)
[25Sep2026 01:01:02.132] [Server thread/INFO] [ai.minecivilization.citizen.CitizenBrain/]: [Citizen Jonas · miner] task GATHER failed: TARGET_NOT_FOUND: No reachable minecraft:oak_log (or any substitute) within 48 blocks. (recoverable)
[25Sep2026 01:01:02.181] [Server thread/INFO] [ai.minecivilization.citizen.CitizenBrain/]: [Citizen Jonas · miner] Goal assigned: CRAFT_ITEM minecraft:wooden_sword x1 (ready in hand)
[25Sep2026 01:01:03.132] [Server thread/INFO] [ai.minecivilization.citizen.CitizenBrain/]: [Citizen Tomas · farmer] task CRAFT failed: TARGET_UNREACHABLE: Could not reach target after 6 repaths. (recoverable)
[25Sep2026 01:01:03.132] [Server thread/INFO] [ai.minecivilization.citizen.CitizenBrain/]: [Citizen Tomas · farmer] goal disengaged after 3 failures
[25Sep2026 01:01:03.182] [Server thread/INFO] [ai.minecivilization.citizen.CitizenBrain/]: [Citizen Tomas · farmer] Goal assigned: CRAFT_ITEM minecraft:chest x2 (ready in hand)
[25Sep2026 01:01:06.032] [Server thread/INFO] [ai.minecivilization.citizen.CitizenBrain/]: [Citizen Jonas · miner] task CRAFT failed: TARGET_NOT_FOUND: No reachable minecraft:acacia_log (or any substitute) within 48 blocks. (recoverable)
[25Sep2026 01:01:06.082] [Server thread/INFO] [ai.minecivilization.citizen.CitizenBrain/]: [Citizen Jonas · miner] Goal assigned: INCREASE_RESOURCE minecraft:oak_log x16 (ready in hand)
[25Sep2026 01:01:08.032] [Server thread/INFO] [ai.minecivilization.citizen.CitizenBrain/]: [Citizen Jonas · miner] task GATHER failed: TARGET_NOT_FOUND: No reachable minecraft:oak_log (or any substitute) within 48 blocks. (recoverable)
[25Sep2026 01:01:08.082] [Server thread/INFO] [ai.minecivilization.citizen.CitizenBrain/]: [Citizen Jonas · miner] Goal assigned: CRAFT_ITEM minecraft:chest x1 (ready in hand)
[25Sep2026 01:01:08.832] [Server thread/INFO] [ai.minecivilization.citizen.CitizenBrain/]: [Citizen Tomas · farmer] task CRAFT failed: TARGET_UNREACHABLE: Could not reach target after 6 repaths. (recoverable)
[25Sep2026 01:01:09.936] [Server thread/INFO] [ai.minecivilization.citizen.CitizenBrain/]: [Citizen Lena · crafter] stopped (command or interruption)
[25Sep2026 01:01:09.936] [Server thread/WARN] [ai.minecivilization.entity.CitizenEntity/]: [Citizen Lena · crafter] extracted from an occupied AABB at BlockPos{x=-4, y=73, z=0}
[25Sep2026 01:01:09.982] [Server thread/INFO] [ai.minecivilization.citizen.CitizenBrain/]: [Citizen Lena · crafter] Goal assigned: INCREASE_RESOURCE minecraft:oak_log x16
[25Sep2026 01:01:11.932] [Server thread/INFO] [ai.minecivilization.citizen.CitizenBrain/]: [Citizen Lena · crafter] task GATHER failed: TARGET_NOT_FOUND: No reachable minecraft:oak_log (or any substitute) within 48 blocks. (recoverable)
[25Sep2026 01:01:11.933] [Server thread/INFO] [ai.minecivilization.citizen.CitizenBrain/]: [Citizen Jonas · miner] task CRAFT failed: TARGET_NOT_FOUND: No reachable minecraft:acacia_log (or any substitute) within 48 blocks. (recoverable)
[25Sep2026 01:01:11.981] [Server thread/INFO] [ai.minecivilization.citizen.CitizenBrain/]: [Citizen Lena · crafter] Goal assigned: CRAFT_ITEM minecraft:oak_stairs x32 (ready in hand)
[25Sep2026 01:01:11.982] [Server thread/INFO] [ai.minecivilization.citizen.CitizenBrain/]: [Citizen Jonas · miner] Goal assigned: INCREASE_RESOURCE minecraft:oak_log x16 (ready in hand)
[25Sep2026 01:01:12.781] [Server thread/INFO] [ai.minecivilization.citizen.CitizenBrain/]: [Citizen Marie · lumberjack] task CRAFT failed: TARGET_NOT_FOUND: no crafting table within sight — this recipe needs a 3x3 grid (recoverable)
[25Sep2026 01:01:12.831] [Server thread/INFO] [ai.minecivilization.citizen.CitizenBrain/]: [Citizen Marie · lumberjack] Goal assigned: INCREASE_RESOURCE minecraft:oak_log x16 (ready in hand)
[25Sep2026 01:01:13.401] [Server thread/INFO] [ai.minecivilization.citizen.CitizenBrain/]: [Citizen Mila · builder] task CRAFT failed: TARGET_NOT_FOUND: no crafting table within sight — this recipe needs a 3x3 grid (recoverable)
[25Sep2026 01:01:13.433] [Server thread/INFO] [ai.minecivilization.citizen.CitizenBrain/]: [Citizen Mila · builder] Goal assigned: INCREASE_RESOURCE minecraft:oak_log x16 (ready in hand)
[25Sep2026 01:01:13.933] [Server thread/INFO] [ai.minecivilization.citizen.CitizenBrain/]: [Citizen Jonas · miner] task GATHER failed: TARGET_NOT_FOUND: No reachable minecraft:oak_log (or any substitute) within 48 blocks. (recoverable)
[25Sep2026 01:01:13.982] [Server thread/INFO] [ai.minecivilization.citizen.CitizenBrain/]: [Citizen Jonas · miner] Goal assigned: INCREASE_RESOURCE minecraft:oak_log x16 (ready in hand)
[25Sep2026 01:01:14.334] [Server thread/INFO] [ai.minecivilization.citizen.CitizenBrain/]: [Citizen Tomas · farmer] task CRAFT failed: TARGET_UNREACHABLE: Could not reach target after 6 repaths. (recoverable)
[25Sep2026 01:01:14.782] [Server thread/INFO] [ai.minecivilization.citizen.CitizenBrain/]: [Citizen Marie · lumberjack] task GATHER failed: TARGET_NOT_FOUND: No reachable minecraft:oak_log (or any substitute) within 48 blocks. (recoverable)
[25Sep2026 01:01:14.831] [Server thread/INFO] [ai.minecivilization.citizen.CitizenBrain/]: [Citizen Marie · lumberjack] Goal assigned: INCREASE_RESOURCE minecraft:oak_log x16 (ready in hand)
[25Sep2026 01:01:15.385] [Server thread/INFO] [ai.minecivilization.citizen.CitizenBrain/]: [Citizen Mila · builder] task GATHER failed: TARGET_NOT_FOUND: No reachable minecraft:oak_log (or any substitute) within 48 blocks. (recoverable)
[25Sep2026 01:01:15.434] [Server thread/INFO] [ai.minecivilization.citizen.CitizenBrain/]: [Citizen Mila · builder] Goal assigned: INCREASE_RESOURCE minecraft:oak_log x16 (ready in hand)
[25Sep2026 01:01:15.832] [Server thread/INFO] [ai.minecivilization.citizen.CitizenBrain/]: [Citizen Lena · crafter] task CRAFT failed: TARGET_NOT_FOUND: No reachable minecraft:oak_log (or any substitute) within 48 blocks. (recoverable)
[25Sep2026 01:01:15.882] [Server thread/INFO] [ai.minecivilization.citizen.CitizenBrain/]: [Citizen Lena · crafter] Goal assigned: INCREASE_RESOURCE minecraft:oak_log x16 (ready in hand)
[25Sep2026 01:01:15.933] [Server thread/INFO] [ai.minecivilization.citizen.CitizenBrain/]: [Citizen Jonas · miner] task GATHER failed: TARGET_NOT_FOUND: No reachable minecraft:oak_log (or any substitute) within 48 blocks. (recoverable)
[25Sep2026 01:01:15.982] [Server thread/INFO] [ai.minecivilization.citizen.CitizenBrain/]: [Citizen Jonas · miner] Goal assigned: EXPLORE x1 (ready in hand)
[25Sep2026 01:01:17.332] [Server thread/INFO] [ai.minecivilization.citizen.CitizenBrain/]: [Citizen Jonas · miner] task EXPLORE failed: TARGET_UNREACHABLE: no route to -8,65,27 even after digging and bridging (recoverable)
[25Sep2026 01:01:17.488] [Server thread/INFO] [ai.minecivilization.citizen.CitizenBrain/]: [Citizen Jonas · miner] task EXPLORE failed: TARGET_UNREACHABLE: no route to -8,65,27 even after digging and bridging (recoverable)
[25Sep2026 01:01:17.661] [Server thread/INFO] [ai.minecivilization.citizen.CitizenBrain/]: [Citizen Jonas · miner] task EXPLORE keeps failing (TARGET_UNREACHABLE) — further repeats will not be logged
[25Sep2026 01:01:17.661] [Server thread/INFO] [ai.minecivilization.citizen.CitizenBrain/]: [Citizen Jonas · miner] goal disengaged after 3 failures
[25Sep2026 01:01:17.665] [Server thread/INFO] [ai.minecivilization.citizen.CitizenBrain/]: [Citizen Jonas · miner] dropped nothing after REPEATED_FAILURE — taking different work
[25Sep2026 01:01:17.670] [Server thread/INFO] [ai.minecivilization.citizen.CitizenBrain/]: [Citizen Jonas · miner] Goal assigned: INCREASE_RESOURCE minecraft:torch x16 (ready in hand)
[25Sep2026 01:01:17.719] [Server thread/INFO] [ai.minecivilization.citizen.CitizenBrain/]: [Citizen Marie · lumberjack] task GATHER failed: TARGET_NOT_FOUND: No reachable minecraft:oak_log (or any substitute) within 48 blocks. (recoverable)
[25Sep2026 01:01:17.723] [Server thread/INFO] [ai.minecivilization.citizen.CitizenBrain/]: [Citizen Marie · lumberjack] Goal assigned: CRAFT_ITEM minecraft:chest x1 (ready in hand)
[25Sep2026 01:01:17.777] [Server thread/INFO] [ai.minecivilization.citizen.CitizenBrain/]: [Citizen Mila · builder] task GATHER failed: TARGET_NOT_FOUND: No reachable minecraft:oak_log (or any substitute) within 48 blocks. (recoverable)
[25Sep2026 01:01:17.780] [Server thread/INFO] [ai.minecivilization.citizen.CitizenBrain/]: [Citizen Mila · builder] Goal assigned: CRAFT_ITEM minecraft:wooden_sword x1 (ready in hand)
[25Sep2026 01:01:17.832] [Server thread/INFO] [ai.minecivilization.citizen.CitizenBrain/]: [Citizen Lena · crafter] task GATHER failed: TARGET_NOT_FOUND: No reachable minecraft:oak_log (or any substitute) within 48 blocks. (recoverable)
[25Sep2026 01:01:17.881] [Server thread/INFO] [ai.minecivilization.citizen.CitizenBrain/]: [Citizen Lena · crafter] Goal assigned: CRAFT_ITEM minecraft:crafting_table x1 (ready in hand)
[25Sep2026 01:01:19.833] [Server thread/INFO] [ai.minecivilization.citizen.CitizenBrain/]: [Citizen Tomas · farmer] task CRAFT failed: TARGET_UNREACHABLE: Could not reach target after 6 repaths. (recoverable)
[25Sep2026 01:01:19.833] [Server thread/INFO] [ai.minecivilization.citizen.CitizenBrain/]: [Citizen Tomas · farmer] goal disengaged after 3 failures
[25Sep2026 01:01:19.882] [Server thread/INFO] [ai.minecivilization.citizen.CitizenBrain/]: [Citizen Tomas · farmer] Goal assigned: CRAFT_ITEM minecraft:chest x2 (ready in hand)
[25Sep2026 01:01:20.383] [Server thread/INFO] [ai.minecivilization.citizen.CitizenBrain/]: [Citizen Jonas · miner] task CRAFT failed: TARGET_NOT_FOUND: No reachable minecraft:acacia_log (or any substitute) within 48 blocks. (recoverable)
[25Sep2026 01:01:20.432] [Server thread/INFO] [ai.minecivilization.citizen.CitizenBrain/]: [Citizen Jonas · miner] Goal assigned: INCREASE_RESOURCE minecraft:oak_log x16 (ready in hand)
[25Sep2026 01:01:20.832] [Server thread/INFO] [ai.minecivilization.citizen.CitizenBrain/]: [Citizen Ravi · shepherd] task CRAFT failed: TARGET_NOT_FOUND: no crafting table within sight — this recipe needs a 3x3 grid (recoverable)
[25Sep2026 01:01:20.882] [Server thread/INFO] [ai.minecivilization.citizen.CitizenBrain/]: [Citizen Ravi · shepherd] Goal assigned: INCREASE_RESOURCE minecraft:oak_log x16 (ready in hand)
[25Sep2026 01:01:21.284] [Server thread/INFO] [ai.minecivilization.citizen.CitizenBrain/]: [Citizen Mila · builder] task CRAFT failed: TARGET_NOT_FOUND: No reachable minecraft:acacia_log (or any substitute) within 48 blocks. (recoverable)
[25Sep2026 01:01:21.333] [Server thread/INFO] [ai.minecivilization.citizen.CitizenBrain/]: [Citizen Mila · builder] Goal assigned: INCREASE_RESOURCE minecraft:oak_log x16 (ready in hand)
[25Sep2026 01:01:21.732] [Server thread/INFO] [ai.minecivilization.citizen.CitizenBrain/]: [Citizen Lena · crafter] task CRAFT failed: TARGET_NOT_FOUND: No reachable minecraft:acacia_log (or any substitute) within 48 blocks. (recoverable)
[25Sep2026 01:01:21.781] [Server thread/INFO] [ai.minecivilization.citizen.CitizenBrain/]: [Citizen Lena · crafter] Goal assigned: INCREASE_RESOURCE minecraft:oak_log x16 (ready in hand)
[25Sep2026 01:01:22.383] [Server thread/INFO] [ai.minecivilization.citizen.CitizenBrain/]: [Citizen Jonas · miner] task GATHER failed: TARGET_NOT_FOUND: No reachable minecraft:oak_log (or any substitute) within 48 blocks. (recoverable)
[25Sep2026 01:01:22.434] [Server thread/INFO] [ai.minecivilization.citizen.CitizenBrain/]: [Citizen Jonas · miner] Goal assigned: INCREASE_RESOURCE (ready in hand)
[25Sep2026 01:01:22.533] [Server thread/INFO] [ai.minecivilization.citizen.CitizenBrain/]: [Citizen Jonas · miner] task BUILD failed: MISSING_RESOURCE: need minecraft:chest for Civic centre marker db920766 (recoverable)
[25Sep2026 01:01:22.683] [Server thread/INFO] [ai.minecivilization.citizen.CitizenBrain/]: [Citizen Jonas · miner] Goal assigned: INCREASE_RESOURCE minecraft:oak_log x1 (ready in hand)
[25Sep2026 01:01:22.833] [Server thread/INFO] [ai.minecivilization.citizen.CitizenBrain/]: [Citizen Ravi · shepherd] task GATHER failed: TARGET_NOT_FOUND: No reachable minecraft:oak_log (or any substitute) within 48 blocks. (recoverable)
[25Sep2026 01:01:22.882] [Server thread/INFO] [ai.minecivilization.citizen.CitizenBrain/]: [Citizen Ravi · shepherd] Goal assigned: INCREASE_RESOURCE minecraft:oak_log x16 (ready in hand)
[25Sep2026 01:01:23.284] [Server thread/INFO] [ai.minecivilization.citizen.CitizenBrain/]: [Citizen Mila · builder] task GATHER failed: TARGET_NOT_FOUND: No reachable minecraft:oak_log (or any substitute) within 48 blocks. (recoverable)
[25Sep2026 01:01:23.333] [Server thread/INFO] [ai.minecivilization.citizen.CitizenBrain/]: [Citizen Mila · builder] Goal assigned: CRAFT_ITEM minecraft:oak_stairs x32 (ready in hand)
[25Sep2026 01:01:23.732] [Server thread/INFO] [ai.minecivilization.citizen.CitizenBrain/]: [Citizen Lena · crafter] task GATHER failed: TARGET_NOT_FOUND: No reachable minecraft:oak_log (or any substitute) within 48 blocks. (recoverable)
[25Sep2026 01:01:23.781] [Server thread/INFO] [ai.minecivilization.citizen.CitizenBrain/]: [Citizen Lena · crafter] Goal assigned: EXPLORE x1 (ready in hand)
[25Sep2026 01:01:24.832] [Server thread/INFO] [ai.minecivilization.citizen.CitizenBrain/]: [Citizen Ravi · shepherd] task GATHER failed: TARGET_NOT_FOUND: No reachable minecraft:oak_log (or any substitute) within 48 blocks. (recoverable)
[25Sep2026 01:01:24.882] [Server thread/INFO] [ai.minecivilization.citizen.CitizenBrain/]: [Citizen Ravi · shepherd] Goal assigned: CRAFT_ITEM minecraft:shears x1 (ready in hand)
[25Sep2026 01:01:25.532] [Server thread/INFO] [ai.minecivilization.citizen.CitizenBrain/]: [Citizen Tomas · farmer] task CRAFT failed: TARGET_UNREACHABLE: Could not reach target after 6 repaths. (recoverable)
[25Sep2026 01:01:27.183] [Server thread/INFO] [ai.minecivilization.citizen.CitizenBrain/]: [Citizen Mila · builder] task CRAFT failed: TARGET_NOT_FOUND: No reachable minecraft:oak_log (or any substitute) within 48 blocks. (recoverable)
[25Sep2026 01:01:27.232] [Server thread/INFO] [ai.minecivilization.citizen.CitizenBrain/]: [Citizen Mila · builder] Goal assigned: INCREASE_RESOURCE minecraft:oak_log x16 (ready in hand)
[25Sep2026 01:01:28.732] [Server thread/INFO] [ai.minecivilization.citizen.CitizenBrain/]: [Citizen Ravi · shepherd] task CRAFT failed: TARGET_NOT_FOUND: No reachable minecraft:deepslate_iron_ore (or any substitute) within 48 blocks. (recoverable)
[25Sep2026 01:01:28.781] [Server thread/INFO] [ai.minecivilization.citizen.CitizenBrain/]: [Citizen Ravi · shepherd] Goal assigned: INCREASE_RESOURCE minecraft:oak_log x16 (ready in hand)
[25Sep2026 01:01:29.131] [Server thread/INFO] [ai.minecivilization.citizen.CitizenBrain/]: [Citizen Zoe · miner] dropped GATHER after NOT_MOVING — taking different work
[25Sep2026 01:01:29.183] [Server thread/INFO] [ai.minecivilization.citizen.CitizenBrain/]: [Citizen Mila · builder] task GATHER failed: TARGET_NOT_FOUND: No reachable minecraft:oak_log (or any substitute) within 48 blocks. (recoverable)
[25Sep2026 01:01:29.184] [Server thread/INFO] [ai.minecivilization.citizen.CitizenBrain/]: [Citizen Zoe · miner] Goal assigned: INCREASE_RESOURCE minecraft:oak_log x16
[25Sep2026 01:01:29.233] [Server thread/INFO] [ai.minecivilization.citizen.CitizenBrain/]: [Citizen Mila · builder] Goal assigned: INCREASE_RESOURCE minecraft:oak_log x16 (ready in hand)
[25Sep2026 01:01:30.732] [Server thread/INFO] [ai.minecivilization.citizen.CitizenBrain/]: [Citizen Ravi · shepherd] task GATHER failed: TARGET_NOT_FOUND: No reachable minecraft:oak_log (or any substitute) within 48 blocks. (recoverable)
[25Sep2026 01:01:30.781] [Server thread/INFO] [ai.minecivilization.citizen.CitizenBrain/]: [Citizen Ravi · shepherd] Goal assigned: CRAFT_ITEM minecraft:oak_stairs x32 (ready in hand)
[25Sep2026 01:01:31.032] [Server thread/INFO] [ai.minecivilization.citizen.CitizenBrain/]: [Citizen Tomas · farmer] task CRAFT failed: TARGET_UNREACHABLE: Could not reach target after 6 repaths. (recoverable)
[25Sep2026 01:01:31.183] [Server thread/INFO] [ai.minecivilization.citizen.CitizenBrain/]: [Citizen Mila · builder] task GATHER failed: TARGET_NOT_FOUND: No reachable minecraft:oak_log (or any substitute) within 48 blocks. (recoverable)
[25Sep2026 01:01:31.233] [Server thread/INFO] [ai.minecivilization.citizen.CitizenBrain/]: [Citizen Mila · builder] Goal assigned: CRAFT_ITEM minecraft:chest x1 (ready in hand)
[25Sep2026 01:01:34.632] [Server thread/INFO] [ai.minecivilization.citizen.CitizenBrain/]: [Citizen Ravi · shepherd] task CRAFT failed: TARGET_NOT_FOUND: No reachable minecraft:oak_log (or any substitute) within 48 blocks. (recoverable)
[25Sep2026 01:01:34.681] [Server thread/INFO] [ai.minecivilization.citizen.CitizenBrain/]: [Citizen Ravi · shepherd] Goal assigned: INCREASE_RESOURCE minecraft:oak_log x16 (ready in hand)
[25Sep2026 01:01:35.083] [Server thread/INFO] [ai.minecivilization.citizen.CitizenBrain/]: [Citizen Mila · builder] task CRAFT failed: TARGET_NOT_FOUND: No reachable minecraft:acacia_log (or any substitute) within 48 blocks. (recoverable)
[25Sep2026 01:01:35.132] [Server thread/INFO] [ai.minecivilization.citizen.CitizenBrain/]: [Citizen Mila · builder] Goal assigned: INCREASE_RESOURCE minecraft:oak_log x16 (ready in hand)
[25Sep2026 01:01:36.532] [Server thread/INFO] [ai.minecivilization.citizen.CitizenBrain/]: [Citizen Tomas · farmer] task CRAFT failed: TARGET_UNREACHABLE: Could not reach target after 6 repaths. (recoverable)
[25Sep2026 01:01:36.532] [Server thread/INFO] [ai.minecivilization.citizen.CitizenBrain/]: [Citizen Tomas · farmer] goal disengaged after 3 failures
[25Sep2026 01:01:36.582] [Server thread/INFO] [ai.minecivilization.citizen.CitizenBrain/]: [Citizen Tomas · farmer] Goal assigned: CRAFT_ITEM minecraft:chest x2 (ready in hand)
[25Sep2026 01:01:36.632] [Server thread/INFO] [ai.minecivilization.citizen.CitizenBrain/]: [Citizen Ravi · shepherd] task GATHER failed: TARGET_NOT_FOUND: No reachable minecraft:oak_log (or any substitute) within 48 blocks. (recoverable)
[25Sep2026 01:01:36.681] [Server thread/INFO] [ai.minecivilization.citizen.CitizenBrain/]: [Citizen Ravi · shepherd] Goal assigned: INCREASE_RESOURCE minecraft:oak_log x16 (ready in hand)
[25Sep2026 01:01:37.083] [Server thread/INFO] [ai.minecivilization.citizen.CitizenBrain/]: [Citizen Mila · builder] task GATHER failed: TARGET_NOT_FOUND: No reachable minecraft:oak_log (or any substitute) within 48 blocks. (recoverable)
[25Sep2026 01:01:37.134] [Server thread/INFO] [ai.minecivilization.citizen.CitizenBrain/]: [Citizen Mila · builder] Goal assigned: INCREASE_RESOURCE minecraft:torch x16 (ready in hand)
[25Sep2026 01:01:38.632] [Server thread/INFO] [ai.minecivilization.citizen.CitizenBrain/]: [Citizen Ravi · shepherd] task GATHER failed: TARGET_NOT_FOUND: No reachable minecraft:oak_log (or any substitute) within 48 blocks. (recoverable)
[25Sep2026 01:01:38.681] [Server thread/INFO] [ai.minecivilization.citizen.CitizenBrain/]: [Citizen Ravi · shepherd] Goal assigned: CRAFT_ITEM minecraft:chest x1 (ready in hand)
[25Sep2026 01:01:40.983] [Server thread/INFO] [ai.minecivilization.citizen.CitizenBrain/]: [Citizen Mila · builder] task CRAFT failed: TARGET_NOT_FOUND: No reachable minecraft:acacia_log (or any substitute) within 48 blocks. (recoverable)
[25Sep2026 01:01:41.032] [Server thread/INFO] [ai.minecivilization.citizen.CitizenBrain/]: [Citizen Mila · builder] Goal assigned: INCREASE_RESOURCE minecraft:oak_log x16 (ready in hand)
[25Sep2026 01:01:41.531] [Server thread/INFO] [ai.minecivilization.citizen.CitizenBrain/]: [Citizen Hugo · farmer] dropped GATHER after NOT_MOVING — taking different work
[25Sep2026 01:01:41.583] [Server thread/INFO] [ai.minecivilization.citizen.CitizenBrain/]: [Citizen Hugo · farmer] Goal assigned: INCREASE_RESOURCE minecraft:oak_log x16
[25Sep2026 01:01:42.233] [Server thread/INFO] [ai.minecivilization.citizen.CitizenBrain/]: [Citizen Tomas · farmer] task CRAFT failed: TARGET_UNREACHABLE: Could not reach target after 6 repaths. (recoverable)
[25Sep2026 01:01:42.533] [Server thread/INFO] [ai.minecivilization.citizen.CitizenBrain/]: [Citizen Ravi · shepherd] task CRAFT failed: TARGET_NOT_FOUND: No reachable minecraft:acacia_log (or any substitute) within 48 blocks. (recoverable)
[25Sep2026 01:01:42.582] [Server thread/INFO] [ai.minecivilization.citizen.CitizenBrain/]: [Citizen Ravi · shepherd] Goal assigned: INCREASE_RESOURCE minecraft:oak_log x16 (ready in hand)
[25Sep2026 01:01:42.984] [Server thread/INFO] [ai.minecivilization.citizen.CitizenBrain/]: [Citizen Mila · builder] task GATHER failed: TARGET_NOT_FOUND: No reachable minecraft:oak_log (or any substitute) within 48 blocks. (recoverable)
[25Sep2026 01:01:43.035] [Server thread/INFO] [ai.minecivilization.citizen.CitizenBrain/]: [Citizen Mila · builder] Goal assigned: INCREASE_RESOURCE (ready in hand)
[25Sep2026 01:01:43.133] [Server thread/INFO] [ai.minecivilization.citizen.CitizenBrain/]: [Citizen Mila · builder] task BUILD failed: MISSING_RESOURCE: need minecraft:chest for Civic centre marker db920766 (recoverable)
[25Sep2026 01:01:43.284] [Server thread/INFO] [ai.minecivilization.citizen.CitizenBrain/]: [Citizen Mila · builder] Goal assigned: INCREASE_RESOURCE minecraft:wooden_hoe x1 (ready in hand)
[25Sep2026 01:01:43.532] [Server thread/INFO] [ai.minecivilization.citizen.CitizenBrain/]: [Citizen Hugo · farmer] task GATHER failed: TARGET_NOT_FOUND: No reachable minecraft:oak_log (or any substitute) within 48 blocks. (recoverable)
[25Sep2026 01:01:43.581] [Server thread/INFO] [ai.minecivilization.citizen.CitizenBrain/]: [Citizen Hugo · farmer] Goal assigned: CRAFT_ITEM minecraft:wooden_hoe x1 (ready in hand)
[25Sep2026 01:01:44.532] [Server thread/INFO] [ai.minecivilization.citizen.CitizenBrain/]: [Citizen Ravi · shepherd] task GATHER failed: TARGET_NOT_FOUND: No reachable minecraft:oak_log (or any substitute) within 48 blocks. (recoverable)
[25Sep2026 01:01:44.587] [Server thread/INFO] [ai.minecivilization.citizen.CitizenBrain/]: [Citizen Ravi · shepherd] Goal assigned: INCREASE_RESOURCE minecraft:torch x16 (ready in hand)
[25Sep2026 01:01:47.133] [Server thread/INFO] [ai.minecivilization.citizen.CitizenBrain/]: [Citizen Mila · builder] task CRAFT failed: TARGET_NOT_FOUND: No reachable minecraft:acacia_log (or any substitute) within 48 blocks. (recoverable)
[25Sep2026 01:01:47.200] [Server thread/INFO] [ai.minecivilization.citizen.CitizenBrain/]: [Citizen Mila · builder] Goal assigned: INCREASE_RESOURCE minecraft:oak_log x16 (ready in hand)
[25Sep2026 01:01:47.432] [Server thread/INFO] [ai.minecivilization.citizen.CitizenBrain/]: [Citizen Hugo · farmer] task CRAFT failed: TARGET_NOT_FOUND: No reachable minecraft:acacia_log (or any substitute) within 48 blocks. (recoverable)
[25Sep2026 01:01:47.481] [Server thread/INFO] [ai.minecivilization.citizen.CitizenBrain/]: [Citizen Hugo · farmer] Goal assigned: INCREASE_RESOURCE minecraft:oak_log x16 (ready in hand)
[25Sep2026 01:01:47.732] [Server thread/INFO] [ai.minecivilization.citizen.CitizenBrain/]: [Citizen Tomas · farmer] task CRAFT failed: TARGET_UNREACHABLE: Could not reach target after 6 repaths. (recoverable)
[25Sep2026 01:01:48.432] [Server thread/INFO] [ai.minecivilization.citizen.CitizenBrain/]: [Citizen Ravi · shepherd] task CRAFT failed: TARGET_NOT_FOUND: No reachable minecraft:acacia_log (or any substitute) within 48 blocks. (recoverable)
[25Sep2026 01:01:48.482] [Server thread/INFO] [ai.minecivilization.citizen.CitizenBrain/]: [Citizen Ravi · shepherd] Goal assigned: INCREASE_RESOURCE minecraft:oak_log x16 (ready in hand)
[25Sep2026 01:01:49.150] [Server thread/INFO] [ai.minecivilization.citizen.CitizenBrain/]: [Citizen Mila · builder] task GATHER failed: TARGET_NOT_FOUND: No reachable minecraft:oak_log (or any substitute) within 48 blocks. (recoverable)
[25Sep2026 01:01:49.183] [Server thread/INFO] [ai.minecivilization.citizen.CitizenBrain/]: [Citizen Mila · builder] Goal assigned: INCREASE_RESOURCE minecraft:oak_log x16 (ready in hand)
[25Sep2026 01:01:49.432] [Server thread/INFO] [ai.minecivilization.citizen.CitizenBrain/]: [Citizen Hugo · farmer] task GATHER failed: TARGET_NOT_FOUND: No reachable minecraft:oak_log (or any substitute) within 48 blocks. (recoverable)
[25Sep2026 01:01:49.481] [Server thread/INFO] [ai.minecivilization.citizen.CitizenBrain/]: [Citizen Hugo · farmer] Goal assigned: CRAFT_ITEM minecraft:chest x1 (ready in hand)
[25Sep2026 01:01:50.433] [Server thread/INFO] [ai.minecivilization.citizen.CitizenBrain/]: [Citizen Ravi · shepherd] task GATHER failed: TARGET_NOT_FOUND: No reachable minecraft:oak_log (or any substitute) within 48 blocks. (recoverable)
[25Sep2026 01:01:50.486] [Server thread/INFO] [ai.minecivilization.citizen.CitizenBrain/]: [Citizen Ravi · shepherd] Goal assigned: INCREASE_RESOURCE (ready in hand)
[25Sep2026 01:01:50.582] [Server thread/INFO] [ai.minecivilization.citizen.CitizenBrain/]: [Citizen Ravi · shepherd] task BUILD failed: MISSING_RESOURCE: need minecraft:chest for Civic centre marker db920766 (recoverable)
[25Sep2026 01:01:50.734] [Server thread/INFO] [ai.minecivilization.citizen.CitizenBrain/]: [Citizen Ravi · shepherd] Goal assigned: INCREASE_RESOURCE minecraft:wooden_hoe x1 (ready in hand)
[25Sep2026 01:01:51.134] [Server thread/INFO] [ai.minecivilization.citizen.CitizenBrain/]: [Citizen Mila · builder] task GATHER failed: TARGET_NOT_FOUND: No reachable minecraft:oak_log (or any substitute) within 48 blocks. (recoverable)
[25Sep2026 01:01:51.183] [Server thread/INFO] [ai.minecivilization.citizen.CitizenBrain/]: [Citizen Mila · builder] Goal assigned: CRAFT_ITEM minecraft:furnace x1 (ready in hand)
[25Sep2026 01:01:51.431] [Server thread/INFO] [ai.minecivilization.citizen.CitizenBrain/]: [Citizen Marie · lumberjack] task CRAFT failed: TARGET_NOT_FOUND: no crafting table within sight — this recipe needs a 3x3 grid (recoverable)
[25Sep2026 01:01:51.481] [Server thread/INFO] [ai.minecivilization.citizen.CitizenBrain/]: [Citizen Marie · lumberjack] Goal assigned: CRAFT_ITEM minecraft:crafting_table x1 (ready in hand)
[25Sep2026 01:01:51.581] [Server thread/INFO] [ai.minecivilization.citizen.CitizenBrain/]: [Citizen Marie · lumberjack] completed CRAFT minecraft:crafting_table
[25Sep2026 01:01:51.631] [Server thread/INFO] [ai.minecivilization.citizen.CitizenBrain/]: [Citizen Marie · lumberjack] Goal completed: CRAFT_ITEM minecraft:crafting_table x1
[25Sep2026 01:01:51.699] [Server thread/INFO] [ai.minecivilization.citizen.CitizenBrain/]: [Citizen Marie · lumberjack] Goal assigned: CRAFT_ITEM minecraft:crafting_table x1
[25Sep2026 01:01:51.783] [Server thread/INFO] [ai.minecivilization.citizen.CitizenBrain/]: [Citizen Marie · lumberjack] completed PLACE
[25Sep2026 01:01:51.832] [Server thread/INFO] [ai.minecivilization.citizen.CitizenBrain/]: [Citizen Marie · lumberjack] Goal completed: CRAFT_ITEM minecraft:crafting_table x1
[25Sep2026 01:01:51.881] [Server thread/INFO] [ai.minecivilization.citizen.CitizenBrain/]: [Citizen Marie · lumberjack] Goal assigned: CRAFT_ITEM minecraft:crafting_table x1 (ready in hand)
[25Sep2026 01:01:51.981] [Server thread/INFO] [ai.minecivilization.citizen.CitizenBrain/]: [Citizen Marie · lumberjack] completed CRAFT minecraft:crafting_table
[25Sep2026 01:01:52.031] [Server thread/INFO] [ai.minecivilization.citizen.CitizenBrain/]: [Citizen Marie · lumberjack] Goal completed: CRAFT_ITEM minecraft:crafting_table x1
[25Sep2026 01:01:52.131] [Server thread/INFO] [ai.minecivilization.citizen.CitizenBrain/]: [Citizen Marie · lumberjack] Goal assigned: BUILD_PROJECT minecraft:crafting_table x1 (ready in hand)
[25Sep2026 01:01:52.231] [Server thread/INFO] [ai.minecivilization.citizen.CitizenBrain/]: [Citizen Marie · lumberjack] completed PLACE minecraft:crafting_table
[25Sep2026 01:01:52.281] [Server thread/INFO] [ai.minecivilization.citizen.CitizenBrain/]: [Citizen Marie · lumberjack] Goal completed: BUILD_PROJECT minecraft:crafting_table x1
[25Sep2026 01:01:52.381] [Server thread/INFO] [ai.minecivilization.citizen.CitizenBrain/]: [Citizen Marie · lumberjack] Goal assigned: CRAFT_ITEM minecraft:wooden_sword x1 (ready in hand)
[25Sep2026 01:01:52.481] [Server thread/INFO] [ai.minecivilization.citizen.CitizenBrain/]: [Citizen Marie · lumberjack] completed CRAFT minecraft:wooden_sword
[25Sep2026 01:01:52.531] [Server thread/INFO] [ai.minecivilization.citizen.CitizenBrain/]: [Citizen Marie · lumberjack] Goal completed: CRAFT_ITEM minecraft:wooden_sword x1
[25Sep2026 01:01:52.631] [Server thread/INFO] [ai.minecivilization.citizen.CitizenBrain/]: [Citizen Marie · lumberjack] Goal assigned: CRAFT_ITEM minecraft:wooden_axe x1 (ready in hand)
[25Sep2026 01:01:52.782] [Server thread/INFO] [ai.minecivilization.citizen.CitizenBrain/]: [Citizen Marie · lumberjack] completed CRAFT minecraft:wooden_axe
[25Sep2026 01:01:52.831] [Server thread/INFO] [ai.minecivilization.citizen.CitizenBrain/]: [Citizen Marie · lumberjack] Goal completed: CRAFT_ITEM minecraft:wooden_axe x1
[25Sep2026 01:01:52.884] [Server thread/INFO] [ai.minecivilization.citizen.CitizenBrain/]: [Citizen Marie · lumberjack] Goal assigned: CRAFT_ITEM minecraft:wooden_pickaxe x1 (ready in hand)
[25Sep2026 01:01:53.081] [Server thread/INFO] [ai.minecivilization.citizen.CitizenBrain/]: [Citizen Marie · lumberjack] completed CRAFT minecraft:wooden_pickaxe
[25Sep2026 01:01:53.131] [Server thread/INFO] [ai.minecivilization.citizen.CitizenBrain/]: [Citizen Marie · lumberjack] Goal completed: CRAFT_ITEM minecraft:wooden_pickaxe x1
[25Sep2026 01:01:53.182] [Server thread/INFO] [ai.minecivilization.citizen.CitizenBrain/]: [Citizen Marie · lumberjack] Goal assigned: INCREASE_RESOURCE minecraft:torch x16 (ready in hand)
[25Sep2026 01:01:53.233] [Server thread/INFO] [ai.minecivilization.citizen.CitizenBrain/]: [Citizen Tomas · farmer] task CRAFT failed: TARGET_UNREACHABLE: Could not reach target after 6 repaths. (recoverable)
[25Sep2026 01:01:53.233] [Server thread/INFO] [ai.minecivilization.citizen.CitizenBrain/]: [Citizen Tomas · farmer] goal disengaged after 3 failures
[25Sep2026 01:01:53.282] [Server thread/INFO] [ai.minecivilization.citizen.CitizenBrain/]: [Citizen Tomas · farmer] Goal assigned: CRAFT_ITEM minecraft:chest x2 (ready in hand)
[25Sep2026 01:01:53.332] [Server thread/INFO] [ai.minecivilization.citizen.CitizenBrain/]: [Citizen Hugo · farmer] task CRAFT failed: TARGET_NOT_FOUND: No reachable minecraft:acacia_log (or any substitute) within 48 blocks. (recoverable)
[25Sep2026 01:01:53.381] [Server thread/INFO] [ai.minecivilization.citizen.CitizenBrain/]: [Citizen Hugo · farmer] Goal assigned: INCREASE_RESOURCE minecraft:oak_log x16 (ready in hand)
[25Sep2026 01:01:54.283] [Server thread/INFO] [ai.minecivilization.citizen.CitizenBrain/]: [Citizen Mila · builder] task CRAFT failed: TARGET_UNREACHABLE: Could not reach target after 6 repaths. (recoverable)
[25Sep2026 01:01:54.582] [Server thread/INFO] [ai.minecivilization.citizen.CitizenBrain/]: [Citizen Ravi · shepherd] task CRAFT failed: TARGET_NOT_FOUND: No reachable minecraft:acacia_log (or any substitute) within 48 blocks. (recoverable)
[25Sep2026 01:01:54.632] [Server thread/INFO] [ai.minecivilization.citizen.CitizenBrain/]: [Citizen Ravi · shepherd] Goal assigned: INCREASE_RESOURCE minecraft:oak_log x16 (ready in hand)
[25Sep2026 01:01:55.331] [Server thread/INFO] [ai.minecivilization.citizen.CitizenBrain/]: [Citizen Hugo · farmer] task GATHER failed: TARGET_NOT_FOUND: No reachable minecraft:oak_log (or any substitute) within 48 blocks. (recoverable)
[25Sep2026 01:01:55.382] [Server thread/INFO] [ai.minecivilization.citizen.CitizenBrain/]: [Citizen Hugo · farmer] Goal assigned: INCREASE_RESOURCE minecraft:torch x16 (ready in hand)
[25Sep2026 01:01:56.183] [Server thread/INFO] [ai.minecivilization.citizen.CitizenBrain/]: [Citizen Mila · builder] task CRAFT failed: TARGET_UNREACHABLE: Could not reach target after 6 repaths. (recoverable)
[25Sep2026 01:01:56.582] [Server thread/INFO] [ai.minecivilization.citizen.CitizenBrain/]: [Citizen Ravi · shepherd] task GATHER failed: TARGET_NOT_FOUND: No reachable minecraft:oak_log (or any substitute) within 48 blocks. (recoverable)
[25Sep2026 01:01:56.633] [Server thread/INFO] [ai.minecivilization.citizen.CitizenBrain/]: [Citizen Ravi · shepherd] Goal assigned: INCREASE_RESOURCE minecraft:oak_log x16 (ready in hand)
[25Sep2026 01:01:56.882] [Server thread/INFO] [ai.minecivilization.events.ModEvents/]: [Colony] Colony — day 0, 10 citizen(s), 80% busy, 10 building, 3 road(s)
[25Sep2026 01:01:56.883] [Server thread/INFO] [ai.minecivilization.events.ModEvents/]: [Colony] 80% busy — working 7 building 0 exploring 1 returning 0 idle 1 stuck 1 lost 0
[25Sep2026 01:01:56.883] [Server thread/INFO] [ai.minecivilization.events.ModEvents/]: [Colony] time spent (2164s observed, 1% wasted): 30% walking  21% searching  15% making a way  11% crafting  8% exploring  8% mining  3% hauling  3% felling  1% no work
[25Sep2026 01:01:56.883] [Server thread/INFO] [ai.minecivilization.events.ModEvents/]: [Colony] 17 district(s), 0 container(s), 0 bed(s), 0 sign(s), 3 road(s), food 0 — growth: needs 11 beds, has 0
[25Sep2026 01:01:56.883] [Server thread/INFO] [ai.minecivilization.events.ModEvents/]: [Colony]   build Civic centre marker db920766 [WAITING_FOR_RESOURCES] 0% at -7,76,-7  waiting for 2x chest
[25Sep2026 01:01:56.883] [Server thread/INFO] [ai.minecivilization.events.ModEvents/]: [Colony]   build Town Hall [PLANNED] 0% at 1,73,1
[25Sep2026 01:01:56.883] [Server thread/INFO] [ai.minecivilization.events.ModEvents/]: [Colony]   build Oak House 1 [PLANNED] 0% at 7,70,18
[25Sep2026 01:01:56.883] [Server thread/INFO] [ai.minecivilization.events.ModEvents/]: [Colony]   build Warehouse district marker d1c79ed2 [PLANNED] 0% at -27,74,-7
[25Sep2026 01:01:56.883] [Server thread/INFO] [ai.minecivilization.events.ModEvents/]: [Colony]   build Warehouse 1 [PLANNED] 0% at -20,71,0
[25Sep2026 01:01:56.883] [Server thread/INFO] [ai.minecivilization.events.ModEvents/]: [Colony]   build Oak House 2 [PLANNED] 0% at 25,70,18
[25Sep2026 01:01:56.883] [Server thread/INFO] [ai.minecivilization.events.ModEvents/]: [Colony]   build Warehouse 2 [PLANNED] 0% at -32,72,0
[25Sep2026 01:01:56.883] [Server thread/INFO] [ai.minecivilization.events.ModEvents/]: [Colony]   build Oak House 3 [PLANNED] 0% at 43,76,18
[25Sep2026 01:01:56.883] [Server thread/INFO] [ai.minecivilization.events.ModEvents/]: [Colony]   build Oak House 4 [PLANNED] 0% at 61,79,18
[25Sep2026 01:01:56.883] [Server thread/INFO] [ai.minecivilization.events.ModEvents/]: [Colony]   build Oak House 5 [PLANNED] 0% at 79,72,18
[25Sep2026 01:01:56.883] [Server thread/INFO] [ai.minecivilization.events.ModEvents/]: [Colony]   Marie        LUMBERJACK  Working   CRAFT furnace x1       at 31,73,19  36m NW
[25Sep2026 01:01:56.883] [Server thread/INFO] [ai.minecivilization.events.ModEvents/]: [Colony]   Zoe          MINER       Working   GATHER oak log x16     at -48,72,-6  48m E
[25Sep2026 01:01:56.883] [Server thread/INFO] [ai.minecivilization.events.ModEvents/]: [Colony]   Hugo         FARMER      Working   CRAFT wooden pickaxe x1 at 31,73,19  36m NW
[25Sep2026 01:01:56.883] [Server thread/INFO] [ai.minecivilization.events.ModEvents/]: [Colony]   Noor         BUILDER     Stuck     GATHER cobblestone x32 at 31,73,19  36m NW  ! Not moving
[25Sep2026 01:01:56.883] [Server thread/INFO] [ai.minecivilization.events.ModEvents/]: [Colony]   Lena         CRAFTER     Stuck     EXPLORE x1             at -3,74,-1  5m E  ! Not moving
[25Sep2026 01:01:56.883] [Server thread/INFO] [ai.minecivilization.events.ModEvents/]: [Colony]   Ravi         SHEPHERD    Working   GATHER oak log x16     at -1,67,-2  3m SE
[25Sep2026 01:01:56.883] [Server thread/INFO] [ai.minecivilization.events.ModEvents/]: [Colony]   Sam          LUMBERJACK  Working   CRAFT wooden sword x1  at -14,73,37  39m N
[25Sep2026 01:01:56.883] [Server thread/INFO] [ai.minecivilization.events.ModEvents/]: [Colony]   Jonas        MINER       Stuck     GATHER oak log x1 @39,76,23 at 31,73,19  36m NW  ! Not moving
[25Sep2026 01:01:56.883] [Server thread/INFO] [ai.minecivilization.events.ModEvents/]: [Colony]   Tomas        FARMER      Working   CRAFT chest x2         at 1,67,-1  3m SW
[25Sep2026 01:01:56.883] [Server thread/INFO] [ai.minecivilization.events.ModEvents/]: [Colony]   Mila         BUILDER     Working   CRAFT furnace x1       at 1,67,-1  3m SW
[25Sep2026 01:01:56.884] [Server thread/INFO] [ai.minecivilization.events.ModEvents/]: [Colony] Citizen Noor [BUILDER]  Stuck
[25Sep2026 01:01:56.884] [Server thread/INFO] [ai.minecivilization.events.ModEvents/]: [Colony]   Goal:        INCREASE_RESOURCE cobblestone x32 — construction: fetch cobblestone for Oak House 2
[25Sep2026 01:01:56.884] [Server thread/INFO] [ai.minecivilization.events.ModEvents/]: [Colony]   Task:        GATHER cobblestone x32
[25Sep2026 01:01:56.884] [Server thread/INFO] [ai.minecivilization.events.ModEvents/]: [Colony]   Doing:       TRAVERSE FALL 1/2
[25Sep2026 01:01:56.884] [Server thread/INFO] [ai.minecivilization.events.ModEvents/]: [Colony]   Priority:    construction
[25Sep2026 01:01:56.884] [Server thread/INFO] [ai.minecivilization.events.ModEvents/]: [Colony]   Position:    X=31 Y=73 Z=19
[25Sep2026 01:01:56.884] [Server thread/INFO] [ai.minecivilization.events.ModEvents/]: [Colony]   Colony:      X=0 Y=70 Z=0  (36m NW)
[25Sep2026 01:01:56.884] [Server thread/INFO] [ai.minecivilization.events.ModEvents/]: [Colony]   Condition:   health 40  hunger 62  energy 100
[25Sep2026 01:01:56.884] [Server thread/INFO] [ai.minecivilization.events.ModEvents/]: [Colony]   Because:     fetch cobblestone for Oak House 2
[25Sep2026 01:01:56.884] [Server thread/INFO] [ai.minecivilization.events.ModEvents/]: [Colony]   Problem:     Not moving (60s)
[25Sep2026 01:01:56.884] [Server thread/INFO] [ai.minecivilization.events.ModEvents/]: [Colony]   Last done:   GATHER minecraft:cobblestone
[25Sep2026 01:01:56.884] [Server thread/INFO] [ai.minecivilization.events.ModEvents/]: [Colony]   Completed:   1 task(s)   failures 0   cognition idle
[25Sep2026 01:01:56.884] [Server thread/INFO] [ai.minecivilization.events.ModEvents/]: [Colony]   Holding:     supply:97d2351b:minecraft:cobblestone
[25Sep2026 01:01:56.884] [Server thread/INFO] [ai.minecivilization.events.ModEvents/]: [Colony]   Carrying:    {minecraft:cobblestone=16}
[25Sep2026 01:01:56.884] [Server thread/INFO] [ai.minecivilization.events.ModEvents/]: [Colony] Citizen Lena [CRAFTER]  Stuck
[25Sep2026 01:01:56.884] [Server thread/INFO] [ai.minecivilization.events.ModEvents/]: [Colony]   Goal:        EXPLORE x1 — exploration: survey the land around the colony
[25Sep2026 01:01:56.884] [Server thread/INFO] [ai.minecivilization.events.ModEvents/]: [Colony]   Task:        EXPLORE x1
[25Sep2026 01:01:56.884] [Server thread/INFO] [ai.minecivilization.events.ModEvents/]: [Colony]   Doing:       EXPLORE exploring toward 92,27 (99m, 0 found)
[25Sep2026 01:01:56.884] [Server thread/INFO] [ai.minecivilization.events.ModEvents/]: [Colony]   Priority:    exploration
[25Sep2026 01:01:56.884] [Server thread/INFO] [ai.minecivilization.events.ModEvents/]: [Colony]   Position:    X=-3 Y=74 Z=-1
[25Sep2026 01:01:56.884] [Server thread/INFO] [ai.minecivilization.events.ModEvents/]: [Colony]   Colony:      X=0 Y=70 Z=0  (5m E)
[25Sep2026 01:01:56.884] [Server thread/INFO] [ai.minecivilization.events.ModEvents/]: [Colony]   Condition:   health 39  hunger 62  energy 100
[25Sep2026 01:01:56.884] [Server thread/INFO] [ai.minecivilization.events.ModEvents/]: [Colony]   Because:     survey the land around the colony
[25Sep2026 01:01:56.884] [Server thread/INFO] [ai.minecivilization.events.ModEvents/]: [Colony]   Problem:     Not moving (32s)
[25Sep2026 01:01:56.884] [Server thread/INFO] [ai.minecivilization.events.ModEvents/]: [Colony]   Completed:   0 task(s)   failures 0   cognition idle
[25Sep2026 01:01:56.884] [Server thread/INFO] [ai.minecivilization.events.ModEvents/]: [Colony]   Holding:     explore
[25Sep2026 01:01:56.884] [Server thread/INFO] [ai.minecivilization.events.ModEvents/]: [Colony]   Carrying:    {minecraft:dirt=13}
[25Sep2026 01:01:56.884] [Server thread/INFO] [ai.minecivilization.events.ModEvents/]: [Colony] Citizen Jonas [MINER]  Stuck
[25Sep2026 01:01:56.884] [Server thread/INFO] [ai.minecivilization.events.ModEvents/]: [Colony]   Goal:        INCREASE_RESOURCE oak log x1 — Colony maintenance
[25Sep2026 01:01:56.884] [Server thread/INFO] [ai.minecivilization.events.ModEvents/]: [Colony]   Task:        GATHER oak log x1 @39,76,23
[25Sep2026 01:01:56.884] [Server thread/INFO] [ai.minecivilization.events.ModEvents/]: [Colony]   Doing:       MOVE_TO making a way to 39,76,23
[25Sep2026 01:01:56.884] [Server thread/INFO] [ai.minecivilization.events.ModEvents/]: [Colony]   Priority:    resources
[25Sep2026 01:01:56.884] [Server thread/INFO] [ai.minecivilization.events.ModEvents/]: [Colony]   Position:    X=31 Y=73 Z=19
[25Sep2026 01:01:56.884] [Server thread/INFO] [ai.minecivilization.events.ModEvents/]: [Colony]   Destination: X=39 Y=76 Z=23
[25Sep2026 01:01:56.884] [Server thread/INFO] [ai.minecivilization.events.ModEvents/]: [Colony]   Colony:      X=0 Y=70 Z=0  (36m NW)
[25Sep2026 01:01:56.884] [Server thread/INFO] [ai.minecivilization.events.ModEvents/]: [Colony]   Condition:   health 40  hunger 62  energy 100
[25Sep2026 01:01:56.885] [Server thread/INFO] [ai.minecivilization.events.ModEvents/]: [Colony]   Because:     Use a resource location already discovered nearby
[25Sep2026 01:01:56.885] [Server thread/INFO] [ai.minecivilization.events.ModEvents/]: [Colony]   Problem:     Not moving (34s)
[25Sep2026 01:01:56.885] [Server thread/INFO] [ai.minecivilization.events.ModEvents/]: [Colony]   Last done:   EXPLORE
[25Sep2026 01:01:56.885] [Server thread/INFO] [ai.minecivilization.events.ModEvents/]: [Colony]   Completed:   1 task(s)   failures 0   cognition idle
[25Sep2026 01:01:56.885] [Server thread/INFO] [ai.minecivilization.events.ModEvents/]: [Colony]   Carrying:    {}
[25Sep2026 01:01:58.083] [Server thread/INFO] [ai.minecivilization.citizen.CitizenBrain/]: [Citizen Mila · builder] task CRAFT failed: TARGET_UNREACHABLE: Could not reach target after 6 repaths. (recoverable)
[25Sep2026 01:01:58.083] [Server thread/INFO] [ai.minecivilization.citizen.CitizenBrain/]: [Citizen Mila · builder] goal disengaged after 3 failures
[25Sep2026 01:01:58.133] [Server thread/INFO] [ai.minecivilization.citizen.CitizenBrain/]: [Citizen Mila · builder] Goal assigned: INCREASE_RESOURCE minecraft:oak_log x16 (ready in hand)
[25Sep2026 01:01:58.582] [Server thread/INFO] [ai.minecivilization.citizen.CitizenBrain/]: [Citizen Ravi · shepherd] task GATHER failed: TARGET_NOT_FOUND: No reachable minecraft:oak_log (or any substitute) within 48 blocks. (recoverable)
[25Sep2026 01:01:58.632] [Server thread/INFO] [ai.minecivilization.citizen.CitizenBrain/]: [Citizen Ravi · shepherd] Goal assigned: CRAFT_ITEM minecraft:furnace x1 (ready in hand)
[25Sep2026 01:01:58.932] [Server thread/INFO] [ai.minecivilization.citizen.CitizenBrain/]: [Citizen Tomas · farmer] task CRAFT failed: TARGET_UNREACHABLE: Could not reach target after 6 repaths. (recoverable)
[25Sep2026 01:01:59.232] [Server thread/INFO] [ai.minecivilization.citizen.CitizenBrain/]: [Citizen Hugo · farmer] task CRAFT failed: TARGET_NOT_FOUND: No reachable minecraft:acacia_log (or any substitute) within 48 blocks. (recoverable)
[25Sep2026 01:01:59.281] [Server thread/INFO] [ai.minecivilization.citizen.CitizenBrain/]: [Citizen Zoe · miner] dropped GATHER after NOT_MOVING — taking different work
[25Sep2026 01:01:59.281] [Server thread/INFO] [ai.minecivilization.citizen.CitizenBrain/]: [Citizen Hugo · farmer] Goal assigned: INCREASE_RESOURCE minecraft:oak_log x16 (ready in hand)
[25Sep2026 01:01:59.332] [Server thread/INFO] [ai.minecivilization.citizen.CitizenBrain/]: [Citizen Zoe · miner] Goal assigned: INCREASE_RESOURCE minecraft:oak_log x16
[25Sep2026 01:02:00.082] [Server thread/INFO] [ai.minecivilization.citizen.CitizenBrain/]: [Citizen Mila · builder] task GATHER failed: TARGET_NOT_FOUND: No reachable minecraft:oak_log (or any substitute) within 48 blocks. (recoverable)
[25Sep2026 01:02:00.177] [Server thread/INFO] [ai.minecivilization.citizen.CitizenBrain/]: [Citizen Mila · builder] Goal assigned: INCREASE_RESOURCE minecraft:oak_log x16 (ready in hand)
[25Sep2026 01:02:01.232] [Server thread/INFO] [ai.minecivilization.citizen.CitizenBrain/]: [Citizen Hugo · farmer] task GATHER failed: TARGET_NOT_FOUND: No reachable minecraft:oak_log (or any substitute) within 48 blocks. (recoverable)
[25Sep2026 01:02:01.232] [Server thread/INFO] [ai.minecivilization.citizen.CitizenBrain/]: [Citizen Ravi · shepherd] task CRAFT failed: TARGET_UNREACHABLE: Could not reach target after 6 repaths. (recoverable)
[25Sep2026 01:02:01.282] [Server thread/INFO] [ai.minecivilization.citizen.CitizenBrain/]: [Citizen Hugo · farmer] Goal assigned: INCREASE_RESOURCE (ready in hand)
[25Sep2026 01:02:01.381] [Server thread/INFO] [ai.minecivilization.citizen.CitizenBrain/]: [Citizen Hugo · farmer] task BUILD failed: MISSING_RESOURCE: need minecraft:chest for Civic centre marker db920766 (recoverable)
[25Sep2026 01:02:01.550] [Server thread/INFO] [ai.minecivilization.citizen.CitizenBrain/]: [Citizen Hugo · farmer] Goal assigned: INCREASE_RESOURCE minecraft:oak_log x16
[25Sep2026 01:02:02.083] [Server thread/INFO] [ai.minecivilization.citizen.CitizenBrain/]: [Citizen Mila · builder] task GATHER failed: TARGET_NOT_FOUND: No reachable minecraft:oak_log (or any substitute) within 48 blocks. (recoverable)
[25Sep2026 01:02:02.133] [Server thread/INFO] [ai.minecivilization.citizen.CitizenBrain/]: [Citizen Mila · builder] Goal assigned: CRAFT_ITEM minecraft:wooden_sword x1 (ready in hand)
[25Sep2026 01:02:02.582] [Server thread/INFO] [ai.minecivilization.citizen.CitizenBrain/]: [Citizen Lena · crafter] task EXPLORE failed: TARGET_UNREACHABLE: Could not reach target after 6 repaths. (recoverable)
[25Sep2026 01:02:02.882] [Server thread/INFO] [ai.minecivilization.citizen.CitizenBrain/]: [Citizen Sam · lumberjack] task CRAFT failed: TARGET_UNREACHABLE: Could not reach target after 6 repaths. (recoverable)
[25Sep2026 01:02:03.132] [Server thread/INFO] [ai.minecivilization.citizen.CitizenBrain/]: [Citizen Ravi · shepherd] task CRAFT failed: TARGET_UNREACHABLE: Could not reach target after 6 repaths. (recoverable)
[25Sep2026 01:02:03.481] [Server thread/INFO] [ai.minecivilization.citizen.CitizenBrain/]: [Citizen Hugo · farmer] task GATHER failed: TARGET_NOT_FOUND: No reachable minecraft:oak_log (or any substitute) within 48 blocks. (recoverable)
[25Sep2026 01:02:03.532] [Server thread/INFO] [ai.minecivilization.citizen.CitizenBrain/]: [Citizen Hugo · farmer] Goal assigned: INCREASE_RESOURCE minecraft:oak_log x1 (ready in hand)
[25Sep2026 01:02:04.433] [Server thread/INFO] [ai.minecivilization.citizen.CitizenBrain/]: [Citizen Tomas · farmer] task CRAFT failed: TARGET_UNREACHABLE: Could not reach target after 6 repaths. (recoverable)
[25Sep2026 01:02:05.031] [Server thread/INFO] [ai.minecivilization.citizen.CitizenBrain/]: [Citizen Ravi · shepherd] task CRAFT failed: TARGET_UNREACHABLE: Could not reach target after 6 repaths. (recoverable)
[25Sep2026 01:02:05.031] [Server thread/INFO] [ai.minecivilization.citizen.CitizenBrain/]: [Citizen Ravi · shepherd] goal disengaged after 3 failures
[25Sep2026 01:02:05.081] [Server thread/INFO] [ai.minecivilization.citizen.CitizenBrain/]: [Citizen Ravi · shepherd] Goal assigned: INCREASE_RESOURCE minecraft:oak_log x16 (ready in hand)
[25Sep2026 01:02:05.984] [Server thread/INFO] [ai.minecivilization.citizen.CitizenBrain/]: [Citizen Mila · builder] task CRAFT failed: TARGET_NOT_FOUND: No reachable minecraft:acacia_log (or any substitute) within 48 blocks. (recoverable)
[25Sep2026 01:02:06.048] [Server thread/INFO] [ai.minecivilization.citizen.CitizenBrain/]: [Citizen Mila · builder] Goal assigned: INCREASE_RESOURCE minecraft:oak_log x16 (ready in hand)
[25Sep2026 01:02:07.032] [Server thread/INFO] [ai.minecivilization.citizen.CitizenBrain/]: [Citizen Ravi · shepherd] task GATHER failed: TARGET_NOT_FOUND: No reachable minecraft:oak_log (or any substitute) within 48 blocks. (recoverable)
[25Sep2026 01:02:07.081] [Server thread/INFO] [ai.minecivilization.citizen.CitizenBrain/]: [Citizen Ravi · shepherd] Goal assigned: INCREASE_RESOURCE minecraft:oak_log x16 (ready in hand)
[25Sep2026 01:02:07.983] [Server thread/INFO] [ai.minecivilization.citizen.CitizenBrain/]: [Citizen Mila · builder] task GATHER failed: TARGET_NOT_FOUND: No reachable minecraft:oak_log (or any substitute) within 48 blocks. (recoverable)
[25Sep2026 01:02:08.032] [Server thread/INFO] [ai.minecivilization.citizen.CitizenBrain/]: [Citizen Mila · builder] Goal assigned: CRAFT_ITEM minecraft:oak_stairs x32 (ready in hand)
[25Sep2026 01:02:09.032] [Server thread/INFO] [ai.minecivilization.citizen.CitizenBrain/]: [Citizen Ravi · shepherd] task GATHER failed: TARGET_NOT_FOUND: No reachable minecraft:oak_log (or any substitute) within 48 blocks. (recoverable)
[25Sep2026 01:02:09.081] [Server thread/INFO] [ai.minecivilization.citizen.CitizenBrain/]: [Citizen Ravi · shepherd] Goal assigned: CRAFT_ITEM minecraft:shears x1 (ready in hand)
[25Sep2026 01:02:09.932] [Server thread/INFO] [ai.minecivilization.citizen.CitizenBrain/]: [Citizen Tomas · farmer] task CRAFT failed: TARGET_UNREACHABLE: Could not reach target after 6 repaths. (recoverable)
[25Sep2026 01:02:09.932] [Server thread/INFO] [ai.minecivilization.citizen.CitizenBrain/]: [Citizen Tomas · farmer] goal disengaged after 3 failures
[25Sep2026 01:02:09.981] [Server thread/INFO] [ai.minecivilization.citizen.CitizenBrain/]: [Citizen Noor · builder] task GATHER failed: TARGET_UNREACHABLE: Could not reach target after 6 repaths. (recoverable)
[25Sep2026 01:02:09.982] [Server thread/INFO] [ai.minecivilization.citizen.CitizenBrain/]: [Citizen Tomas · farmer] Goal assigned: CRAFT_ITEM minecraft:chest x2 (ready in hand)
[25Sep2026 01:02:11.882] [Server thread/INFO] [ai.minecivilization.citizen.CitizenBrain/]: [Citizen Mila · builder] task CRAFT failed: TARGET_NOT_FOUND: No reachable minecraft:oak_log (or any substitute) within 48 blocks. (recoverable)
[25Sep2026 01:02:11.948] [Server thread/INFO] [ai.minecivilization.citizen.CitizenBrain/]: [Citizen Mila · builder] Goal assigned: INCREASE_RESOURCE minecraft:oak_log x16 (ready in hand)
[25Sep2026 01:02:12.931] [Server thread/INFO] [ai.minecivilization.citizen.CitizenBrain/]: [Citizen Ravi · shepherd] task CRAFT failed: TARGET_NOT_FOUND: No reachable minecraft:deepslate_iron_ore (or any substitute) within 48 blocks. (recoverable)
[25Sep2026 01:02:12.983] [Server thread/INFO] [ai.minecivilization.citizen.CitizenBrain/]: [Citizen Ravi · shepherd] Goal assigned: INCREASE_RESOURCE minecraft:oak_log x16 (ready in hand)
[25Sep2026 01:02:13.883] [Server thread/INFO] [ai.minecivilization.citizen.CitizenBrain/]: [Citizen Mila · builder] task GATHER failed: TARGET_NOT_FOUND: No reachable minecraft:oak_log (or any substitute) within 48 blocks. (recoverable)
[25Sep2026 01:02:13.933] [Server thread/INFO] [ai.minecivilization.citizen.CitizenBrain/]: [Citizen Mila · builder] Goal assigned: INCREASE_RESOURCE minecraft:oak_log x16 (ready in hand)
[25Sep2026 01:02:14.931] [Server thread/INFO] [ai.minecivilization.citizen.CitizenBrain/]: [Citizen Ravi · shepherd] task GATHER failed: TARGET_NOT_FOUND: No reachable minecraft:oak_log (or any substitute) within 48 blocks. (recoverable)
[25Sep2026 01:02:14.981] [Server thread/INFO] [ai.minecivilization.citizen.CitizenBrain/]: [Citizen Ravi · shepherd] Goal assigned: CRAFT_ITEM minecraft:oak_stairs x32 (ready in hand)
[25Sep2026 01:02:15.632] [Server thread/INFO] [ai.minecivilization.citizen.CitizenBrain/]: [Citizen Tomas · farmer] task CRAFT failed: TARGET_UNREACHABLE: Could not reach target after 6 repaths. (recoverable)
[25Sep2026 01:02:15.883] [Server thread/INFO] [ai.minecivilization.citizen.CitizenBrain/]: [Citizen Mila · builder] task GATHER failed: TARGET_NOT_FOUND: No reachable minecraft:oak_log (or any substitute) within 48 blocks. (recoverable)
[25Sep2026 01:02:15.934] [Server thread/INFO] [ai.minecivilization.citizen.CitizenBrain/]: [Citizen Mila · builder] Goal assigned: INCREASE_RESOURCE minecraft:oak_log x16 (ready in hand)
[25Sep2026 01:02:17.882] [Server thread/INFO] [ai.minecivilization.citizen.CitizenBrain/]: [Citizen Mila · builder] task GATHER failed: TARGET_NOT_FOUND: No reachable minecraft:oak_log (or any substitute) within 48 blocks. (recoverable)
[25Sep2026 01:02:17.932] [Server thread/INFO] [ai.minecivilization.citizen.CitizenBrain/]: [Citizen Mila · builder] Goal assigned: CRAFT_ITEM minecraft:chest x1 (ready in hand)
[25Sep2026 01:02:18.831] [Server thread/INFO] [ai.minecivilization.citizen.CitizenBrain/]: [Citizen Ravi · shepherd] task CRAFT failed: TARGET_NOT_FOUND: No reachable minecraft:oak_log (or any substitute) within 48 blocks. (recoverable)
[25Sep2026 01:02:18.881] [Server thread/INFO] [ai.minecivilization.citizen.CitizenBrain/]: [Citizen Ravi · shepherd] Goal assigned: INCREASE_RESOURCE minecraft:oak_log x16 (ready in hand)
[25Sep2026 01:02:20.831] [Server thread/INFO] [ai.minecivilization.citizen.CitizenBrain/]: [Citizen Ravi · shepherd] task GATHER failed: TARGET_NOT_FOUND: No reachable minecraft:oak_log (or any substitute) within 48 blocks. (recoverable)
[25Sep2026 01:02:20.885] [Server thread/INFO] [ai.minecivilization.citizen.CitizenBrain/]: [Citizen Ravi · shepherd] Goal assigned: INCREASE_RESOURCE minecraft:oak_log x16 (ready in hand)
[25Sep2026 01:02:21.132] [Server thread/INFO] [ai.minecivilization.citizen.CitizenBrain/]: [Citizen Tomas · farmer] task CRAFT failed: TARGET_UNREACHABLE: Could not reach target after 6 repaths. (recoverable)
[25Sep2026 01:02:21.783] [Server thread/INFO] [ai.minecivilization.citizen.CitizenBrain/]: [Citizen Mila · builder] task CRAFT failed: TARGET_NOT_FOUND: No reachable minecraft:acacia_log (or any substitute) within 48 blocks. (recoverable)
[25Sep2026 01:02:21.832] [Server thread/INFO] [ai.minecivilization.citizen.CitizenBrain/]: [Citizen Mila · builder] Goal assigned: INCREASE_RESOURCE minecraft:oak_log x16 (ready in hand)
[25Sep2026 01:02:22.832] [Server thread/INFO] [ai.minecivilization.citizen.CitizenBrain/]: [Citizen Ravi · shepherd] task GATHER failed: TARGET_NOT_FOUND: No reachable minecraft:oak_log (or any substitute) within 48 blocks. (recoverable)
[25Sep2026 01:02:22.881] [Server thread/INFO] [ai.minecivilization.citizen.CitizenBrain/]: [Citizen Ravi · shepherd] Goal assigned: INCREASE_RESOURCE minecraft:oak_log x16 (ready in hand)
[25Sep2026 01:02:23.782] [Server thread/INFO] [ai.minecivilization.citizen.CitizenBrain/]: [Citizen Mila · builder] task GATHER failed: TARGET_NOT_FOUND: No reachable minecraft:oak_log (or any substitute) within 48 blocks. (recoverable)
[25Sep2026 01:02:23.832] [Server thread/INFO] [ai.minecivilization.citizen.CitizenBrain/]: [Citizen Mila · builder] Goal assigned: INCREASE_RESOURCE minecraft:oak_log x16 (ready in hand)
[25Sep2026 01:02:24.832] [Server thread/INFO] [ai.minecivilization.citizen.CitizenBrain/]: [Citizen Ravi · shepherd] task GATHER failed: TARGET_NOT_FOUND: No reachable minecraft:oak_log (or any substitute) within 48 blocks. (recoverable)
[25Sep2026 01:02:24.881] [Server thread/INFO] [ai.minecivilization.citizen.CitizenBrain/]: [Citizen Ravi · shepherd] Goal assigned: CRAFT_ITEM minecraft:chest x1 (ready in hand)
[25Sep2026 01:02:25.782] [Server thread/INFO] [ai.minecivilization.citizen.CitizenBrain/]: [Citizen Mila · builder] task GATHER failed: TARGET_NOT_FOUND: No reachable minecraft:oak_log (or any substitute) within 48 blocks. (recoverable)
[25Sep2026 01:02:25.832] [Server thread/INFO] [ai.minecivilization.citizen.CitizenBrain/]: [Citizen Mila · builder] Goal assigned: EXPLORE x1 (ready in hand)
[25Sep2026 01:02:26.632] [Server thread/INFO] [ai.minecivilization.citizen.CitizenBrain/]: [Citizen Tomas · farmer] task CRAFT failed: TARGET_UNREACHABLE: Could not reach target after 6 repaths. (recoverable)
[25Sep2026 01:02:26.632] [Server thread/INFO] [ai.minecivilization.citizen.CitizenBrain/]: [Citizen Tomas · farmer] goal disengaged after 3 failures
[25Sep2026 01:02:26.682] [Server thread/INFO] [ai.minecivilization.citizen.CitizenBrain/]: [Citizen Tomas · farmer] Goal assigned: CRAFT_ITEM minecraft:chest x2 (ready in hand)
[25Sep2026 01:02:28.731] [Server thread/INFO] [ai.minecivilization.citizen.CitizenBrain/]: [Citizen Ravi · shepherd] task CRAFT failed: TARGET_NOT_FOUND: No reachable minecraft:acacia_log (or any substitute) within 48 blocks. (recoverable)
[25Sep2026 01:02:28.781] [Server thread/INFO] [ai.minecivilization.citizen.CitizenBrain/]: [Citizen Ravi · shepherd] Goal assigned: INCREASE_RESOURCE minecraft:oak_log x16 (ready in hand)
[25Sep2026 01:02:29.431] [Server thread/INFO] [ai.minecivilization.citizen.CitizenBrain/]: [Citizen Zoe · miner] dropped GATHER after NOT_MOVING — taking different work
[25Sep2026 01:02:29.449] [Server thread/INFO] [ai.minecivilization.citizen.CitizenBrain/]: [Citizen Zoe · miner] Goal assigned: INCREASE_RESOURCE minecraft:oak_log x16
[25Sep2026 01:02:30.731] [Server thread/INFO] [ai.minecivilization.citizen.CitizenBrain/]: [Citizen Ravi · shepherd] task GATHER failed: TARGET_NOT_FOUND: No reachable minecraft:oak_log (or any substitute) within 48 blocks. (recoverable)
[25Sep2026 01:02:30.785] [Server thread/INFO] [ai.minecivilization.citizen.CitizenBrain/]: [Citizen Ravi · shepherd] Goal assigned: INCREASE_RESOURCE minecraft:cobblestone x16 (ready in hand)
[25Sep2026 01:02:30.881] [Server thread/INFO] [ai.minecivilization.citizen.CitizenBrain/]: [Citizen Ravi · shepherd] completed GATHER minecraft:cobblestone
[25Sep2026 01:02:30.931] [Server thread/INFO] [ai.minecivilization.citizen.CitizenBrain/]: [Citizen Ravi · shepherd] Goal completed: INCREASE_RESOURCE minecraft:cobblestone x16
[25Sep2026 01:02:30.998] [Server thread/INFO] [ai.minecivilization.citizen.CitizenBrain/]: [Citizen Ravi · shepherd] Goal assigned: INCREASE_RESOURCE minecraft:oak_log x16
[25Sep2026 01:02:32.332] [Server thread/INFO] [ai.minecivilization.citizen.CitizenBrain/]: [Citizen Tomas · farmer] task CRAFT failed: TARGET_UNREACHABLE: Could not reach target after 6 repaths. (recoverable)
[25Sep2026 01:02:32.931] [Server thread/INFO] [ai.minecivilization.citizen.CitizenBrain/]: [Citizen Ravi · shepherd] task GATHER failed: TARGET_NOT_FOUND: No reachable minecraft:oak_log (or any substitute) within 48 blocks. (recoverable)
[25Sep2026 01:02:32.981] [Server thread/INFO] [ai.minecivilization.citizen.CitizenBrain/]: [Citizen Ravi · shepherd] Goal assigned: CRAFT_ITEM minecraft:chest x1 (ready in hand)
[25Sep2026 01:02:36.832] [Server thread/INFO] [ai.minecivilization.citizen.CitizenBrain/]: [Citizen Ravi · shepherd] task CRAFT failed: TARGET_NOT_FOUND: No reachable minecraft:acacia_log (or any substitute) within 48 blocks. (recoverable)
[25Sep2026 01:02:36.881] [Server thread/INFO] [ai.minecivilization.citizen.CitizenBrain/]: [Citizen Ravi · shepherd] Goal assigned: INCREASE_RESOURCE minecraft:oak_log x16 (ready in hand)
[25Sep2026 01:02:37.832] [Server thread/INFO] [ai.minecivilization.citizen.CitizenBrain/]: [Citizen Tomas · farmer] task CRAFT failed: TARGET_UNREACHABLE: Could not reach target after 6 repaths. (recoverable)
[25Sep2026 01:02:37.932] [Server thread/INFO] [ai.minecivilization.citizen.CitizenBrain/]: [Citizen Jonas · miner] task GATHER failed: TARGET_UNREACHABLE: Could not reach target after 6 repaths. (recoverable)
[25Sep2026 01:02:38.831] [Server thread/INFO] [ai.minecivilization.citizen.CitizenBrain/]: [Citizen Ravi · shepherd] task GATHER failed: TARGET_NOT_FOUND: No reachable minecraft:oak_log (or any substitute) within 48 blocks. (recoverable)
[25Sep2026 01:02:38.881] [Server thread/INFO] [ai.minecivilization.citizen.CitizenBrain/]: [Citizen Ravi · shepherd] Goal assigned: CRAFT_ITEM minecraft:furnace x1 (ready in hand)
[25Sep2026 01:02:40.831] [Server thread/INFO] [ai.minecivilization.citizen.CitizenBrain/]: [Citizen Ravi · shepherd] task CRAFT failed: TARGET_UNREACHABLE: Could not reach target after 6 repaths. (recoverable)
[25Sep2026 01:02:40.981] [Server thread/INFO] [ai.minecivilization.citizen.CitizenBrain/]: [Citizen Lena · crafter] task EXPLORE failed: TARGET_UNREACHABLE: Could not reach target after 6 repaths. (recoverable)
[25Sep2026 01:02:42.731] [Server thread/INFO] [ai.minecivilization.citizen.CitizenBrain/]: [Citizen Ravi · shepherd] task CRAFT failed: TARGET_UNREACHABLE: Could not reach target after 6 repaths. (recoverable)
[25Sep2026 01:02:43.359] [Server thread/INFO] [ai.minecivilization.citizen.CitizenBrain/]: [Citizen Tomas · farmer] task CRAFT failed: TARGET_UNREACHABLE: Could not reach target after 6 repaths. (recoverable)
[25Sep2026 01:02:43.360] [Server thread/INFO] [ai.minecivilization.citizen.CitizenBrain/]: [Citizen Tomas · farmer] goal disengaged after 3 failures
[25Sep2026 01:02:43.381] [Server thread/INFO] [ai.minecivilization.citizen.CitizenBrain/]: [Citizen Tomas · farmer] Goal assigned: CRAFT_ITEM minecraft:chest x2 (ready in hand)
[25Sep2026 01:02:44.631] [Server thread/INFO] [ai.minecivilization.citizen.CitizenBrain/]: [Citizen Ravi · shepherd] task CRAFT failed: TARGET_UNREACHABLE: Could not reach target after 6 repaths. (recoverable)
[25Sep2026 01:02:44.631] [Server thread/INFO] [ai.minecivilization.citizen.CitizenBrain/]: [Citizen Ravi · shepherd] goal disengaged after 3 failures
[25Sep2026 01:02:44.681] [Server thread/INFO] [ai.minecivilization.citizen.CitizenBrain/]: [Citizen Ravi · shepherd] Goal assigned: INCREASE_RESOURCE minecraft:oak_log x16 (ready in hand)
[25Sep2026 01:02:46.631] [Server thread/INFO] [ai.minecivilization.citizen.CitizenBrain/]: [Citizen Ravi · shepherd] task GATHER failed: TARGET_NOT_FOUND: No reachable minecraft:oak_log (or any substitute) within 48 blocks. (recoverable)
[25Sep2026 01:02:46.681] [Server thread/INFO] [ai.minecivilization.citizen.CitizenBrain/]: [Citizen Ravi · shepherd] Goal assigned: INCREASE_RESOURCE minecraft:oak_log x16 (ready in hand)
[25Sep2026 01:02:48.631] [Server thread/INFO] [ai.minecivilization.citizen.CitizenBrain/]: [Citizen Ravi · shepherd] task GATHER failed: TARGET_NOT_FOUND: No reachable minecraft:oak_log (or any substitute) within 48 blocks. (recoverable)
[25Sep2026 01:02:48.681] [Server thread/INFO] [ai.minecivilization.citizen.CitizenBrain/]: [Citizen Ravi · shepherd] Goal assigned: CRAFT_ITEM minecraft:shears x1 (ready in hand)
[25Sep2026 01:02:49.031] [Server thread/INFO] [ai.minecivilization.citizen.CitizenBrain/]: [Citizen Tomas · farmer] task CRAFT failed: TARGET_UNREACHABLE: Could not reach target after 6 repaths. (recoverable)
[25Sep2026 01:02:52.531] [Server thread/INFO] [ai.minecivilization.citizen.CitizenBrain/]: [Citizen Ravi · shepherd] task CRAFT failed: TARGET_NOT_FOUND: No reachable minecraft:deepslate_iron_ore (or any substitute) within 48 blocks. (recoverable)
[25Sep2026 01:02:52.581] [Server thread/INFO] [ai.minecivilization.citizen.CitizenBrain/]: [Citizen Ravi · shepherd] Goal assigned: INCREASE_RESOURCE minecraft:oak_log x16 (ready in hand)
[25Sep2026 01:02:53.799] [Server thread/INFO] [ai.minecivilization.citizen.CitizenBrain/]: [Citizen Mila · builder] task EXPLORE failed: TARGET_UNREACHABLE: Could not reach target after 6 repaths. (recoverable)
[25Sep2026 01:02:54.431] [Server thread/INFO] [ai.minecivilization.citizen.CitizenBrain/]: [Citizen Noor · builder] dropped GATHER after NOT_MOVING — taking different work
[25Sep2026 01:02:54.482] [Server thread/INFO] [ai.minecivilization.citizen.CitizenBrain/]: [Citizen Noor · builder] Goal assigned: INCREASE_RESOURCE minecraft:oak_log x16
[25Sep2026 01:02:54.531] [Server thread/INFO] [ai.minecivilization.citizen.CitizenBrain/]: [Citizen Ravi · shepherd] task GATHER failed: TARGET_NOT_FOUND: No reachable minecraft:oak_log (or any substitute) within 48 blocks. (recoverable)
[25Sep2026 01:02:54.532] [Server thread/INFO] [ai.minecivilization.citizen.CitizenBrain/]: [Citizen Tomas · farmer] task CRAFT failed: TARGET_UNREACHABLE: Could not reach target after 6 repaths. (recoverable)
[25Sep2026 01:02:54.581] [Server thread/INFO] [ai.minecivilization.citizen.CitizenBrain/]: [Citizen Ravi · shepherd] Goal assigned: CRAFT_ITEM minecraft:oak_stairs x32 (ready in hand)
[25Sep2026 01:02:56.431] [Server thread/INFO] [ai.minecivilization.citizen.CitizenBrain/]: [Citizen Noor · builder] task GATHER failed: TARGET_NOT_FOUND: No reachable minecraft:oak_log (or any substitute) within 48 blocks. (recoverable)
[25Sep2026 01:02:56.481] [Server thread/INFO] [ai.minecivilization.citizen.CitizenBrain/]: [Citizen Noor · builder] Goal assigned: CRAFT_ITEM minecraft:furnace x1 (ready in hand)
[25Sep2026 01:02:56.581] [Server thread/INFO] [ai.minecivilization.citizen.CitizenBrain/]: [Citizen Noor · builder] completed CRAFT minecraft:furnace
[25Sep2026 01:02:56.631] [Server thread/INFO] [ai.minecivilization.citizen.CitizenBrain/]: [Citizen Noor · builder] Goal completed: CRAFT_ITEM minecraft:furnace x1
[25Sep2026 01:02:56.731] [Server thread/INFO] [ai.minecivilization.citizen.CitizenBrain/]: [Citizen Noor · builder] Goal assigned: BUILD_PROJECT minecraft:furnace x1 (ready in hand)
[25Sep2026 01:02:56.834] [Server thread/INFO] [ai.minecivilization.citizen.CitizenBrain/]: [Citizen Noor · builder] completed PLACE minecraft:furnace
[25Sep2026 01:02:56.835] [Server thread/INFO] [ai.minecivilization.events.ModEvents/]: [Colony] Colony — day 0, 10 citizen(s), 60% busy, 10 building, 3 road(s)
[25Sep2026 01:02:56.835] [Server thread/INFO] [ai.minecivilization.events.ModEvents/]: [Colony] 60% busy — working 5 building 0 exploring 1 returning 0 idle 0 stuck 4 lost 0
[25Sep2026 01:02:56.835] [Server thread/INFO] [ai.minecivilization.events.ModEvents/]: [Colony] time spent (2764s observed, 1% wasted): 32% walking  20% searching  17% making a way  9% exploring  9% crafting  6% mining  2% hauling  2% felling  1% no work
[25Sep2026 01:02:56.835] [Server thread/INFO] [ai.minecivilization.events.ModEvents/]: [Colony] 17 district(s), 0 container(s), 0 bed(s), 0 sign(s), 3 road(s), food 0 — growth: needs 11 beds, has 0
[25Sep2026 01:02:56.835] [Server thread/INFO] [ai.minecivilization.events.ModEvents/]: [Colony]   build Civic centre marker db920766 [WAITING_FOR_RESOURCES] 0% at -7,76,-7  waiting for 2x chest
[25Sep2026 01:02:56.836] [Server thread/INFO] [ai.minecivilization.events.ModEvents/]: [Colony]   build Town Hall [PLANNED] 0% at 1,73,1
[25Sep2026 01:02:56.836] [Server thread/INFO] [ai.minecivilization.events.ModEvents/]: [Colony]   build Oak House 1 [PLANNED] 0% at 7,70,18
[25Sep2026 01:02:56.836] [Server thread/INFO] [ai.minecivilization.events.ModEvents/]: [Colony]   build Warehouse district marker d1c79ed2 [PLANNED] 0% at -27,74,-7
[25Sep2026 01:02:56.836] [Server thread/INFO] [ai.minecivilization.events.ModEvents/]: [Colony]   build Warehouse 1 [PLANNED] 0% at -20,71,0
[25Sep2026 01:02:56.836] [Server thread/INFO] [ai.minecivilization.events.ModEvents/]: [Colony]   build Oak House 2 [PLANNED] 0% at 25,70,18
[25Sep2026 01:02:56.836] [Server thread/INFO] [ai.minecivilization.events.ModEvents/]: [Colony]   build Warehouse 2 [PLANNED] 0% at -32,72,0
[25Sep2026 01:02:56.836] [Server thread/INFO] [ai.minecivilization.events.ModEvents/]: [Colony]   build Oak House 3 [PLANNED] 0% at 43,76,18
[25Sep2026 01:02:56.836] [Server thread/INFO] [ai.minecivilization.events.ModEvents/]: [Colony]   build Oak House 4 [PLANNED] 0% at 61,79,18
[25Sep2026 01:02:56.836] [Server thread/INFO] [ai.minecivilization.events.ModEvents/]: [Colony]   build Oak House 5 [PLANNED] 0% at 79,72,18
[25Sep2026 01:02:56.836] [Server thread/INFO] [ai.minecivilization.events.ModEvents/]: [Colony]   Marie        LUMBERJACK  Working   CRAFT furnace x1       at 31,73,19  36m NW
[25Sep2026 01:02:56.836] [Server thread/INFO] [ai.minecivilization.events.ModEvents/]: [Colony]   Zoe          MINER       Working   GATHER oak log x16     at -48,72,-6  48m E
[25Sep2026 01:02:56.836] [Server thread/INFO] [ai.minecivilization.events.ModEvents/]: [Colony]   Hugo         FARMER      Stuck     GATHER oak log x1 @39,76,23 at 31,73,19  36m NW  ! Not moving
[25Sep2026 01:02:56.836] [Server thread/INFO] [ai.minecivilization.events.ModEvents/]: [Colony]   Noor         BUILDER     Idle      none                   at 31,73,19  36m NW
[25Sep2026 01:02:56.836] [Server thread/INFO] [ai.minecivilization.events.ModEvents/]: [Colony]   Lena         CRAFTER     Stuck     EXPLORE x1             at -3,74,-1  5m E  ! Not moving
[25Sep2026 01:02:56.836] [Server thread/INFO] [ai.minecivilization.events.ModEvents/]: [Colony]   Ravi         SHEPHERD    Working   CRAFT oak stairs x32   at 1,67,-1  3m SW
[25Sep2026 01:02:56.836] [Server thread/INFO] [ai.minecivilization.events.ModEvents/]: [Colony]   Sam          LUMBERJACK  Working   CRAFT wooden sword x1  at -14,73,37  39m N
[25Sep2026 01:02:56.836] [Server thread/INFO] [ai.minecivilization.events.ModEvents/]: [Colony]   Jonas        MINER       Stuck     GATHER oak log x1 @39,76,23 at 31,73,19  36m NW  ! Not moving
[25Sep2026 01:02:56.836] [Server thread/INFO] [ai.minecivilization.events.ModEvents/]: [Colony]   Tomas        FARMER      Working   CRAFT chest x2         at 1,67,-1  3m SW
[25Sep2026 01:02:56.836] [Server thread/INFO] [ai.minecivilization.events.ModEvents/]: [Colony]   Mila         BUILDER     Exploring EXPLORE x1             at -1,67,-4  5m S
[25Sep2026 01:02:56.836] [Server thread/INFO] [ai.minecivilization.events.ModEvents/]: [Colony] Citizen Hugo [FARMER]  Stuck
[25Sep2026 01:02:56.836] [Server thread/INFO] [ai.minecivilization.events.ModEvents/]: [Colony]   Goal:        INCREASE_RESOURCE oak log x1 — Colony maintenance
[25Sep2026 01:02:56.836] [Server thread/INFO] [ai.minecivilization.events.ModEvents/]: [Colony]   Task:        GATHER oak log x1 @39,76,23
[25Sep2026 01:02:56.836] [Server thread/INFO] [ai.minecivilization.events.ModEvents/]: [Colony]   Doing:       TRAVERSE STEP_UP 1/9
[25Sep2026 01:02:56.836] [Server thread/INFO] [ai.minecivilization.events.ModEvents/]: [Colony]   Priority:    resources
[25Sep2026 01:02:56.836] [Server thread/INFO] [ai.minecivilization.events.ModEvents/]: [Colony]   Position:    X=31 Y=73 Z=19
[25Sep2026 01:02:56.836] [Server thread/INFO] [ai.minecivilization.events.ModEvents/]: [Colony]   Destination: X=39 Y=76 Z=23
[25Sep2026 01:02:56.836] [Server thread/INFO] [ai.minecivilization.events.ModEvents/]: [Colony]   Colony:      X=0 Y=70 Z=0  (36m NW)
[25Sep2026 01:02:56.836] [Server thread/INFO] [ai.minecivilization.events.ModEvents/]: [Colony]   Condition:   health 40  hunger 51  energy 100
[25Sep2026 01:02:56.836] [Server thread/INFO] [ai.minecivilization.events.ModEvents/]: [Colony]   Because:     Use a resource location already discovered nearby
[25Sep2026 01:02:56.836] [Server thread/INFO] [ai.minecivilization.events.ModEvents/]: [Colony]   Problem:     Not moving (53s)
[25Sep2026 01:02:56.836] [Server thread/INFO] [ai.minecivilization.events.ModEvents/]: [Colony]   Completed:   0 task(s)   failures 0   cognition idle
[25Sep2026 01:02:56.836] [Server thread/INFO] [ai.minecivilization.events.ModEvents/]: [Colony]   Carrying:    {}
[25Sep2026 01:02:56.836] [Server thread/INFO] [ai.minecivilization.events.ModEvents/]: [Colony] Citizen Lena [CRAFTER]  Stuck
[25Sep2026 01:02:56.836] [Server thread/INFO] [ai.minecivilization.events.ModEvents/]: [Colony]   Goal:        EXPLORE x1 — exploration: survey the land around the colony
[25Sep2026 01:02:56.836] [Server thread/INFO] [ai.minecivilization.events.ModEvents/]: [Colony]   Task:        EXPLORE x1
[25Sep2026 01:02:56.837] [Server thread/INFO] [ai.minecivilization.events.ModEvents/]: [Colony]   Doing:       EXPLORE exploring toward 90,33 (99m, 0 found)
[25Sep2026 01:02:56.837] [Server thread/INFO] [ai.minecivilization.events.ModEvents/]: [Colony]   Priority:    exploration
[25Sep2026 01:02:56.837] [Server thread/INFO] [ai.minecivilization.events.ModEvents/]: [Colony]   Position:    X=-3 Y=74 Z=-1
[25Sep2026 01:02:56.837] [Server thread/INFO] [ai.minecivilization.events.ModEvents/]: [Colony]   Colony:      X=0 Y=70 Z=0  (5m E)
[25Sep2026 01:02:56.837] [Server thread/INFO] [ai.minecivilization.events.ModEvents/]: [Colony]   Condition:   health 39  hunger 51  energy 100
[25Sep2026 01:02:56.837] [Server thread/INFO] [ai.minecivilization.events.ModEvents/]: [Colony]   Because:     survey the land around the colony
[25Sep2026 01:02:56.837] [Server thread/INFO] [ai.minecivilization.events.ModEvents/]: [Colony]   Problem:     Not moving (92s)
[25Sep2026 01:02:56.837] [Server thread/INFO] [ai.minecivilization.events.ModEvents/]: [Colony]   Completed:   0 task(s)   failures 2   cognition idle
[25Sep2026 01:02:56.837] [Server thread/INFO] [ai.minecivilization.events.ModEvents/]: [Colony]   Carrying:    {minecraft:dirt=13}
[25Sep2026 01:02:56.837] [Server thread/INFO] [ai.minecivilization.events.ModEvents/]: [Colony] Citizen Jonas [MINER]  Stuck
[25Sep2026 01:02:56.837] [Server thread/INFO] [ai.minecivilization.events.ModEvents/]: [Colony]   Goal:        INCREASE_RESOURCE oak log x1 — Colony maintenance
[25Sep2026 01:02:56.837] [Server thread/INFO] [ai.minecivilization.events.ModEvents/]: [Colony]   Task:        GATHER oak log x1 @39,76,23
[25Sep2026 01:02:56.837] [Server thread/INFO] [ai.minecivilization.events.ModEvents/]: [Colony]   Doing:       MOVE_TO making a way to 39,76,23
[25Sep2026 01:02:56.837] [Server thread/INFO] [ai.minecivilization.events.ModEvents/]: [Colony]   Priority:    resources
[25Sep2026 01:02:56.837] [Server thread/INFO] [ai.minecivilization.events.ModEvents/]: [Colony]   Position:    X=31 Y=73 Z=19
[25Sep2026 01:02:56.837] [Server thread/INFO] [ai.minecivilization.events.ModEvents/]: [Colony]   Destination: X=39 Y=76 Z=23
[25Sep2026 01:02:56.837] [Server thread/INFO] [ai.minecivilization.events.ModEvents/]: [Colony]   Colony:      X=0 Y=70 Z=0  (36m NW)
[25Sep2026 01:02:56.837] [Server thread/INFO] [ai.minecivilization.events.ModEvents/]: [Colony]   Condition:   health 40  hunger 52  energy 100
[25Sep2026 01:02:56.837] [Server thread/INFO] [ai.minecivilization.events.ModEvents/]: [Colony]   Because:     Use a resource location already discovered nearby
[25Sep2026 01:02:56.837] [Server thread/INFO] [ai.minecivilization.events.ModEvents/]: [Colony]   Problem:     Not moving (94s)
[25Sep2026 01:02:56.837] [Server thread/INFO] [ai.minecivilization.events.ModEvents/]: [Colony]   Last done:   EXPLORE
[25Sep2026 01:02:56.837] [Server thread/INFO] [ai.minecivilization.events.ModEvents/]: [Colony]   Completed:   1 task(s)   failures 1   cognition idle
[25Sep2026 01:02:56.837] [Server thread/INFO] [ai.minecivilization.events.ModEvents/]: [Colony]   Carrying:    {}
[25Sep2026 01:02:56.882] [Server thread/INFO] [ai.minecivilization.citizen.CitizenBrain/]: [Citizen Noor · builder] Goal completed: BUILD_PROJECT minecraft:furnace x1
[25Sep2026 01:02:56.981] [Server thread/INFO] [ai.minecivilization.citizen.CitizenBrain/]: [Citizen Noor · builder] Goal assigned: CRAFT_ITEM minecraft:wooden_sword x1 (ready in hand)
[25Sep2026 01:02:58.432] [Server thread/INFO] [ai.minecivilization.citizen.CitizenBrain/]: [Citizen Ravi · shepherd] task CRAFT failed: TARGET_NOT_FOUND: No reachable minecraft:oak_log (or any substitute) within 48 blocks. (recoverable)
[25Sep2026 01:02:58.481] [Server thread/INFO] [ai.minecivilization.citizen.CitizenBrain/]: [Citizen Ravi · shepherd] Goal assigned: INCREASE_RESOURCE minecraft:oak_log x16 (ready in hand)
[25Sep2026 01:02:59.531] [Server thread/INFO] [ai.minecivilization.citizen.CitizenBrain/]: [Citizen Zoe · miner] dropped GATHER after NOT_MOVING — taking different work
[25Sep2026 01:02:59.582] [Server thread/INFO] [ai.minecivilization.citizen.CitizenBrain/]: [Citizen Zoe · miner] Goal assigned: INCREASE_RESOURCE minecraft:oak_log x16
[25Sep2026 01:03:00.032] [Server thread/INFO] [ai.minecivilization.citizen.CitizenBrain/]: [Citizen Tomas · farmer] task CRAFT failed: TARGET_UNREACHABLE: Could not reach target after 6 repaths. (recoverable)
[25Sep2026 01:03:00.033] [Server thread/INFO] [ai.minecivilization.citizen.CitizenBrain/]: [Citizen Tomas · farmer] goal disengaged after 3 failures
[25Sep2026 01:03:00.082] [Server thread/INFO] [ai.minecivilization.citizen.CitizenBrain/]: [Citizen Tomas · farmer] Goal assigned: CRAFT_ITEM minecraft:chest x2 (ready in hand)
[25Sep2026 01:03:00.432] [Server thread/INFO] [ai.minecivilization.citizen.CitizenBrain/]: [Citizen Ravi · shepherd] task GATHER failed: TARGET_NOT_FOUND: No reachable minecraft:oak_log (or any substitute) within 48 blocks. (recoverable)
[25Sep2026 01:03:00.485] [Server thread/INFO] [ai.minecivilization.citizen.CitizenBrain/]: [Citizen Ravi · shepherd] Goal assigned: INCREASE_RESOURCE minecraft:torch x16 (ready in hand)
[25Sep2026 01:03:00.831] [Server thread/INFO] [ai.minecivilization.citizen.CitizenBrain/]: [Citizen Noor · builder] task CRAFT failed: TARGET_NOT_FOUND: No reachable minecraft:acacia_log (or any substitute) within 48 blocks. (recoverable)
[25Sep2026 01:03:00.881] [Server thread/INFO] [ai.minecivilization.citizen.CitizenBrain/]: [Citizen Noor · builder] Goal assigned: INCREASE_RESOURCE minecraft:oak_log x16 (ready in hand)
[25Sep2026 01:03:02.831] [Server thread/INFO] [ai.minecivilization.citizen.CitizenBrain/]: [Citizen Noor · builder] task GATHER failed: TARGET_NOT_FOUND: No reachable minecraft:oak_log (or any substitute) within 48 blocks. (recoverable)
[25Sep2026 01:03:02.881] [Server thread/INFO] [ai.minecivilization.citizen.CitizenBrain/]: [Citizen Noor · builder] Goal assigned: CRAFT_ITEM minecraft:chest x1 (ready in hand)
[25Sep2026 01:03:04.332] [Server thread/INFO] [ai.minecivilization.citizen.CitizenBrain/]: [Citizen Ravi · shepherd] task CRAFT failed: TARGET_NOT_FOUND: No reachable minecraft:acacia_log (or any substitute) within 48 blocks. (recoverable)
[25Sep2026 01:03:04.381] [Server thread/INFO] [ai.minecivilization.citizen.CitizenBrain/]: [Citizen Ravi · shepherd] Goal assigned: INCREASE_RESOURCE minecraft:oak_log x16 (ready in hand)
[25Sep2026 01:03:05.732] [Server thread/INFO] [ai.minecivilization.citizen.CitizenBrain/]: [Citizen Tomas · farmer] task CRAFT failed: TARGET_UNREACHABLE: Could not reach target after 6 repaths. (recoverable)
[25Sep2026 01:03:06.332] [Server thread/INFO] [ai.minecivilization.citizen.CitizenBrain/]: [Citizen Ravi · shepherd] task GATHER failed: TARGET_NOT_FOUND: No reachable minecraft:oak_log (or any substitute) within 48 blocks. (recoverable)
[25Sep2026 01:03:06.381] [Server thread/INFO] [ai.minecivilization.citizen.CitizenBrain/]: [Citizen Ravi · shepherd] Goal assigned: INCREASE_RESOURCE minecraft:oak_log x16 (ready in hand)
[25Sep2026 01:03:06.731] [Server thread/INFO] [ai.minecivilization.citizen.CitizenBrain/]: [Citizen Noor · builder] task CRAFT failed: TARGET_NOT_FOUND: No reachable minecraft:acacia_log (or any substitute) within 48 blocks. (recoverable)
[25Sep2026 01:03:06.781] [Server thread/INFO] [ai.minecivilization.citizen.CitizenBrain/]: [Citizen Noor · builder] Goal assigned: INCREASE_RESOURCE minecraft:oak_log x16 (ready in hand)
[25Sep2026 01:03:08.341] [Server thread/INFO] [ai.minecivilization.citizen.CitizenBrain/]: [Citizen Ravi · shepherd] task GATHER failed: TARGET_NOT_FOUND: No reachable minecraft:oak_log (or any substitute) within 48 blocks. (recoverable)
[25Sep2026 01:03:08.382] [Server thread/INFO] [ai.minecivilization.citizen.CitizenBrain/]: [Citizen Ravi · shepherd] Goal assigned: CRAFT_ITEM minecraft:chest x1 (ready in hand)
[25Sep2026 01:03:08.731] [Server thread/INFO] [ai.minecivilization.citizen.CitizenBrain/]: [Citizen Noor · builder] task GATHER failed: TARGET_NOT_FOUND: No reachable minecraft:oak_log (or any substitute) within 48 blocks. (recoverable)
[25Sep2026 01:03:08.781] [Server thread/INFO] [ai.minecivilization.citizen.CitizenBrain/]: [Citizen Noor · builder] Goal assigned: INCREASE_RESOURCE minecraft:torch x16 (ready in hand)
[25Sep2026 01:03:11.232] [Server thread/INFO] [ai.minecivilization.citizen.CitizenBrain/]: [Citizen Tomas · farmer] task CRAFT failed: TARGET_UNREACHABLE: Could not reach target after 6 repaths. (recoverable)
[25Sep2026 01:03:12.232] [Server thread/INFO] [ai.minecivilization.citizen.CitizenBrain/]: [Citizen Ravi · shepherd] task CRAFT failed: TARGET_NOT_FOUND: No reachable minecraft:acacia_log (or any substitute) within 48 blocks. (recoverable)
[25Sep2026 01:03:12.281] [Server thread/INFO] [ai.minecivilization.citizen.CitizenBrain/]: [Citizen Ravi · shepherd] Goal assigned: INCREASE_RESOURCE minecraft:oak_log x16 (ready in hand)
[25Sep2026 01:03:12.631] [Server thread/INFO] [ai.minecivilization.citizen.CitizenBrain/]: [Citizen Noor · builder] task CRAFT failed: TARGET_NOT_FOUND: No reachable minecraft:acacia_log (or any substitute) within 48 blocks. (recoverable)
[25Sep2026 01:03:12.681] [Server thread/INFO] [ai.minecivilization.citizen.CitizenBrain/]: [Citizen Noor · builder] Goal assigned: INCREASE_RESOURCE minecraft:oak_log x16 (ready in hand)
[25Sep2026 01:03:14.230] [Server thread/INFO] [ai.minecivilization.citizen.CitizenBrain/]: [Citizen Hugo · farmer] task GATHER failed: TARGET_UNREACHABLE: Could not reach target after 6 repaths. (recoverable)
[25Sep2026 01:03:14.232] [Server thread/INFO] [ai.minecivilization.citizen.CitizenBrain/]: [Citizen Ravi · shepherd] task GATHER failed: TARGET_NOT_FOUND: No reachable minecraft:oak_log (or any substitute) within 48 blocks. (recoverable)
[25Sep2026 01:03:14.285] [Server thread/INFO] [ai.minecivilization.citizen.CitizenBrain/]: [Citizen Ravi · shepherd] Goal assigned: INCREASE_RESOURCE (ready in hand)
[25Sep2026 01:03:14.382] [Server thread/INFO] [ai.minecivilization.citizen.CitizenBrain/]: [Citizen Ravi · shepherd] task BUILD failed: MISSING_RESOURCE: need minecraft:chest for Civic centre marker db920766 (recoverable)
[25Sep2026 01:03:14.533] [Server thread/INFO] [ai.minecivilization.citizen.CitizenBrain/]: [Citizen Ravi · shepherd] Goal assigned: INCREASE_RESOURCE minecraft:wooden_hoe x1 (ready in hand)
[25Sep2026 01:03:14.631] [Server thread/INFO] [ai.minecivilization.citizen.CitizenBrain/]: [Citizen Noor · builder] task GATHER failed: TARGET_NOT_FOUND: No reachable minecraft:oak_log (or any substitute) within 48 blocks. (recoverable)
[25Sep2026 01:03:14.681] [Server thread/INFO] [ai.minecivilization.citizen.CitizenBrain/]: [Citizen Noor · builder] Goal assigned: INCREASE_RESOURCE minecraft:oak_log x16 (ready in hand)
[25Sep2026 01:03:16.631] [Server thread/INFO] [ai.minecivilization.citizen.CitizenBrain/]: [Citizen Noor · builder] task GATHER failed: TARGET_NOT_FOUND: No reachable minecraft:oak_log (or any substitute) within 48 blocks. (recoverable)
[25Sep2026 01:03:16.681] [Server thread/INFO] [ai.minecivilization.citizen.CitizenBrain/]: [Citizen Noor · builder] Goal assigned: INCREASE_RESOURCE (ready in hand)
[25Sep2026 01:03:16.731] [Server thread/INFO] [ai.minecivilization.citizen.CitizenBrain/]: [Citizen Tomas · farmer] task CRAFT failed: TARGET_UNREACHABLE: Could not reach target after 6 repaths. (recoverable)
[25Sep2026 01:03:16.732] [Server thread/INFO] [ai.minecivilization.citizen.CitizenBrain/]: [Citizen Tomas · farmer] goal disengaged after 3 failures
[25Sep2026 01:03:16.781] [Server thread/INFO] [ai.minecivilization.citizen.CitizenBrain/]: [Citizen Noor · builder] task BUILD failed: MISSING_RESOURCE: need minecraft:chest for Civic centre marker db920766 (recoverable)
[25Sep2026 01:03:16.782] [Server thread/INFO] [ai.minecivilization.citizen.CitizenBrain/]: [Citizen Tomas · farmer] Goal assigned: CRAFT_ITEM minecraft:chest x2 (ready in hand)
[25Sep2026 01:03:16.931] [Server thread/INFO] [ai.minecivilization.citizen.CitizenBrain/]: [Citizen Noor · builder] Goal assigned: INCREASE_RESOURCE minecraft:oak_log x1 (ready in hand)
[25Sep2026 01:03:18.381] [Server thread/INFO] [ai.minecivilization.citizen.CitizenBrain/]: [Citizen Ravi · shepherd] task CRAFT failed: TARGET_NOT_FOUND: No reachable minecraft:acacia_log (or any substitute) within 48 blocks. (recoverable)
[25Sep2026 01:03:18.430] [Server thread/INFO] [ai.minecivilization.citizen.CitizenBrain/]: [Citizen Ravi · shepherd] Goal assigned: INCREASE_RESOURCE minecraft:oak_log x16 (ready in hand)
[25Sep2026 01:03:19.381] [Server thread/INFO] [ai.minecivilization.citizen.CitizenBrain/]: [Citizen Lena · crafter] task EXPLORE keeps failing (TARGET_UNREACHABLE) — further repeats will not be logged
[25Sep2026 01:03:19.381] [Server thread/INFO] [ai.minecivilization.citizen.CitizenBrain/]: [Citizen Lena · crafter] goal disengaged after 3 failures
[25Sep2026 01:03:19.431] [Server thread/INFO] [ai.minecivilization.citizen.CitizenBrain/]: [Citizen Lena · crafter] dropped nothing after REPEATED_FAILURE — taking different work
[25Sep2026 01:03:19.432] [Server thread/INFO] [ai.minecivilization.citizen.CitizenBrain/]: [Citizen Lena · crafter] Goal assigned: IDLE
[25Sep2026 01:03:20.331] [Server thread/INFO] [ai.minecivilization.citizen.CitizenBrain/]: [Citizen Jonas · miner] dropped GATHER after NOT_MOVING — taking different work
[25Sep2026 01:03:20.381] [Server thread/INFO] [ai.minecivilization.citizen.CitizenBrain/]: [Citizen Ravi · shepherd] task GATHER failed: TARGET_NOT_FOUND: No reachable minecraft:oak_log (or any substitute) within 48 blocks. (recoverable)
[25Sep2026 01:03:20.382] [Server thread/INFO] [ai.minecivilization.citizen.CitizenBrain/]: [Citizen Jonas · miner] Goal assigned: INCREASE_RESOURCE minecraft:oak_log x16
[25Sep2026 01:03:20.435] [Server thread/INFO] [ai.minecivilization.citizen.CitizenBrain/]: [Citizen Ravi · shepherd] Goal assigned: INCREASE_RESOURCE minecraft:cobblestone x16 (ready in hand)
[25Sep2026 01:03:20.531] [Server thread/INFO] [ai.minecivilization.citizen.CitizenBrain/]: [Citizen Ravi · shepherd] completed GATHER minecraft:cobblestone
[25Sep2026 01:03:20.581] [Server thread/INFO] [ai.minecivilization.citizen.CitizenBrain/]: [Citizen Ravi · shepherd] Goal completed: INCREASE_RESOURCE minecraft:cobblestone x16
[25Sep2026 01:03:20.681] [Server thread/INFO] [ai.minecivilization.citizen.CitizenBrain/]: [Citizen Ravi · shepherd] Goal assigned: CRAFT_ITEM minecraft:chest x1 (ready in hand)
[25Sep2026 01:03:20.682] [Server thread/INFO] [ai.minecivilization.citizen.CitizenBrain/]: [Citizen Mila · builder] task EXPLORE failed: TARGET_UNREACHABLE: Could not reach target after 6 repaths. (recoverable)
[25Sep2026 01:03:21.031] [Server thread/INFO] [ai.minecivilization.citizen.CitizenBrain/]: [Citizen Lena · crafter] completed REST
[25Sep2026 01:03:21.080] [Server thread/INFO] [ai.minecivilization.citizen.CitizenBrain/]: [Citizen Lena · crafter] Goal completed: IDLE
[25Sep2026 01:03:21.131] [Server thread/INFO] [ai.minecivilization.citizen.CitizenBrain/]: [Citizen Lena · crafter] Goal assigned: CRAFT_ITEM minecraft:crafting_table x1 (ready in hand)
[25Sep2026 01:03:22.332] [Server thread/INFO] [ai.minecivilization.citizen.CitizenBrain/]: [Citizen Jonas · miner] task GATHER failed: TARGET_NOT_FOUND: No reachable minecraft:oak_log (or any substitute) within 48 blocks. (recoverable)
[25Sep2026 01:03:22.382] [Server thread/INFO] [ai.minecivilization.citizen.CitizenBrain/]: [Citizen Jonas · miner] Goal assigned: CRAFT_ITEM minecraft:wooden_sword x1 (ready in hand)
[25Sep2026 01:03:22.432] [Server thread/INFO] [ai.minecivilization.citizen.CitizenBrain/]: [Citizen Tomas · farmer] task CRAFT failed: TARGET_UNREACHABLE: Could not reach target after 6 repaths. (recoverable)
[25Sep2026 01:03:24.531] [Server thread/INFO] [ai.minecivilization.citizen.CitizenBrain/]: [Citizen Ravi · shepherd] task CRAFT failed: TARGET_NOT_FOUND: No reachable minecraft:acacia_log (or any substitute) within 48 blocks. (recoverable)
[25Sep2026 01:03:24.581] [Server thread/INFO] [ai.minecivilization.citizen.CitizenBrain/]: [Citizen Ravi · shepherd] Goal assigned: INCREASE_RESOURCE minecraft:oak_log x16 (ready in hand)
[25Sep2026 01:03:26.232] [Server thread/INFO] [ai.minecivilization.citizen.CitizenBrain/]: [Citizen Jonas · miner] task CRAFT failed: TARGET_NOT_FOUND: No reachable minecraft:acacia_log (or any substitute) within 48 blocks. (recoverable)
[25Sep2026 01:03:26.282] [Server thread/INFO] [ai.minecivilization.citizen.CitizenBrain/]: [Citizen Jonas · miner] Goal assigned: INCREASE_RESOURCE minecraft:oak_log x16 (ready in hand)
[25Sep2026 01:03:26.531] [Server thread/INFO] [ai.minecivilization.citizen.CitizenBrain/]: [Citizen Ravi · shepherd] task GATHER failed: TARGET_NOT_FOUND: No reachable minecraft:oak_log (or any substitute) within 48 blocks. (recoverable)
[25Sep2026 01:03:26.581] [Server thread/INFO] [ai.minecivilization.citizen.CitizenBrain/]: [Citizen Ravi · shepherd] Goal assigned: INCREASE_RESOURCE minecraft:oak_log x16 (ready in hand)
[25Sep2026 01:03:27.932] [Server thread/INFO] [ai.minecivilization.citizen.CitizenBrain/]: [Citizen Tomas · farmer] task CRAFT failed: TARGET_UNREACHABLE: Could not reach target after 6 repaths. (recoverable)
[25Sep2026 01:03:28.232] [Server thread/INFO] [ai.minecivilization.citizen.CitizenBrain/]: [Citizen Jonas · miner] task GATHER failed: TARGET_NOT_FOUND: No reachable minecraft:oak_log (or any substitute) within 48 blocks. (recoverable)
[25Sep2026 01:03:28.282] [Server thread/INFO] [ai.minecivilization.citizen.CitizenBrain/]: [Citizen Jonas · miner] Goal assigned: INCREASE_RESOURCE minecraft:cobblestone x32 (ready in hand)
[25Sep2026 01:03:28.533] [Server thread/INFO] [ai.minecivilization.citizen.CitizenBrain/]: [Citizen Ravi · shepherd] task GATHER failed: TARGET_NOT_FOUND: No reachable minecraft:oak_log (or any substitute) within 48 blocks. (recoverable)
[25Sep2026 01:03:28.581] [Server thread/INFO] [ai.minecivilization.citizen.CitizenBrain/]: [Citizen Ravi · shepherd] Goal assigned: CRAFT_ITEM minecraft:shears x1 (ready in hand)
[25Sep2026 01:03:29.681] [Server thread/INFO] [ai.minecivilization.citizen.CitizenBrain/]: [Citizen Zoe · miner] dropped GATHER after NOT_MOVING — taking different work
[25Sep2026 01:03:29.747] [Server thread/INFO] [ai.minecivilization.citizen.CitizenBrain/]: [Citizen Zoe · miner] Goal assigned: INCREASE_RESOURCE minecraft:oak_log x16
[25Sep2026 01:03:32.431] [Server thread/INFO] [ai.minecivilization.citizen.CitizenBrain/]: [Citizen Ravi · shepherd] task CRAFT failed: TARGET_NOT_FOUND: No reachable minecraft:deepslate_iron_ore (or any substitute) within 48 blocks. (recoverable)
[25Sep2026 01:03:32.480] [Server thread/INFO] [ai.minecivilization.citizen.CitizenBrain/]: [Citizen Ravi · shepherd] Goal assigned: INCREASE_RESOURCE minecraft:oak_log x16 (ready in hand)
[25Sep2026 01:03:33.431] [Server thread/INFO] [ai.minecivilization.citizen.CitizenBrain/]: [Citizen Tomas · farmer] task CRAFT failed: TARGET_UNREACHABLE: Could not reach target after 6 repaths. (recoverable)
[25Sep2026 01:03:33.432] [Server thread/INFO] [ai.minecivilization.citizen.CitizenBrain/]: [Citizen Tomas · farmer] goal disengaged after 3 failures
[25Sep2026 01:03:33.481] [Server thread/INFO] [ai.minecivilization.citizen.CitizenBrain/]: [Citizen Tomas · farmer] Goal assigned: CRAFT_ITEM minecraft:chest x2 (ready in hand)
[25Sep2026 01:03:34.431] [Server thread/INFO] [ai.minecivilization.citizen.CitizenBrain/]: [Citizen Ravi · shepherd] task GATHER failed: TARGET_NOT_FOUND: No reachable minecraft:oak_log (or any substitute) within 48 blocks. (recoverable)
[25Sep2026 01:03:34.481] [Server thread/INFO] [ai.minecivilization.citizen.CitizenBrain/]: [Citizen Ravi · shepherd] Goal assigned: CRAFT_ITEM minecraft:oak_stairs x32 (ready in hand)
[25Sep2026 01:03:38.331] [Server thread/INFO] [ai.minecivilization.citizen.CitizenBrain/]: [Citizen Ravi · shepherd] task CRAFT failed: TARGET_NOT_FOUND: No reachable minecraft:oak_log (or any substitute) within 48 blocks. (recoverable)
[25Sep2026 01:03:38.380] [Server thread/INFO] [ai.minecivilization.citizen.CitizenBrain/]: [Citizen Ravi · shepherd] Goal assigned: INCREASE_RESOURCE minecraft:oak_log x16 (ready in hand)
[25Sep2026 01:03:39.131] [Server thread/INFO] [ai.minecivilization.citizen.CitizenBrain/]: [Citizen Tomas · farmer] task CRAFT failed: TARGET_UNREACHABLE: Could not reach target after 6 repaths. (recoverable)
[25Sep2026 01:03:40.331] [Server thread/INFO] [ai.minecivilization.citizen.CitizenBrain/]: [Citizen Ravi · shepherd] task GATHER failed: TARGET_NOT_FOUND: No reachable minecraft:oak_log (or any substitute) within 48 blocks. (recoverable)
[25Sep2026 01:03:40.382] [Server thread/INFO] [ai.minecivilization.citizen.CitizenBrain/]: [Citizen Ravi · shepherd] Goal assigned: EXPLORE x1 (ready in hand)
[25Sep2026 01:03:42.031] [Server thread/INFO] [ai.minecivilization.citizen.CitizenBrain/]: [Citizen Ravi · shepherd] task EXPLORE failed: TARGET_UNREACHABLE: Could not reach target after 6 repaths. (recoverable)
[25Sep2026 01:03:42.980] [Server thread/INFO] [ai.minecivilization.citizen.CitizenBrain/]: [Citizen Ravi · shepherd] task EXPLORE failed: TARGET_UNREACHABLE: Could not reach target after 6 repaths. (recoverable)
[25Sep2026 01:03:43.930] [Server thread/INFO] [ai.minecivilization.citizen.CitizenBrain/]: [Citizen Ravi · shepherd] task EXPLORE keeps failing (TARGET_UNREACHABLE) — further repeats will not be logged
[25Sep2026 01:03:43.931] [Server thread/INFO] [ai.minecivilization.citizen.CitizenBrain/]: [Citizen Ravi · shepherd] goal disengaged after 3 failures
[25Sep2026 01:03:43.980] [Server thread/INFO] [ai.minecivilization.citizen.CitizenBrain/]: [Citizen Ravi · shepherd] dropped nothing after REPEATED_FAILURE — taking different work
[25Sep2026 01:03:43.982] [Server thread/INFO] [ai.minecivilization.citizen.CitizenBrain/]: [Citizen Ravi · shepherd] Goal assigned: INCREASE_RESOURCE minecraft:cobblestone x16 (ready in hand)
[25Sep2026 01:03:44.080] [Server thread/INFO] [ai.minecivilization.citizen.CitizenBrain/]: [Citizen Ravi · shepherd] completed GATHER minecraft:cobblestone
[25Sep2026 01:03:44.130] [Server thread/INFO] [ai.minecivilization.citizen.CitizenBrain/]: [Citizen Ravi · shepherd] Goal completed: INCREASE_RESOURCE minecraft:cobblestone x16
[25Sep2026 01:03:44.231] [Server thread/INFO] [ai.minecivilization.citizen.CitizenBrain/]: [Citizen Ravi · shepherd] Goal assigned: EXPLORE x1 (ready in hand)
[25Sep2026 01:03:44.631] [Server thread/INFO] [ai.minecivilization.citizen.CitizenBrain/]: [Citizen Tomas · farmer] task CRAFT failed: TARGET_UNREACHABLE: Could not reach target after 6 repaths. (recoverable)
[25Sep2026 01:03:45.231] [Server thread/INFO] [ai.minecivilization.citizen.CitizenBrain/]: [Citizen Ravi · shepherd] task EXPLORE failed: TARGET_UNREACHABLE: Could not reach target after 6 repaths. (recoverable)
[25Sep2026 01:03:46.181] [Server thread/INFO] [ai.minecivilization.citizen.CitizenBrain/]: [Citizen Ravi · shepherd] task EXPLORE failed: TARGET_UNREACHABLE: Could not reach target after 6 repaths. (recoverable)
[25Sep2026 01:03:47.131] [Server thread/INFO] [ai.minecivilization.citizen.CitizenBrain/]: [Citizen Ravi · shepherd] task EXPLORE keeps failing (TARGET_UNREACHABLE) — further repeats will not be logged
[25Sep2026 01:03:47.131] [Server thread/INFO] [ai.minecivilization.citizen.CitizenBrain/]: [Citizen Ravi · shepherd] goal disengaged after 3 failures
[25Sep2026 01:03:47.189] [Server thread/INFO] [ai.minecivilization.citizen.CitizenBrain/]: [Citizen Ravi · shepherd] dropped nothing after REPEATED_FAILURE — taking different work
[25Sep2026 01:03:47.190] [Server thread/INFO] [ai.minecivilization.citizen.CitizenBrain/]: [Citizen Ravi · shepherd] Goal assigned: INCREASE_RESOURCE minecraft:dirt x16 (ready in hand)
[25Sep2026 01:03:47.481] [Server thread/INFO] [ai.minecivilization.citizen.CitizenBrain/]: [Citizen Mila · builder] task EXPLORE keeps failing (TARGET_UNREACHABLE) — further repeats will not be logged
[25Sep2026 01:03:47.481] [Server thread/INFO] [ai.minecivilization.citizen.CitizenBrain/]: [Citizen Mila · builder] goal disengaged after 3 failures
[25Sep2026 01:03:47.531] [Server thread/INFO] [ai.minecivilization.citizen.CitizenBrain/]: [Citizen Mila · builder] dropped nothing after REPEATED_FAILURE — taking different work
[25Sep2026 01:03:47.531] [Server thread/INFO] [ai.minecivilization.citizen.CitizenBrain/]: [Citizen Mila · builder] Goal assigned: IDLE
[25Sep2026 01:03:49.130] [Server thread/INFO] [ai.minecivilization.citizen.CitizenBrain/]: [Citizen Mila · builder] completed REST
[25Sep2026 01:03:49.198] [Server thread/INFO] [ai.minecivilization.citizen.CitizenBrain/]: [Citizen Mila · builder] Goal completed: IDLE
[25Sep2026 01:03:49.231] [Server thread/INFO] [ai.minecivilization.citizen.CitizenBrain/]: [Citizen Mila · builder] Goal assigned: CRAFT_ITEM minecraft:wooden_sword x1 (ready in hand)
[25Sep2026 01:03:50.131] [Server thread/INFO] [ai.minecivilization.citizen.CitizenBrain/]: [Citizen Tomas · farmer] task CRAFT failed: TARGET_UNREACHABLE: Could not reach target after 6 repaths. (recoverable)
[25Sep2026 01:03:50.131] [Server thread/INFO] [ai.minecivilization.citizen.CitizenBrain/]: [Citizen Tomas · farmer] goal disengaged after 3 failures
[25Sep2026 01:03:50.181] [Server thread/INFO] [ai.minecivilization.citizen.CitizenBrain/]: [Citizen Tomas · farmer] Goal assigned: CRAFT_ITEM minecraft:chest x2 (ready in hand)
[25Sep2026 01:03:53.081] [Server thread/INFO] [ai.minecivilization.citizen.CitizenBrain/]: [Citizen Mila · builder] task CRAFT failed: TARGET_NOT_FOUND: No reachable minecraft:acacia_log (or any substitute) within 48 blocks. (recoverable)
[25Sep2026 01:03:53.131] [Server thread/INFO] [ai.minecivilization.citizen.CitizenBrain/]: [Citizen Mila · builder] Goal assigned: INCREASE_RESOURCE minecraft:oak_log x16 (ready in hand)
[25Sep2026 01:03:55.099] [Server thread/INFO] [ai.minecivilization.citizen.CitizenBrain/]: [Citizen Mila · builder] task GATHER failed: TARGET_NOT_FOUND: No reachable minecraft:oak_log (or any substitute) within 48 blocks. (recoverable)
[25Sep2026 01:03:55.131] [Server thread/INFO] [ai.minecivilization.citizen.CitizenBrain/]: [Citizen Mila · builder] Goal assigned: CRAFT_ITEM minecraft:oak_stairs x32 (ready in hand)
[25Sep2026 01:03:55.831] [Server thread/INFO] [ai.minecivilization.citizen.CitizenBrain/]: [Citizen Tomas · farmer] task CRAFT failed: TARGET_UNREACHABLE: Could not reach target after 6 repaths. (recoverable)
[25Sep2026 01:03:56.833] [Server thread/INFO] [ai.minecivilization.events.ModEvents/]: [Colony] Colony — day 0, 10 citizen(s), 80% busy, 10 building, 3 road(s)
[25Sep2026 01:03:56.833] [Server thread/INFO] [ai.minecivilization.events.ModEvents/]: [Colony] 80% busy — working 8 building 0 exploring 0 returning 0 idle 0 stuck 2 lost 0
[25Sep2026 01:03:56.833] [Server thread/INFO] [ai.minecivilization.events.ModEvents/]: [Colony] time spent (3364s observed, 1% wasted): 35% walking  19% searching  18% making a way  10% exploring  8% crafting  5% mining  2% hauling  2% felling  1% no work
[25Sep2026 01:03:56.833] [Server thread/INFO] [ai.minecivilization.events.ModEvents/]: [Colony] 17 district(s), 0 container(s), 0 bed(s), 0 sign(s), 3 road(s), food 0 — growth: needs 11 beds, has 0
[25Sep2026 01:03:56.833] [Server thread/INFO] [ai.minecivilization.events.ModEvents/]: [Colony]   build Civic centre marker db920766 [WAITING_FOR_RESOURCES] 0% at -7,76,-7  waiting for 2x chest
[25Sep2026 01:03:56.833] [Server thread/INFO] [ai.minecivilization.events.ModEvents/]: [Colony]   build Town Hall [PLANNED] 0% at 1,73,1
[25Sep2026 01:03:56.833] [Server thread/INFO] [ai.minecivilization.events.ModEvents/]: [Colony]   build Oak House 1 [PLANNED] 0% at 7,70,18
[25Sep2026 01:03:56.833] [Server thread/INFO] [ai.minecivilization.events.ModEvents/]: [Colony]   build Warehouse district marker d1c79ed2 [PLANNED] 0% at -27,74,-7
[25Sep2026 01:03:56.833] [Server thread/INFO] [ai.minecivilization.events.ModEvents/]: [Colony]   build Warehouse 1 [PLANNED] 0% at -20,71,0
[25Sep2026 01:03:56.833] [Server thread/INFO] [ai.minecivilization.events.ModEvents/]: [Colony]   build Oak House 2 [PLANNED] 0% at 25,70,18
[25Sep2026 01:03:56.833] [Server thread/INFO] [ai.minecivilization.events.ModEvents/]: [Colony]   build Warehouse 2 [PLANNED] 0% at -32,72,0
[25Sep2026 01:03:56.833] [Server thread/INFO] [ai.minecivilization.events.ModEvents/]: [Colony]   build Oak House 3 [PLANNED] 0% at 43,76,18
[25Sep2026 01:03:56.833] [Server thread/INFO] [ai.minecivilization.events.ModEvents/]: [Colony]   build Oak House 4 [PLANNED] 0% at 61,79,18
[25Sep2026 01:03:56.833] [Server thread/INFO] [ai.minecivilization.events.ModEvents/]: [Colony]   build Oak House 5 [PLANNED] 0% at 79,72,18
[25Sep2026 01:03:56.833] [Server thread/INFO] [ai.minecivilization.events.ModEvents/]: [Colony]   Marie        LUMBERJACK  Working   CRAFT furnace x1       at 31,73,19  36m NW
[25Sep2026 01:03:56.833] [Server thread/INFO] [ai.minecivilization.events.ModEvents/]: [Colony]   Zoe          MINER       Working   GATHER oak log x16     at -48,72,-6  48m E
[25Sep2026 01:03:56.833] [Server thread/INFO] [ai.minecivilization.events.ModEvents/]: [Colony]   Hugo         FARMER      Stuck     GATHER oak log x1 @39,76,23 at 31,73,19  36m NW  ! Not moving
[25Sep2026 01:03:56.833] [Server thread/INFO] [ai.minecivilization.events.ModEvents/]: [Colony]   Noor         BUILDER     Stuck     GATHER oak log x1 @39,76,23 at 31,73,19  36m NW  ! Not moving
[25Sep2026 01:03:56.833] [Server thread/INFO] [ai.minecivilization.events.ModEvents/]: [Colony]   Lena         CRAFTER     Working   CRAFT crafting table x1 at -3,74,-1  5m E
[25Sep2026 01:03:56.833] [Server thread/INFO] [ai.minecivilization.events.ModEvents/]: [Colony]   Ravi         SHEPHERD    Working   GATHER dirt x16        at -1,65,-4  6m S
[25Sep2026 01:03:56.833] [Server thread/INFO] [ai.minecivilization.events.ModEvents/]: [Colony]   Sam          LUMBERJACK  Working   CRAFT wooden sword x1  at -14,73,37  39m N
[25Sep2026 01:03:56.833] [Server thread/INFO] [ai.minecivilization.events.ModEvents/]: [Colony]   Jonas        MINER       Working   GATHER cobblestone x32 at 31,73,19  36m NW
[25Sep2026 01:03:56.833] [Server thread/INFO] [ai.minecivilization.events.ModEvents/]: [Colony]   Tomas        FARMER      Working   CRAFT chest x2         at 1,67,-1  3m SW
[25Sep2026 01:03:56.834] [Server thread/INFO] [ai.minecivilization.events.ModEvents/]: [Colony]   Mila         BUILDER     Working   CRAFT oak stairs x32   at -1,67,-4  5m S
[25Sep2026 01:03:56.834] [Server thread/INFO] [ai.minecivilization.events.ModEvents/]: [Colony] Citizen Hugo [FARMER]  Stuck
[25Sep2026 01:03:56.834] [Server thread/INFO] [ai.minecivilization.events.ModEvents/]: [Colony]   Goal:        INCREASE_RESOURCE oak log x1 — Colony maintenance
[25Sep2026 01:03:56.834] [Server thread/INFO] [ai.minecivilization.events.ModEvents/]: [Colony]   Task:        GATHER oak log x1 @39,76,23
[25Sep2026 01:03:56.834] [Server thread/INFO] [ai.minecivilization.events.ModEvents/]: [Colony]   Doing:       TRAVERSE STEP_UP 1/9
[25Sep2026 01:03:56.834] [Server thread/INFO] [ai.minecivilization.events.ModEvents/]: [Colony]   Priority:    resources
[25Sep2026 01:03:56.834] [Server thread/INFO] [ai.minecivilization.events.ModEvents/]: [Colony]   Position:    X=31 Y=73 Z=19
[25Sep2026 01:03:56.834] [Server thread/INFO] [ai.minecivilization.events.ModEvents/]: [Colony]   Destination: X=39 Y=76 Z=23
[25Sep2026 01:03:56.834] [Server thread/INFO] [ai.minecivilization.events.ModEvents/]: [Colony]   Colony:      X=0 Y=70 Z=0  (36m NW)
[25Sep2026 01:03:56.834] [Server thread/INFO] [ai.minecivilization.events.ModEvents/]: [Colony]   Condition:   health 40  hunger 41  energy 100
[25Sep2026 01:03:56.834] [Server thread/INFO] [ai.minecivilization.events.ModEvents/]: [Colony]   Because:     Use a resource location already discovered nearby
[25Sep2026 01:03:56.834] [Server thread/INFO] [ai.minecivilization.events.ModEvents/]: [Colony]   Problem:     Not moving (113s)
[25Sep2026 01:03:56.834] [Server thread/INFO] [ai.minecivilization.events.ModEvents/]: [Colony]   Completed:   0 task(s)   failures 1   cognition idle
[25Sep2026 01:03:56.834] [Server thread/INFO] [ai.minecivilization.events.ModEvents/]: [Colony]   Carrying:    {}
[25Sep2026 01:03:56.834] [Server thread/INFO] [ai.minecivilization.events.ModEvents/]: [Colony] Citizen Noor [BUILDER]  Stuck
[25Sep2026 01:03:56.834] [Server thread/INFO] [ai.minecivilization.events.ModEvents/]: [Colony]   Goal:        INCREASE_RESOURCE oak log x1 — Colony maintenance
[25Sep2026 01:03:56.834] [Server thread/INFO] [ai.minecivilization.events.ModEvents/]: [Colony]   Task:        GATHER oak log x1 @39,76,23
[25Sep2026 01:03:56.834] [Server thread/INFO] [ai.minecivilization.events.ModEvents/]: [Colony]   Doing:       MOVE_TO making a way to 39,76,23
[25Sep2026 01:03:56.834] [Server thread/INFO] [ai.minecivilization.events.ModEvents/]: [Colony]   Priority:    resources
[25Sep2026 01:03:56.834] [Server thread/INFO] [ai.minecivilization.events.ModEvents/]: [Colony]   Position:    X=31 Y=73 Z=19
[25Sep2026 01:03:56.834] [Server thread/INFO] [ai.minecivilization.events.ModEvents/]: [Colony]   Destination: X=39 Y=76 Z=23
[25Sep2026 01:03:56.834] [Server thread/INFO] [ai.minecivilization.events.ModEvents/]: [Colony]   Colony:      X=0 Y=70 Z=0  (36m NW)
[25Sep2026 01:03:56.834] [Server thread/INFO] [ai.minecivilization.events.ModEvents/]: [Colony]   Condition:   health 40  hunger 42  energy 100
[25Sep2026 01:03:56.834] [Server thread/INFO] [ai.minecivilization.events.ModEvents/]: [Colony]   Because:     Use a resource location already discovered nearby
[25Sep2026 01:03:56.834] [Server thread/INFO] [ai.minecivilization.events.ModEvents/]: [Colony]   Problem:     Not moving (39s)
[25Sep2026 01:03:56.834] [Server thread/INFO] [ai.minecivilization.events.ModEvents/]: [Colony]   Last done:   PLACE minecraft:furnace
[25Sep2026 01:03:56.834] [Server thread/INFO] [ai.minecivilization.events.ModEvents/]: [Colony]   Completed:   3 task(s)   failures 0   cognition idle
[25Sep2026 01:03:56.834] [Server thread/INFO] [ai.minecivilization.events.ModEvents/]: [Colony]   Carrying:    {minecraft:cobblestone=8}
[25Sep2026 01:03:58.982] [Server thread/INFO] [ai.minecivilization.citizen.CitizenBrain/]: [Citizen Mila · builder] task CRAFT failed: TARGET_NOT_FOUND: No reachable minecraft:oak_log (or any substitute) within 48 blocks. (recoverable)
[25Sep2026 01:03:59.031] [Server thread/INFO] [ai.minecivilization.citizen.CitizenBrain/]: [Citizen Mila · builder] Goal assigned: INCREASE_RESOURCE minecraft:oak_log x16 (ready in hand)
[25Sep2026 01:03:59.180] [Server thread/INFO] [ai.minecivilization.citizen.CitizenBrain/]: [Citizen Hugo · farmer] dropped GATHER after NOT_MOVING — taking different work
[25Sep2026 01:03:59.232] [Server thread/INFO] [ai.minecivilization.citizen.CitizenBrain/]: [Citizen Hugo · farmer] Goal assigned: INCREASE_RESOURCE minecraft:oak_log x16
[25Sep2026 01:03:59.830] [Server thread/INFO] [ai.minecivilization.citizen.CitizenBrain/]: [Citizen Zoe · miner] dropped GATHER after NOT_MOVING — taking different work
[25Sep2026 01:03:59.882] [Server thread/INFO] [ai.minecivilization.citizen.CitizenBrain/]: [Citizen Zoe · miner] Goal assigned: INCREASE_RESOURCE minecraft:oak_log x16
[25Sep2026 01:04:01.000] [Server thread/INFO] [ai.minecivilization.citizen.CitizenBrain/]: [Citizen Mila · builder] task GATHER failed: TARGET_NOT_FOUND: No reachable minecraft:oak_log (or any substitute) within 48 blocks. (recoverable)
[25Sep2026 01:04:01.032] [Server thread/INFO] [ai.minecivilization.citizen.CitizenBrain/]: [Citizen Mila · builder] Goal assigned: CRAFT_ITEM minecraft:chest x1 (ready in hand)
[25Sep2026 01:04:01.181] [Server thread/INFO] [ai.minecivilization.citizen.CitizenBrain/]: [Citizen Hugo · farmer] task GATHER failed: TARGET_NOT_FOUND: No reachable minecraft:oak_log (or any substitute) within 48 blocks. (recoverable)
[25Sep2026 01:04:01.230] [Server thread/INFO] [ai.minecivilization.citizen.CitizenBrain/]: [Citizen Hugo · farmer] Goal assigned: CRAFT_ITEM minecraft:wooden_hoe x1 (ready in hand)
[25Sep2026 01:04:01.331] [Server thread/INFO] [ai.minecivilization.citizen.CitizenBrain/]: [Citizen Tomas · farmer] task CRAFT failed: TARGET_UNREACHABLE: Could not reach target after 6 repaths. (recoverable)
[25Sep2026 01:04:03.481] [Server thread/INFO] [ai.minecivilization.citizen.CitizenBrain/]: [Citizen Sam · lumberjack] task CRAFT failed: TARGET_UNREACHABLE: Could not reach target after 6 repaths. (recoverable)
[25Sep2026 01:04:04.883] [Server thread/INFO] [ai.minecivilization.citizen.CitizenBrain/]: [Citizen Mila · builder] task CRAFT failed: TARGET_NOT_FOUND: No reachable minecraft:acacia_log (or any substitute) within 48 blocks. (recoverable)
[25Sep2026 01:04:04.932] [Server thread/INFO] [ai.minecivilization.citizen.CitizenBrain/]: [Citizen Mila · builder] Goal assigned: INCREASE_RESOURCE minecraft:oak_log x16 (ready in hand)
[25Sep2026 01:04:05.031] [Server thread/INFO] [ai.minecivilization.citizen.CitizenBrain/]: [Citizen Ravi · shepherd] completed GATHER minecraft:dirt
[25Sep2026 01:04:05.081] [Server thread/INFO] [ai.minecivilization.citizen.CitizenBrain/]: [Citizen Hugo · farmer] task CRAFT failed: TARGET_NOT_FOUND: No reachable minecraft:acacia_log (or any substitute) within 48 blocks. (recoverable)
[25Sep2026 01:04:05.081] [Server thread/INFO] [ai.minecivilization.citizen.CitizenBrain/]: [Citizen Ravi · shepherd] Goal completed: INCREASE_RESOURCE minecraft:dirt x16
[25Sep2026 01:04:05.081] [Server thread/INFO] [ai.minecivilization.citizen.CitizenBrain/]: [Citizen Ravi · shepherd] Goal assigned: INCREASE_RESOURCE minecraft:oak_log x16 (ready in hand)
[25Sep2026 01:04:05.131] [Server thread/INFO] [ai.minecivilization.citizen.CitizenBrain/]: [Citizen Hugo · farmer] Goal assigned: INCREASE_RESOURCE minecraft:oak_log x16 (ready in hand)
[25Sep2026 01:04:06.832] [Server thread/INFO] [ai.minecivilization.citizen.CitizenBrain/]: [Citizen Tomas · farmer] task CRAFT failed: TARGET_UNREACHABLE: Could not reach target after 6 repaths. (recoverable)
[25Sep2026 01:04:06.832] [Server thread/INFO] [ai.minecivilization.citizen.CitizenBrain/]: [Citizen Tomas · farmer] goal disengaged after 3 failures
[25Sep2026 01:04:06.882] [Server thread/INFO] [ai.minecivilization.citizen.CitizenBrain/]: [Citizen Tomas · farmer] Goal assigned: CRAFT_ITEM minecraft:chest x2 (ready in hand)
[25Sep2026 01:04:06.883] [Server thread/INFO] [ai.minecivilization.citizen.CitizenBrain/]: [Citizen Mila · builder] task GATHER failed: TARGET_NOT_FOUND: No reachable minecraft:oak_log (or any substitute) within 48 blocks. (recoverable)
[25Sep2026 01:04:06.933] [Server thread/INFO] [ai.minecivilization.citizen.CitizenBrain/]: [Citizen Mila · builder] Goal assigned: INCREASE_RESOURCE minecraft:torch x16 (ready in hand)
[25Sep2026 01:04:07.032] [Server thread/INFO] [ai.minecivilization.citizen.CitizenBrain/]: [Citizen Ravi · shepherd] task GATHER failed: TARGET_NOT_FOUND: No reachable minecraft:oak_log (or any substitute) within 48 blocks. (recoverable)
[25Sep2026 01:04:07.081] [Server thread/INFO] [ai.minecivilization.citizen.CitizenBrain/]: [Citizen Hugo · farmer] task GATHER failed: TARGET_NOT_FOUND: No reachable minecraft:oak_log (or any substitute) within 48 blocks. (recoverable)
[25Sep2026 01:04:07.081] [Server thread/INFO] [ai.minecivilization.citizen.CitizenBrain/]: [Citizen Ravi · shepherd] Goal assigned: INCREASE_RESOURCE minecraft:oak_log x16 (ready in hand)
[25Sep2026 01:04:07.130] [Server thread/INFO] [ai.minecivilization.citizen.CitizenBrain/]: [Citizen Marie · lumberjack] task CRAFT failed: TARGET_UNREACHABLE: Could not reach target after 6 repaths. (recoverable)
[25Sep2026 01:04:07.132] [Server thread/INFO] [ai.minecivilization.citizen.CitizenBrain/]: [Citizen Hugo · farmer] Goal assigned: EXPLORE x1 (ready in hand)
[25Sep2026 01:04:09.031] [Server thread/INFO] [ai.minecivilization.citizen.CitizenBrain/]: [Citizen Ravi · shepherd] task GATHER failed: TARGET_NOT_FOUND: No reachable minecraft:oak_log (or any substitute) within 48 blocks. (recoverable)
[25Sep2026 01:04:09.081] [Server thread/INFO] [ai.minecivilization.citizen.CitizenBrain/]: [Citizen Ravi · shepherd] Goal assigned: CRAFT_ITEM minecraft:shears x1 (ready in hand)
[25Sep2026 01:04:10.783] [Server thread/INFO] [ai.minecivilization.citizen.CitizenBrain/]: [Citizen Mila · builder] task CRAFT failed: TARGET_NOT_FOUND: No reachable minecraft:acacia_log (or any substitute) within 48 blocks. (recoverable)
[25Sep2026 01:04:10.832] [Server thread/INFO] [ai.minecivilization.citizen.CitizenBrain/]: [Citizen Mila · builder] Goal assigned: INCREASE_RESOURCE minecraft:oak_log x16 (ready in hand)
[25Sep2026 01:04:12.531] [Server thread/INFO] [ai.minecivilization.citizen.CitizenBrain/]: [Citizen Tomas · farmer] task CRAFT failed: TARGET_UNREACHABLE: Could not reach target after 6 repaths. (recoverable)
[25Sep2026 01:04:12.782] [Server thread/INFO] [ai.minecivilization.citizen.CitizenBrain/]: [Citizen Mila · builder] task GATHER failed: TARGET_NOT_FOUND: No reachable minecraft:oak_log (or any substitute) within 48 blocks. (recoverable)
[25Sep2026 01:04:12.832] [Server thread/INFO] [ai.minecivilization.citizen.CitizenBrain/]: [Citizen Mila · builder] Goal assigned: INCREASE_RESOURCE minecraft:oak_log x16 (ready in hand)
[25Sep2026 01:04:12.931] [Server thread/INFO] [ai.minecivilization.citizen.CitizenBrain/]: [Citizen Ravi · shepherd] task CRAFT failed: TARGET_NOT_FOUND: No reachable minecraft:deepslate_iron_ore (or any substitute) within 48 blocks. (recoverable)
[25Sep2026 01:04:12.980] [Server thread/INFO] [ai.minecivilization.citizen.CitizenBrain/]: [Citizen Ravi · shepherd] Goal assigned: INCREASE_RESOURCE minecraft:oak_log x16 (ready in hand)
[25Sep2026 01:04:14.782] [Server thread/INFO] [ai.minecivilization.citizen.CitizenBrain/]: [Citizen Mila · builder] task GATHER failed: TARGET_NOT_FOUND: No reachable minecraft:oak_log (or any substitute) within 48 blocks. (recoverable)
[25Sep2026 01:04:14.832] [Server thread/INFO] [ai.minecivilization.citizen.CitizenBrain/]: [Citizen Mila · builder] Goal assigned: INCREASE_RESOURCE (ready in hand)
[25Sep2026 01:04:14.931] [Server thread/INFO] [ai.minecivilization.citizen.CitizenBrain/]: [Citizen Ravi · shepherd] task GATHER failed: TARGET_NOT_FOUND: No reachable minecraft:oak_log (or any substitute) within 48 blocks. (recoverable)
[25Sep2026 01:04:14.948] [Server thread/INFO] [ai.minecivilization.citizen.CitizenBrain/]: [Citizen Mila · builder] task BUILD failed: MISSING_RESOURCE: need minecraft:chest for Civic centre marker db920766 (recoverable)
[25Sep2026 01:04:14.980] [Server thread/INFO] [ai.minecivilization.citizen.CitizenBrain/]: [Citizen Ravi · shepherd] Goal assigned: CRAFT_ITEM minecraft:oak_stairs x32 (ready in hand)
[25Sep2026 01:04:15.081] [Server thread/INFO] [ai.minecivilization.citizen.CitizenBrain/]: [Citizen Mila · builder] Goal assigned: INCREASE_RESOURCE minecraft:wooden_hoe x1 (ready in hand)
[25Sep2026 01:04:18.031] [Server thread/INFO] [ai.minecivilization.citizen.CitizenBrain/]: [Citizen Tomas · farmer] task CRAFT failed: TARGET_UNREACHABLE: Could not reach target after 6 repaths. (recoverable)
[25Sep2026 01:04:18.831] [Server thread/INFO] [ai.minecivilization.citizen.CitizenBrain/]: [Citizen Ravi · shepherd] task CRAFT failed: TARGET_NOT_FOUND: No reachable minecraft:oak_log (or any substitute) within 48 blocks. (recoverable)
[25Sep2026 01:04:18.880] [Server thread/INFO] [ai.minecivilization.citizen.CitizenBrain/]: [Citizen Ravi · shepherd] Goal assigned: INCREASE_RESOURCE minecraft:oak_log x16 (ready in hand)
[25Sep2026 01:04:18.932] [Server thread/INFO] [ai.minecivilization.citizen.CitizenBrain/]: [Citizen Mila · builder] task CRAFT failed: TARGET_NOT_FOUND: No reachable minecraft:acacia_log (or any substitute) within 48 blocks. (recoverable)
[25Sep2026 01:04:18.981] [Server thread/INFO] [ai.minecivilization.citizen.CitizenBrain/]: [Citizen Mila · builder] Goal assigned: INCREASE_RESOURCE minecraft:oak_log x16 (ready in hand)
[25Sep2026 01:04:20.831] [Server thread/INFO] [ai.minecivilization.citizen.CitizenBrain/]: [Citizen Ravi · shepherd] task GATHER failed: TARGET_NOT_FOUND: No reachable minecraft:oak_log (or any substitute) within 48 blocks. (recoverable)
[25Sep2026 01:04:20.880] [Server thread/INFO] [ai.minecivilization.citizen.CitizenBrain/]: [Citizen Ravi · shepherd] Goal assigned: INCREASE_RESOURCE minecraft:oak_log x16 (ready in hand)
[25Sep2026 01:04:20.932] [Server thread/INFO] [ai.minecivilization.citizen.CitizenBrain/]: [Citizen Mila · builder] task GATHER failed: TARGET_NOT_FOUND: No reachable minecraft:oak_log (or any substitute) within 48 blocks. (recoverable)
[25Sep2026 01:04:20.982] [Server thread/INFO] [ai.minecivilization.citizen.CitizenBrain/]: [Citizen Mila · builder] Goal assigned: INCREASE_RESOURCE minecraft:dirt x16 (ready in hand)
[25Sep2026 01:04:22.831] [Server thread/INFO] [ai.minecivilization.citizen.CitizenBrain/]: [Citizen Ravi · shepherd] task GATHER failed: TARGET_NOT_FOUND: No reachable minecraft:oak_log (or any substitute) within 48 blocks. (recoverable)
[25Sep2026 01:04:22.881] [Server thread/INFO] [ai.minecivilization.citizen.CitizenBrain/]: [Citizen Ravi · shepherd] Goal assigned: CRAFT_ITEM minecraft:chest x1 (ready in hand)
[25Sep2026 01:04:23.531] [Server thread/INFO] [ai.minecivilization.citizen.CitizenBrain/]: [Citizen Tomas · farmer] task CRAFT failed: TARGET_UNREACHABLE: Could not reach target after 6 repaths. (recoverable)
[25Sep2026 01:04:23.531] [Server thread/INFO] [ai.minecivilization.citizen.CitizenBrain/]: [Citizen Tomas · farmer] goal disengaged after 3 failures
[25Sep2026 01:04:23.581] [Server thread/INFO] [ai.minecivilization.citizen.CitizenBrain/]: [Citizen Tomas · farmer] Goal assigned: CRAFT_ITEM minecraft:chest x2 (ready in hand)
[25Sep2026 01:04:26.731] [Server thread/INFO] [ai.minecivilization.citizen.CitizenBrain/]: [Citizen Ravi · shepherd] task CRAFT failed: TARGET_NOT_FOUND: No reachable minecraft:acacia_log (or any substitute) within 48 blocks. (recoverable)
[25Sep2026 01:04:26.780] [Server thread/INFO] [ai.minecivilization.citizen.CitizenBrain/]: [Citizen Ravi · shepherd] Goal assigned: INCREASE_RESOURCE minecraft:oak_log x16 (ready in hand)
[25Sep2026 01:04:28.731] [Server thread/INFO] [ai.minecivilization.citizen.CitizenBrain/]: [Citizen Ravi · shepherd] task GATHER failed: TARGET_NOT_FOUND: No reachable minecraft:oak_log (or any substitute) within 48 blocks. (recoverable)
[25Sep2026 01:04:28.793] [Server thread/INFO] [ai.minecivilization.citizen.CitizenBrain/]: [Citizen Ravi · shepherd] Goal assigned: INCREASE_RESOURCE minecraft:torch x16 (ready in hand)
[25Sep2026 01:04:29.231] [Server thread/INFO] [ai.minecivilization.citizen.CitizenBrain/]: [Citizen Tomas · farmer] task CRAFT failed: TARGET_UNREACHABLE: Could not reach target after 6 repaths. (recoverable)
[25Sep2026 01:04:29.980] [Server thread/INFO] [ai.minecivilization.citizen.CitizenBrain/]: [Citizen Zoe · miner] dropped GATHER after NOT_MOVING — taking different work
[25Sep2026 01:04:30.032] [Server thread/INFO] [ai.minecivilization.citizen.CitizenBrain/]: [Citizen Zoe · miner] Goal assigned: INCREASE_RESOURCE minecraft:oak_log x16
[25Sep2026 01:04:30.330] [Server thread/INFO] [ai.minecivilization.citizen.CitizenBrain/]: [Citizen Noor · builder] task GATHER failed: TARGET_UNREACHABLE: Could not reach target after 6 repaths. (recoverable)
[25Sep2026 01:04:32.632] [Server thread/INFO] [ai.minecivilization.citizen.CitizenBrain/]: [Citizen Ravi · shepherd] task CRAFT failed: TARGET_NOT_FOUND: No reachable minecraft:acacia_log (or any substitute) within 48 blocks. (recoverable)
[25Sep2026 01:04:32.681] [Server thread/INFO] [ai.minecivilization.citizen.CitizenBrain/]: [Citizen Ravi · shepherd] Goal assigned: INCREASE_RESOURCE minecraft:oak_log x16 (ready in hand)
[25Sep2026 01:04:34.631] [Server thread/INFO] [ai.minecivilization.citizen.CitizenBrain/]: [Citizen Ravi · shepherd] task GATHER failed: TARGET_NOT_FOUND: No reachable minecraft:oak_log (or any substitute) within 48 blocks. (recoverable)
[25Sep2026 01:04:34.685] [Server thread/INFO] [ai.minecivilization.citizen.CitizenBrain/]: [Citizen Ravi · shepherd] Goal assigned: INCREASE_RESOURCE (ready in hand)
[25Sep2026 01:04:34.731] [Server thread/INFO] [ai.minecivilization.citizen.CitizenBrain/]: [Citizen Tomas · farmer] task CRAFT failed: TARGET_UNREACHABLE: Could not reach target after 6 repaths. (recoverable)
[25Sep2026 01:04:34.781] [Server thread/INFO] [ai.minecivilization.citizen.CitizenBrain/]: [Citizen Ravi · shepherd] task BUILD failed: MISSING_RESOURCE: need minecraft:chest for Civic centre marker db920766 (recoverable)
[25Sep2026 01:04:34.932] [Server thread/INFO] [ai.minecivilization.citizen.CitizenBrain/]: [Citizen Ravi · shepherd] Goal assigned: INCREASE_RESOURCE minecraft:wooden_hoe x1 (ready in hand)
[25Sep2026 01:04:36.731] [Server thread/INFO] [ai.minecivilization.citizen.CitizenBrain/]: [Citizen Jonas · miner] task GATHER failed: TARGET_UNREACHABLE: Could not reach target after 6 repaths. (recoverable)
[25Sep2026 01:04:38.790] [Server thread/INFO] [ai.minecivilization.citizen.CitizenBrain/]: [Citizen Ravi · shepherd] task CRAFT failed: TARGET_NOT_FOUND: No reachable minecraft:acacia_log (or any substitute) within 48 blocks. (recoverable)
[25Sep2026 01:04:38.830] [Server thread/INFO] [ai.minecivilization.citizen.CitizenBrain/]: [Citizen Ravi · shepherd] Goal assigned: INCREASE_RESOURCE minecraft:oak_log x16 (ready in hand)
[25Sep2026 01:04:40.231] [Server thread/INFO] [ai.minecivilization.citizen.CitizenBrain/]: [Citizen Tomas · farmer] task CRAFT failed: TARGET_UNREACHABLE: Could not reach target after 6 repaths. (recoverable)
[25Sep2026 01:04:40.231] [Server thread/INFO] [ai.minecivilization.citizen.CitizenBrain/]: [Citizen Tomas · farmer] goal disengaged after 3 failures
[25Sep2026 01:04:40.281] [Server thread/INFO] [ai.minecivilization.citizen.CitizenBrain/]: [Citizen Tomas · farmer] Goal assigned: CRAFT_ITEM minecraft:chest x2 (ready in hand)
[25Sep2026 01:04:40.781] [Server thread/INFO] [ai.minecivilization.citizen.CitizenBrain/]: [Citizen Ravi · shepherd] task GATHER failed: TARGET_NOT_FOUND: No reachable minecraft:oak_log (or any substitute) within 48 blocks. (recoverable)
[25Sep2026 01:04:40.830] [Server thread/INFO] [ai.minecivilization.citizen.CitizenBrain/]: [Citizen Ravi · shepherd] Goal assigned: INCREASE_RESOURCE minecraft:oak_log x16 (ready in hand)
[25Sep2026 01:04:42.781] [Server thread/INFO] [ai.minecivilization.citizen.CitizenBrain/]: [Citizen Ravi · shepherd] task GATHER failed: TARGET_NOT_FOUND: No reachable minecraft:oak_log (or any substitute) within 48 blocks. (recoverable)
[25Sep2026 01:04:42.834] [Server thread/INFO] [ai.minecivilization.citizen.CitizenBrain/]: [Citizen Ravi · shepherd] Goal assigned: INCREASE_RESOURCE minecraft:cobblestone x16 (ready in hand)
[25Sep2026 01:04:42.930] [Server thread/INFO] [ai.minecivilization.citizen.CitizenBrain/]: [Citizen Ravi · shepherd] completed GATHER minecraft:cobblestone
[25Sep2026 01:04:42.980] [Server thread/INFO] [ai.minecivilization.citizen.CitizenBrain/]: [Citizen Ravi · shepherd] Goal completed: INCREASE_RESOURCE minecraft:cobblestone x16
[25Sep2026 01:04:43.080] [Server thread/INFO] [ai.minecivilization.citizen.CitizenBrain/]: [Citizen Ravi · shepherd] Goal assigned: CRAFT_ITEM minecraft:shears x1 (ready in hand)
[25Sep2026 01:04:45.931] [Server thread/INFO] [ai.minecivilization.citizen.CitizenBrain/]: [Citizen Tomas · farmer] task CRAFT failed: TARGET_UNREACHABLE: Could not reach target after 6 repaths. (recoverable)
[25Sep2026 01:04:46.931] [Server thread/INFO] [ai.minecivilization.citizen.CitizenBrain/]: [Citizen Ravi · shepherd] task CRAFT failed: TARGET_NOT_FOUND: No reachable minecraft:deepslate_iron_ore (or any substitute) within 48 blocks. (recoverable)
[25Sep2026 01:04:46.980] [Server thread/INFO] [ai.minecivilization.citizen.CitizenBrain/]: [Citizen Hugo · farmer] completed EXPLORE
[25Sep2026 01:04:46.981] [Server thread/INFO] [ai.minecivilization.citizen.CitizenBrain/]: [Citizen Ravi · shepherd] Goal assigned: HARVEST_FOOD (ready in hand)
[25Sep2026 01:04:47.030] [Server thread/INFO] [ai.minecivilization.citizen.CitizenBrain/]: [Citizen Hugo · farmer] Goal completed: EXPLORE x1
[25Sep2026 01:04:47.030] [Server thread/INFO] [ai.minecivilization.citizen.CitizenBrain/]: [Citizen Hugo · farmer] Goal assigned: INCREASE_RESOURCE minecraft:oak_log x16 (ready in hand)
[25Sep2026 01:04:47.081] [Server thread/INFO] [ai.minecivilization.citizen.CitizenBrain/]: [Citizen Ravi · shepherd] task HUNT failed: TARGET_NOT_FOUND: no wild animal to hunt within 48 blocks (recoverable)
[25Sep2026 01:04:47.131] [Server thread/INFO] [ai.minecivilization.citizen.CitizenBrain/]: [Citizen Ravi · shepherd] Goal assigned: CRAFT_ITEM minecraft:chest x1 (ready in hand)
[25Sep2026 01:04:48.981] [Server thread/INFO] [ai.minecivilization.citizen.CitizenBrain/]: [Citizen Hugo · farmer] task GATHER failed: TARGET_NOT_FOUND: No reachable minecraft:oak_log (or any substitute) within 48 blocks. (recoverable)
[25Sep2026 01:04:49.030] [Server thread/INFO] [ai.minecivilization.citizen.CitizenBrain/]: [Citizen Hugo · farmer] Goal assigned: HARVEST_FOOD (ready in hand)
[25Sep2026 01:04:49.130] [Server thread/INFO] [ai.minecivilization.citizen.CitizenBrain/]: [Citizen Hugo · farmer] task HUNT failed: TARGET_NOT_FOUND: no wild animal to hunt within 48 blocks (recoverable)
[25Sep2026 01:04:49.180] [Server thread/INFO] [ai.minecivilization.citizen.CitizenBrain/]: [Citizen Hugo · farmer] Goal assigned: CRAFT_ITEM minecraft:wooden_hoe x1 (ready in hand)
[25Sep2026 01:04:50.982] [Server thread/INFO] [ai.minecivilization.citizen.CitizenBrain/]: [Citizen Ravi · shepherd] task CRAFT failed: TARGET_NOT_FOUND: No reachable minecraft:acacia_log (or any substitute) within 48 blocks. (recoverable)
[25Sep2026 01:04:51.031] [Server thread/INFO] [ai.minecivilization.citizen.CitizenBrain/]: [Citizen Ravi · shepherd] Goal assigned: HARVEST_FOOD (ready in hand)
[25Sep2026 01:04:51.131] [Server thread/INFO] [ai.minecivilization.citizen.CitizenBrain/]: [Citizen Ravi · shepherd] task HUNT failed: TARGET_NOT_FOUND: no wild animal to hunt within 48 blocks (recoverable)
[25Sep2026 01:04:51.180] [Server thread/INFO] [ai.minecivilization.citizen.CitizenBrain/]: [Citizen Ravi · shepherd] Goal assigned: CRAFT_ITEM minecraft:oak_stairs x32 (ready in hand)
[25Sep2026 01:04:51.432] [Server thread/INFO] [ai.minecivilization.citizen.CitizenBrain/]: [Citizen Tomas · farmer] task CRAFT failed: TARGET_UNREACHABLE: Could not reach target after 6 repaths. (recoverable)
[25Sep2026 01:04:53.031] [Server thread/INFO] [ai.minecivilization.citizen.CitizenBrain/]: [Citizen Hugo · farmer] task CRAFT failed: TARGET_NOT_FOUND: No reachable minecraft:acacia_log (or any substitute) within 48 blocks. (recoverable)
[25Sep2026 01:04:53.080] [Server thread/INFO] [ai.minecivilization.citizen.CitizenBrain/]: [Citizen Hugo · farmer] Goal assigned: HARVEST_FOOD (ready in hand)
[25Sep2026 01:04:53.180] [Server thread/INFO] [ai.minecivilization.citizen.CitizenBrain/]: [Citizen Hugo · farmer] task HUNT failed: TARGET_NOT_FOUND: no wild animal to hunt within 48 blocks (recoverable)
[25Sep2026 01:04:53.230] [Server thread/INFO] [ai.minecivilization.citizen.CitizenBrain/]: [Citizen Hugo · farmer] Goal assigned: INCREASE_RESOURCE minecraft:cobblestone x32 (ready in hand)
[25Sep2026 01:04:55.031] [Server thread/INFO] [ai.minecivilization.citizen.CitizenBrain/]: [Citizen Ravi · shepherd] task CRAFT failed: TARGET_NOT_FOUND: No reachable minecraft:oak_log (or any substitute) within 48 blocks. (recoverable)
[25Sep2026 01:04:55.082] [Server thread/INFO] [ai.minecivilization.citizen.CitizenBrain/]: [Citizen Ravi · shepherd] Goal assigned: EXPLORE x1 (ready in hand)
[25Sep2026 01:04:56.430] [Server thread/INFO] [ai.minecivilization.citizen.CitizenBrain/]: [Citizen Ravi · shepherd] task EXPLORE failed: TARGET_UNREACHABLE: Could not reach target after 6 repaths. (recoverable)
[25Sep2026 01:04:56.836] [Server thread/INFO] [ai.minecivilization.events.ModEvents/]: [Colony] Colony — day 0, 10 citizen(s), 70% busy, 10 building, 3 road(s)
[25Sep2026 01:04:56.836] [Server thread/INFO] [ai.minecivilization.events.ModEvents/]: [Colony] 70% busy — working 7 building 0 exploring 0 returning 0 idle 0 stuck 3 lost 0
[25Sep2026 01:04:56.836] [Server thread/INFO] [ai.minecivilization.events.ModEvents/]: [Colony] time spent (3964s observed, 1% wasted): 35% walking  20% making a way  19% searching  10% exploring  7% crafting  4% mining  2% hauling  1% felling  1% no work
[25Sep2026 01:04:56.836] [Server thread/INFO] [ai.minecivilization.events.ModEvents/]: [Colony] 17 district(s), 0 container(s), 0 bed(s), 0 sign(s), 3 road(s), food 0 — growth: needs 11 beds, has 0
[25Sep2026 01:04:56.836] [Server thread/INFO] [ai.minecivilization.events.ModEvents/]: [Colony]   build Civic centre marker db920766 [WAITING_FOR_RESOURCES] 0% at -7,76,-7  waiting for 2x chest
[25Sep2026 01:04:56.836] [Server thread/INFO] [ai.minecivilization.events.ModEvents/]: [Colony]   build Town Hall [PLANNED] 0% at 1,73,1
[25Sep2026 01:04:56.836] [Server thread/INFO] [ai.minecivilization.events.ModEvents/]: [Colony]   build Oak House 1 [PLANNED] 0% at 7,70,18
[25Sep2026 01:04:56.836] [Server thread/INFO] [ai.minecivilization.events.ModEvents/]: [Colony]   build Warehouse district marker d1c79ed2 [PLANNED] 0% at -27,74,-7
[25Sep2026 01:04:56.836] [Server thread/INFO] [ai.minecivilization.events.ModEvents/]: [Colony]   build Warehouse 1 [PLANNED] 0% at -20,71,0
[25Sep2026 01:04:56.836] [Server thread/INFO] [ai.minecivilization.events.ModEvents/]: [Colony]   build Oak House 2 [PLANNED] 0% at 25,70,18
[25Sep2026 01:04:56.836] [Server thread/INFO] [ai.minecivilization.events.ModEvents/]: [Colony]   build Warehouse 2 [PLANNED] 0% at -32,72,0
[25Sep2026 01:04:56.836] [Server thread/INFO] [ai.minecivilization.events.ModEvents/]: [Colony]   build Oak House 3 [PLANNED] 0% at 43,76,18
[25Sep2026 01:04:56.836] [Server thread/INFO] [ai.minecivilization.events.ModEvents/]: [Colony]   build Oak House 4 [PLANNED] 0% at 61,79,18
[25Sep2026 01:04:56.836] [Server thread/INFO] [ai.minecivilization.events.ModEvents/]: [Colony]   build Oak House 5 [PLANNED] 0% at 79,72,18
[25Sep2026 01:04:56.836] [Server thread/INFO] [ai.minecivilization.events.ModEvents/]: [Colony]   Marie        LUMBERJACK  Working   CRAFT furnace x1       at 31,73,19  36m NW
[25Sep2026 01:04:56.836] [Server thread/INFO] [ai.minecivilization.events.ModEvents/]: [Colony]   Zoe          MINER       Working   GATHER oak log x16     at -48,72,-6  48m E
[25Sep2026 01:04:56.836] [Server thread/INFO] [ai.minecivilization.events.ModEvents/]: [Colony]   Hugo         FARMER      Working   GATHER cobblestone x32 at 31,73,19  36m NW
[25Sep2026 01:04:56.836] [Server thread/INFO] [ai.minecivilization.events.ModEvents/]: [Colony]   Noor         BUILDER     Stuck     GATHER oak log x1 @39,76,23 at 31,73,19  36m NW  ! Not moving
[25Sep2026 01:04:56.836] [Server thread/INFO] [ai.minecivilization.events.ModEvents/]: [Colony]   Lena         CRAFTER     Working   CRAFT crafting table x1 at -3,74,-1  5m E
[25Sep2026 01:04:56.837] [Server thread/INFO] [ai.minecivilization.events.ModEvents/]: [Colony]   Ravi         SHEPHERD    Exploring EXPLORE x1             at -1,64,-3  6m S
[25Sep2026 01:04:56.837] [Server thread/INFO] [ai.minecivilization.events.ModEvents/]: [Colony]   Sam          LUMBERJACK  Working   CRAFT wooden sword x1  at -14,73,37  39m N
[25Sep2026 01:04:56.837] [Server thread/INFO] [ai.minecivilization.events.ModEvents/]: [Colony]   Jonas        MINER       Stuck     GATHER cobblestone x32 at 31,73,19  36m NW  ! Not moving
[25Sep2026 01:04:56.837] [Server thread/INFO] [ai.minecivilization.events.ModEvents/]: [Colony]   Tomas        FARMER      Working   CRAFT chest x2         at 1,67,-1  3m SW
[25Sep2026 01:04:56.837] [Server thread/INFO] [ai.minecivilization.events.ModEvents/]: [Colony]   Mila         BUILDER     Stuck     GATHER dirt x16        at -1,64,-4  7m S  ! Not moving
[25Sep2026 01:04:56.837] [Server thread/INFO] [ai.minecivilization.events.ModEvents/]: [Colony] Citizen Noor [BUILDER]  Stuck
[25Sep2026 01:04:56.837] [Server thread/INFO] [ai.minecivilization.events.ModEvents/]: [Colony]   Goal:        INCREASE_RESOURCE oak log x1 — Colony maintenance
[25Sep2026 01:04:56.837] [Server thread/INFO] [ai.minecivilization.events.ModEvents/]: [Colony]   Task:        GATHER oak log x1 @39,76,23
[25Sep2026 01:04:56.837] [Server thread/INFO] [ai.minecivilization.events.ModEvents/]: [Colony]   Doing:       MOVE_TO making a way to 39,76,23
[25Sep2026 01:04:56.837] [Server thread/INFO] [ai.minecivilization.events.ModEvents/]: [Colony]   Priority:    resources
[25Sep2026 01:04:56.837] [Server thread/INFO] [ai.minecivilization.events.ModEvents/]: [Colony]   Position:    X=31 Y=73 Z=19
[25Sep2026 01:04:56.837] [Server thread/INFO] [ai.minecivilization.events.ModEvents/]: [Colony]   Destination: X=39 Y=76 Z=23
[25Sep2026 01:04:56.837] [Server thread/INFO] [ai.minecivilization.events.ModEvents/]: [Colony]   Colony:      X=0 Y=70 Z=0  (36m NW)
[25Sep2026 01:04:56.837] [Server thread/INFO] [ai.minecivilization.events.ModEvents/]: [Colony]   Condition:   health 40  hunger 31  energy 100
[25Sep2026 01:04:56.837] [Server thread/INFO] [ai.minecivilization.events.ModEvents/]: [Colony]   Because:     Use a resource location already discovered nearby
[25Sep2026 01:04:56.837] [Server thread/INFO] [ai.minecivilization.events.ModEvents/]: [Colony]   Problem:     Not moving (99s)
[25Sep2026 01:04:56.837] [Server thread/INFO] [ai.minecivilization.events.ModEvents/]: [Colony]   Last done:   PLACE minecraft:furnace
[25Sep2026 01:04:56.837] [Server thread/INFO] [ai.minecivilization.events.ModEvents/]: [Colony]   Completed:   3 task(s)   failures 1   cognition idle
[25Sep2026 01:04:56.837] [Server thread/INFO] [ai.minecivilization.events.ModEvents/]: [Colony]   Carrying:    {minecraft:cobblestone=8}
[25Sep2026 01:04:56.837] [Server thread/INFO] [ai.minecivilization.events.ModEvents/]: [Colony] Citizen Jonas [MINER]  Stuck
[25Sep2026 01:04:56.837] [Server thread/INFO] [ai.minecivilization.events.ModEvents/]: [Colony]   Goal:        INCREASE_RESOURCE cobblestone x32 — construction: fetch cobblestone for Oak House 2
[25Sep2026 01:04:56.837] [Server thread/INFO] [ai.minecivilization.events.ModEvents/]: [Colony]   Task:        GATHER cobblestone x32
[25Sep2026 01:04:56.837] [Server thread/INFO] [ai.minecivilization.events.ModEvents/]: [Colony]   Doing:       MOVE_TO making a way to 33,70,20
[25Sep2026 01:04:56.837] [Server thread/INFO] [ai.minecivilization.events.ModEvents/]: [Colony]   Priority:    construction
[25Sep2026 01:04:56.837] [Server thread/INFO] [ai.minecivilization.events.ModEvents/]: [Colony]   Position:    X=31 Y=73 Z=19
[25Sep2026 01:04:56.837] [Server thread/INFO] [ai.minecivilization.events.ModEvents/]: [Colony]   Colony:      X=0 Y=70 Z=0  (36m NW)
[25Sep2026 01:04:56.837] [Server thread/INFO] [ai.minecivilization.events.ModEvents/]: [Colony]   Condition:   health 40  hunger 31  energy 100
[25Sep2026 01:04:56.837] [Server thread/INFO] [ai.minecivilization.events.ModEvents/]: [Colony]   Because:     fetch cobblestone for Oak House 2
[25Sep2026 01:04:56.837] [Server thread/INFO] [ai.minecivilization.events.ModEvents/]: [Colony]   Problem:     Not moving (88s)
[25Sep2026 01:04:56.837] [Server thread/INFO] [ai.minecivilization.events.ModEvents/]: [Colony]   Last done:   EXPLORE
[25Sep2026 01:04:56.837] [Server thread/INFO] [ai.minecivilization.events.ModEvents/]: [Colony]   Completed:   1 task(s)   failures 1   cognition idle
[25Sep2026 01:04:56.837] [Server thread/INFO] [ai.minecivilization.events.ModEvents/]: [Colony]   Carrying:    {}
[25Sep2026 01:04:56.838] [Server thread/INFO] [ai.minecivilization.events.ModEvents/]: [Colony] Citizen Mila [BUILDER]  Stuck
[25Sep2026 01:04:56.838] [Server thread/INFO] [ai.minecivilization.events.ModEvents/]: [Colony]   Goal:        INCREASE_RESOURCE dirt x16 — Colony maintenance
[25Sep2026 01:04:56.838] [Server thread/INFO] [ai.minecivilization.events.ModEvents/]: [Colony]   Task:        GATHER dirt x16
[25Sep2026 01:04:56.838] [Server thread/INFO] [ai.minecivilization.events.ModEvents/]: [Colony]   Doing:       TRAVERSE WALK 1/1
[25Sep2026 01:04:56.838] [Server thread/INFO] [ai.minecivilization.events.ModEvents/]: [Colony]   Priority:    resources
[25Sep2026 01:04:56.838] [Server thread/INFO] [ai.minecivilization.events.ModEvents/]: [Colony]   Position:    X=-1 Y=64 Z=-4  (12 below surface)
[25Sep2026 01:04:56.838] [Server thread/INFO] [ai.minecivilization.events.ModEvents/]: [Colony]   Colony:      X=0 Y=70 Z=0  (7m S)
[25Sep2026 01:04:56.838] [Server thread/INFO] [ai.minecivilization.events.ModEvents/]: [Colony]   Condition:   health 40  hunger 32  energy 100
[25Sep2026 01:04:56.838] [Server thread/INFO] [ai.minecivilization.events.ModEvents/]: [Colony]   Because:     Useful local work while awaiting cognition
[25Sep2026 01:04:56.838] [Server thread/INFO] [ai.minecivilization.events.ModEvents/]: [Colony]   Problem:     Not moving (35s)
[25Sep2026 01:04:56.838] [Server thread/INFO] [ai.minecivilization.events.ModEvents/]: [Colony]   Last done:   REST
[25Sep2026 01:04:56.838] [Server thread/INFO] [ai.minecivilization.events.ModEvents/]: [Colony]   Completed:   2 task(s)   failures 0   cognition idle
[25Sep2026 01:04:56.838] [Server thread/INFO] [ai.minecivilization.events.ModEvents/]: [Colony]   Carrying:    {minecraft:cobblestone=16}
[25Sep2026 01:04:56.930] [Server thread/INFO] [ai.minecivilization.citizen.CitizenBrain/]: [Citizen Tomas · farmer] task CRAFT failed: TARGET_UNREACHABLE: Could not reach target after 6 repaths. (recoverable)
[25Sep2026 01:04:56.931] [Server thread/INFO] [ai.minecivilization.citizen.CitizenBrain/]: [Citizen Tomas · farmer] goal disengaged after 3 failures
[25Sep2026 01:04:56.980] [Server thread/INFO] [ai.minecivilization.citizen.CitizenBrain/]: [Citizen Tomas · farmer] Goal assigned: CRAFT_ITEM minecraft:chest x2 (ready in hand)
[25Sep2026 01:04:57.380] [Server thread/INFO] [ai.minecivilization.citizen.CitizenBrain/]: [Citizen Ravi · shepherd] task EXPLORE failed: TARGET_UNREACHABLE: Could not reach target after 6 repaths. (recoverable)
[25Sep2026 01:04:58.330] [Server thread/INFO] [ai.minecivilization.citizen.CitizenBrain/]: [Citizen Ravi · shepherd] task EXPLORE keeps failing (TARGET_UNREACHABLE) — further repeats will not be logged
[25Sep2026 01:04:58.331] [Server thread/INFO] [ai.minecivilization.citizen.CitizenBrain/]: [Citizen Ravi · shepherd] goal disengaged after 3 failures
[25Sep2026 01:04:58.380] [Server thread/INFO] [ai.minecivilization.citizen.CitizenBrain/]: [Citizen Ravi · shepherd] dropped nothing after REPEATED_FAILURE — taking different work
[25Sep2026 01:04:58.384] [Server thread/INFO] [ai.minecivilization.citizen.CitizenBrain/]: [Citizen Ravi · shepherd] Goal assigned: INCREASE_RESOURCE minecraft:dirt x16 (ready in hand)
[25Sep2026 01:04:58.480] [Server thread/INFO] [ai.minecivilization.citizen.CitizenBrain/]: [Citizen Ravi · shepherd] completed GATHER minecraft:dirt
[25Sep2026 01:04:58.530] [Server thread/INFO] [ai.minecivilization.citizen.CitizenBrain/]: [Citizen Ravi · shepherd] Goal completed: INCREASE_RESOURCE minecraft:dirt x16
[25Sep2026 01:04:58.632] [Server thread/INFO] [ai.minecivilization.citizen.CitizenBrain/]: [Citizen Ravi · shepherd] Goal assigned: EXPLORE x1 (ready in hand)
[25Sep2026 01:04:59.630] [Server thread/INFO] [ai.minecivilization.citizen.CitizenBrain/]: [Citizen Ravi · shepherd] task EXPLORE failed: TARGET_UNREACHABLE: Could not reach target after 6 repaths. (recoverable)
[25Sep2026 01:05:00.130] [Server thread/INFO] [ai.minecivilization.citizen.CitizenBrain/]: [Citizen Zoe · miner] dropped GATHER after NOT_MOVING — taking different work
[25Sep2026 01:05:00.181] [Server thread/INFO] [ai.minecivilization.citizen.CitizenBrain/]: [Citizen Zoe · miner] Goal assigned: HARVEST_FOOD
[25Sep2026 01:05:00.280] [Server thread/INFO] [ai.minecivilization.citizen.CitizenBrain/]: [Citizen Zoe · miner] task HUNT failed: TARGET_NOT_FOUND: no wild animal to hunt within 48 blocks (recoverable)
[25Sep2026 01:05:00.330] [Server thread/INFO] [ai.minecivilization.citizen.CitizenBrain/]: [Citizen Zoe · miner] Goal assigned: CRAFT_ITEM minecraft:wooden_axe x1 (ready in hand)
[25Sep2026 01:05:00.580] [Server thread/INFO] [ai.minecivilization.citizen.CitizenBrain/]: [Citizen Ravi · shepherd] task EXPLORE failed: TARGET_UNREACHABLE: Could not reach target after 6 repaths. (recoverable)
[25Sep2026 01:05:01.530] [Server thread/INFO] [ai.minecivilization.citizen.CitizenBrain/]: [Citizen Ravi · shepherd] task EXPLORE keeps failing (TARGET_UNREACHABLE) — further repeats will not be logged
[25Sep2026 01:05:01.531] [Server thread/INFO] [ai.minecivilization.citizen.CitizenBrain/]: [Citizen Ravi · shepherd] goal disengaged after 3 failures
[25Sep2026 01:05:01.580] [Server thread/INFO] [ai.minecivilization.citizen.CitizenBrain/]: [Citizen Ravi · shepherd] dropped nothing after REPEATED_FAILURE — taking different work
[25Sep2026 01:05:01.583] [Server thread/INFO] [ai.minecivilization.citizen.CitizenBrain/]: [Citizen Ravi · shepherd] Goal assigned: INCREASE_RESOURCE minecraft:oak_log x16 (ready in hand)
[25Sep2026 01:05:02.631] [Server thread/INFO] [ai.minecivilization.citizen.CitizenBrain/]: [Citizen Tomas · farmer] task CRAFT failed: TARGET_UNREACHABLE: Could not reach target after 6 repaths. (recoverable)
[25Sep2026 01:05:03.531] [Server thread/INFO] [ai.minecivilization.citizen.CitizenBrain/]: [Citizen Ravi · shepherd] task GATHER failed: TARGET_NOT_FOUND: No reachable minecraft:oak_log (or any substitute) within 48 blocks. (recoverable)
[25Sep2026 01:05:03.584] [Server thread/INFO] [ai.minecivilization.citizen.CitizenBrain/]: [Citizen Ravi · shepherd] Goal assigned: INCREASE_RESOURCE minecraft:cobblestone x16 (ready in hand)
[25Sep2026 01:05:03.680] [Server thread/INFO] [ai.minecivilization.citizen.CitizenBrain/]: [Citizen Ravi · shepherd] completed GATHER minecraft:cobblestone
[25Sep2026 01:05:03.730] [Server thread/INFO] [ai.minecivilization.citizen.CitizenBrain/]: [Citizen Ravi · shepherd] Goal completed: INCREASE_RESOURCE minecraft:cobblestone x16
[25Sep2026 01:05:03.832] [Server thread/INFO] [ai.minecivilization.citizen.CitizenBrain/]: [Citizen Ravi · shepherd] Goal assigned: EXPLORE x1 (ready in hand)
[25Sep2026 01:05:04.830] [Server thread/INFO] [ai.minecivilization.citizen.CitizenBrain/]: [Citizen Ravi · shepherd] task EXPLORE failed: TARGET_UNREACHABLE: Could not reach target after 6 repaths. (recoverable)
[25Sep2026 01:05:05.780] [Server thread/INFO] [ai.minecivilization.citizen.CitizenBrain/]: [Citizen Ravi · shepherd] task EXPLORE failed: TARGET_UNREACHABLE: Could not reach target after 6 repaths. (recoverable)
[25Sep2026 01:05:06.730] [Server thread/INFO] [ai.minecivilization.citizen.CitizenBrain/]: [Citizen Ravi · shepherd] task EXPLORE keeps failing (TARGET_UNREACHABLE) — further repeats will not be logged
[25Sep2026 01:05:06.730] [Server thread/INFO] [ai.minecivilization.citizen.CitizenBrain/]: [Citizen Ravi · shepherd] goal disengaged after 3 failures
[25Sep2026 01:05:06.780] [Server thread/INFO] [ai.minecivilization.citizen.CitizenBrain/]: [Citizen Ravi · shepherd] dropped nothing after REPEATED_FAILURE — taking different work
[25Sep2026 01:05:06.783] [Server thread/INFO] [ai.minecivilization.citizen.CitizenBrain/]: [Citizen Ravi · shepherd] Goal assigned: INCREASE_RESOURCE minecraft:dirt x16 (ready in hand)
[25Sep2026 01:05:06.880] [Server thread/INFO] [ai.minecivilization.citizen.CitizenBrain/]: [Citizen Ravi · shepherd] completed GATHER minecraft:dirt
[25Sep2026 01:05:06.930] [Server thread/INFO] [ai.minecivilization.citizen.CitizenBrain/]: [Citizen Ravi · shepherd] Goal completed: INCREASE_RESOURCE minecraft:dirt x16
[25Sep2026 01:05:07.032] [Server thread/INFO] [ai.minecivilization.citizen.CitizenBrain/]: [Citizen Ravi · shepherd] Goal assigned: EXPLORE x1 (ready in hand)
[25Sep2026 01:05:08.030] [Server thread/INFO] [ai.minecivilization.citizen.CitizenBrain/]: [Citizen Ravi · shepherd] task EXPLORE failed: TARGET_UNREACHABLE: Could not reach target after 6 repaths. (recoverable)
[25Sep2026 01:05:08.130] [Server thread/INFO] [ai.minecivilization.citizen.CitizenBrain/]: [Citizen Tomas · farmer] task CRAFT failed: TARGET_UNREACHABLE: Could not reach target after 6 repaths. (recoverable)
[25Sep2026 01:05:08.980] [Server thread/INFO] [ai.minecivilization.citizen.CitizenBrain/]: [Citizen Ravi · shepherd] task EXPLORE failed: TARGET_UNREACHABLE: Could not reach target after 6 repaths. (recoverable)
[25Sep2026 01:05:09.930] [Server thread/INFO] [ai.minecivilization.citizen.CitizenBrain/]: [Citizen Ravi · shepherd] task EXPLORE keeps failing (TARGET_UNREACHABLE) — further repeats will not be logged
[25Sep2026 01:05:09.931] [Server thread/INFO] [ai.minecivilization.citizen.CitizenBrain/]: [Citizen Ravi · shepherd] goal disengaged after 3 failures
[25Sep2026 01:05:09.980] [Server thread/INFO] [ai.minecivilization.citizen.CitizenBrain/]: [Citizen Ravi · shepherd] dropped nothing after REPEATED_FAILURE — taking different work
[25Sep2026 01:05:09.984] [Server thread/INFO] [ai.minecivilization.citizen.CitizenBrain/]: [Citizen Ravi · shepherd] Goal assigned: INCREASE_RESOURCE minecraft:cobblestone x16 (ready in hand)
[25Sep2026 01:05:10.080] [Server thread/INFO] [ai.minecivilization.citizen.CitizenBrain/]: [Citizen Ravi · shepherd] completed GATHER minecraft:cobblestone
[25Sep2026 01:05:10.130] [Server thread/INFO] [ai.minecivilization.citizen.CitizenBrain/]: [Citizen Ravi · shepherd] Goal completed: INCREASE_RESOURCE minecraft:cobblestone x16
[25Sep2026 01:05:10.230] [Server thread/INFO] [ai.minecivilization.citizen.CitizenBrain/]: [Citizen Ravi · shepherd] Goal assigned: HARVEST_FOOD
[25Sep2026 01:05:10.330] [Server thread/INFO] [ai.minecivilization.citizen.CitizenBrain/]: [Citizen Ravi · shepherd] task HUNT failed: TARGET_NOT_FOUND: no wild animal to hunt within 48 blocks (recoverable)
[25Sep2026 01:05:10.382] [Server thread/INFO] [ai.minecivilization.citizen.CitizenBrain/]: [Citizen Ravi · shepherd] Goal assigned: EXPLORE x1 (ready in hand)
[25Sep2026 01:05:11.380] [Server thread/INFO] [ai.minecivilization.citizen.CitizenBrain/]: [Citizen Ravi · shepherd] task EXPLORE failed: TARGET_UNREACHABLE: Could not reach target after 6 repaths. (recoverable)
[25Sep2026 01:05:12.330] [Server thread/INFO] [ai.minecivilization.citizen.CitizenBrain/]: [Citizen Ravi · shepherd] task EXPLORE failed: TARGET_UNREACHABLE: Could not reach target after 6 repaths. (recoverable)
[25Sep2026 01:05:12.580] [Server thread/INFO] [ai.minecivilization.citizen.CitizenBrain/]: [Citizen Noor · builder] dropped GATHER after NOT_MOVING — taking different work
[25Sep2026 01:05:12.630] [Server thread/INFO] [ai.minecivilization.citizen.CitizenBrain/]: [Citizen Noor · builder] Goal assigned: HARVEST_FOOD
[25Sep2026 01:05:12.730] [Server thread/INFO] [ai.minecivilization.citizen.CitizenBrain/]: [Citizen Noor · builder] task HUNT failed: TARGET_NOT_FOUND: no wild animal to hunt within 48 blocks (recoverable)
[25Sep2026 01:05:12.780] [Server thread/INFO] [ai.minecivilization.citizen.CitizenBrain/]: [Citizen Noor · builder] Goal assigned: CRAFT_ITEM minecraft:wooden_sword x1 (ready in hand)
[25Sep2026 01:05:13.281] [Server thread/INFO] [ai.minecivilization.citizen.CitizenBrain/]: [Citizen Ravi · shepherd] task EXPLORE keeps failing (TARGET_UNREACHABLE) — further repeats will not be logged
[25Sep2026 01:05:13.281] [Server thread/INFO] [ai.minecivilization.citizen.CitizenBrain/]: [Citizen Ravi · shepherd] goal disengaged after 3 failures
[25Sep2026 01:05:13.331] [Server thread/INFO] [ai.minecivilization.citizen.CitizenBrain/]: [Citizen Ravi · shepherd] dropped nothing after REPEATED_FAILURE — taking different work
[25Sep2026 01:05:13.334] [Server thread/INFO] [ai.minecivilization.citizen.CitizenBrain/]: [Citizen Ravi · shepherd] Goal assigned: INCREASE_RESOURCE minecraft:cobblestone x16 (ready in hand)
[25Sep2026 01:05:13.431] [Server thread/INFO] [ai.minecivilization.citizen.CitizenBrain/]: [Citizen Ravi · shepherd] completed GATHER minecraft:cobblestone
[25Sep2026 01:05:13.481] [Server thread/INFO] [ai.minecivilization.citizen.CitizenBrain/]: [Citizen Ravi · shepherd] Goal completed: INCREASE_RESOURCE minecraft:cobblestone x16
[25Sep2026 01:05:13.583] [Server thread/INFO] [ai.minecivilization.citizen.CitizenBrain/]: [Citizen Ravi · shepherd] Goal assigned: EXPLORE x1 (ready in hand)
[25Sep2026 01:05:13.631] [Server thread/INFO] [ai.minecivilization.citizen.CitizenBrain/]: [Citizen Tomas · farmer] task CRAFT failed: TARGET_UNREACHABLE: Could not reach target after 6 repaths. (recoverable)
[25Sep2026 01:05:13.631] [Server thread/INFO] [ai.minecivilization.citizen.CitizenBrain/]: [Citizen Tomas · farmer] goal disengaged after 3 failures
[25Sep2026 01:05:13.681] [Server thread/INFO] [ai.minecivilization.citizen.CitizenBrain/]: [Citizen Tomas · farmer] Goal assigned: CRAFT_ITEM minecraft:chest x2 (ready in hand)
[25Sep2026 01:05:14.581] [Server thread/INFO] [ai.minecivilization.citizen.CitizenBrain/]: [Citizen Ravi · shepherd] task EXPLORE failed: TARGET_UNREACHABLE: Could not reach target after 6 repaths. (recoverable)
[25Sep2026 01:05:15.531] [Server thread/INFO] [ai.minecivilization.citizen.CitizenBrain/]: [Citizen Ravi · shepherd] task EXPLORE failed: TARGET_UNREACHABLE: Could not reach target after 6 repaths. (recoverable)
[25Sep2026 01:05:16.481] [Server thread/INFO] [ai.minecivilization.citizen.CitizenBrain/]: [Citizen Ravi · shepherd] task EXPLORE keeps failing (TARGET_UNREACHABLE) — further repeats will not be logged
[25Sep2026 01:05:16.481] [Server thread/INFO] [ai.minecivilization.citizen.CitizenBrain/]: [Citizen Ravi · shepherd] goal disengaged after 3 failures
[25Sep2026 01:05:16.531] [Server thread/INFO] [ai.minecivilization.citizen.CitizenBrain/]: [Citizen Ravi · shepherd] dropped nothing after REPEATED_FAILURE — taking different work
[25Sep2026 01:05:16.535] [Server thread/INFO] [ai.minecivilization.citizen.CitizenBrain/]: [Citizen Ravi · shepherd] Goal assigned: INCREASE_RESOURCE minecraft:dirt x16 (ready in hand)
[25Sep2026 01:05:16.631] [Server thread/INFO] [ai.minecivilization.citizen.CitizenBrain/]: [Citizen Noor · builder] task CRAFT failed: TARGET_NOT_FOUND: No reachable minecraft:acacia_log (or any substitute) within 48 blocks. (recoverable)
[25Sep2026 01:05:16.631] [Server thread/INFO] [ai.minecivilization.citizen.CitizenBrain/]: [Citizen Ravi · shepherd] completed GATHER minecraft:dirt
[25Sep2026 01:05:16.680] [Server thread/INFO] [ai.minecivilization.citizen.CitizenBrain/]: [Citizen Noor · builder] Goal assigned: EXPLORE x1 (ready in hand)
[25Sep2026 01:05:16.681] [Server thread/INFO] [ai.minecivilization.citizen.CitizenBrain/]: [Citizen Ravi · shepherd] Goal completed: INCREASE_RESOURCE minecraft:dirt x16
[25Sep2026 01:05:16.784] [Server thread/INFO] [ai.minecivilization.citizen.CitizenBrain/]: [Citizen Ravi · shepherd] Goal assigned: INCREASE_RESOURCE minecraft:cobblestone x16 (ready in hand)
[25Sep2026 01:05:16.880] [Server thread/INFO] [ai.minecivilization.citizen.CitizenBrain/]: [Citizen Ravi · shepherd] completed GATHER minecraft:cobblestone
[25Sep2026 01:05:16.930] [Server thread/INFO] [ai.minecivilization.citizen.CitizenBrain/]: [Citizen Ravi · shepherd] Goal completed: INCREASE_RESOURCE minecraft:cobblestone x16
[25Sep2026 01:05:17.030] [Server thread/INFO] [ai.minecivilization.citizen.CitizenBrain/]: [Citizen Ravi · shepherd] Goal assigned: CRAFT_ITEM minecraft:shears x1 (ready in hand)
[25Sep2026 01:05:19.331] [Server thread/INFO] [ai.minecivilization.citizen.CitizenBrain/]: [Citizen Tomas · farmer] task CRAFT failed: TARGET_UNREACHABLE: Could not reach target after 6 repaths. (recoverable)
[25Sep2026 01:05:20.881] [Server thread/INFO] [ai.minecivilization.citizen.CitizenBrain/]: [Citizen Ravi · shepherd] task CRAFT failed: TARGET_NOT_FOUND: No reachable minecraft:deepslate_iron_ore (or any substitute) within 48 blocks. (recoverable)
[25Sep2026 01:05:20.930] [Server thread/INFO] [ai.minecivilization.citizen.CitizenBrain/]: [Citizen Ravi · shepherd] Goal assigned: HARVEST_FOOD (ready in hand)
[25Sep2026 01:05:21.030] [Server thread/INFO] [ai.minecivilization.citizen.CitizenBrain/]: [Citizen Ravi · shepherd] task HUNT failed: TARGET_NOT_FOUND: no wild animal to hunt within 48 blocks (recoverable)
[25Sep2026 01:05:21.080] [Server thread/INFO] [ai.minecivilization.citizen.CitizenBrain/]: [Citizen Ravi · shepherd] Goal assigned: CRAFT_ITEM minecraft:chest x1 (ready in hand)
[25Sep2026 01:05:21.831] [Server thread/INFO] [ai.minecivilization.citizen.CitizenBrain/]: [Citizen Mila · builder] task GATHER failed: TIMEOUT: TRAVERSE exceeded 1200 ticks (recoverable)
[25Sep2026 01:05:24.831] [Server thread/INFO] [ai.minecivilization.citizen.CitizenBrain/]: [Citizen Tomas · farmer] task CRAFT failed: TARGET_UNREACHABLE: Could not reach target after 6 repaths. (recoverable)
[25Sep2026 01:05:24.931] [Server thread/INFO] [ai.minecivilization.citizen.CitizenBrain/]: [Citizen Ravi · shepherd] task CRAFT failed: TARGET_NOT_FOUND: No reachable minecraft:acacia_log (or any substitute) within 48 blocks. (recoverable)
[25Sep2026 01:05:24.986] [Server thread/INFO] [ai.minecivilization.citizen.CitizenBrain/]: [Citizen Ravi · shepherd] Goal assigned: INCREASE_RESOURCE minecraft:cobblestone x16 (ready in hand)
[25Sep2026 01:05:25.080] [Server thread/INFO] [ai.minecivilization.citizen.CitizenBrain/]: [Citizen Ravi · shepherd] completed GATHER minecraft:cobblestone
[25Sep2026 01:05:25.130] [Server thread/INFO] [ai.minecivilization.citizen.CitizenBrain/]: [Citizen Ravi · shepherd] Goal completed: INCREASE_RESOURCE minecraft:cobblestone x16
[25Sep2026 01:05:25.231] [Server thread/INFO] [ai.minecivilization.citizen.CitizenBrain/]: [Citizen Ravi · shepherd] Goal assigned: HARVEST_FOOD
[25Sep2026 01:05:25.330] [Server thread/INFO] [ai.minecivilization.citizen.CitizenBrain/]: [Citizen Ravi · shepherd] task HUNT failed: TARGET_NOT_FOUND: no wild animal to hunt within 48 blocks (recoverable)
[25Sep2026 01:05:25.380] [Server thread/INFO] [ai.minecivilization.citizen.CitizenBrain/]: [Citizen Ravi · shepherd] Goal assigned: CRAFT_ITEM minecraft:oak_stairs x32 (ready in hand)
[25Sep2026 01:05:26.181] [Server thread/INFO] [ai.minecivilization.citizen.CitizenBrain/]: [Citizen Jonas · miner] dropped GATHER after NOT_MOVING — taking different work
[25Sep2026 01:05:26.250] [Server thread/INFO] [ai.minecivilization.citizen.CitizenBrain/]: [Citizen Jonas · miner] Goal assigned: HARVEST_FOOD
[25Sep2026 01:05:29.231] [Server thread/INFO] [ai.minecivilization.citizen.CitizenBrain/]: [Citizen Ravi · shepherd] task CRAFT failed: TARGET_NOT_FOUND: No reachable minecraft:oak_log (or any substitute) within 48 blocks. (recoverable)
[25Sep2026 01:05:29.280] [Server thread/INFO] [ai.minecivilization.citizen.CitizenBrain/]: [Citizen Ravi · shepherd] Goal assigned: CRAFT_ITEM minecraft:chest x1 (ready in hand)
[25Sep2026 01:05:30.331] [Server thread/INFO] [ai.minecivilization.citizen.CitizenBrain/]: [Citizen Tomas · farmer] task CRAFT failed: TARGET_UNREACHABLE: Could not reach target after 6 repaths. (recoverable)
[25Sep2026 01:05:30.332] [Server thread/INFO] [ai.minecivilization.citizen.CitizenBrain/]: [Citizen Tomas · farmer] goal disengaged after 3 failures
[25Sep2026 01:05:30.381] [Server thread/INFO] [ai.minecivilization.citizen.CitizenBrain/]: [Citizen Tomas · farmer] Goal assigned: CRAFT_ITEM minecraft:chest x2 (ready in hand)
[25Sep2026 01:05:33.131] [Server thread/INFO] [ai.minecivilization.citizen.CitizenBrain/]: [Citizen Ravi · shepherd] task CRAFT failed: TARGET_NOT_FOUND: No reachable minecraft:acacia_log (or any substitute) within 48 blocks. (recoverable)
[25Sep2026 01:05:33.180] [Server thread/INFO] [ai.minecivilization.citizen.CitizenBrain/]: [Citizen Ravi · shepherd] Goal assigned: HARVEST_FOOD (ready in hand)
[25Sep2026 01:05:33.280] [Server thread/INFO] [ai.minecivilization.citizen.CitizenBrain/]: [Citizen Ravi · shepherd] task HUNT failed: TARGET_NOT_FOUND: no wild animal to hunt within 48 blocks (recoverable)
[25Sep2026 01:05:33.335] [Server thread/INFO] [ai.minecivilization.citizen.CitizenBrain/]: [Citizen Ravi · shepherd] Goal assigned: INCREASE_RESOURCE minecraft:torch x16 (ready in hand)
[25Sep2026 01:05:34.080] [Server thread/INFO] [ai.minecivilization.citizen.CitizenBrain/]: [Citizen Lena · crafter] task CRAFT failed: TARGET_UNREACHABLE: Could not reach target after 6 repaths. (recoverable)
[25Sep2026 01:05:36.031] [Server thread/INFO] [ai.minecivilization.citizen.CitizenBrain/]: [Citizen Tomas · farmer] task CRAFT failed: TARGET_UNREACHABLE: Could not reach target after 6 repaths. (recoverable)
[25Sep2026 01:05:36.984] [Server thread/INFO] [ai.minecivilization.citizen.CitizenBrain/]: [Citizen Jonas · miner] completed HUNT
[25Sep2026 01:05:37.032] [Server thread/INFO] [ai.minecivilization.citizen.CitizenBrain/]: [Citizen Jonas · miner] Goal completed: HARVEST_FOOD
[25Sep2026 01:05:37.032] [Server thread/INFO] [ai.minecivilization.citizen.CitizenBrain/]: [Citizen Jonas · miner] Goal assigned: HARVEST_FOOD (ready in hand)
[25Sep2026 01:05:37.181] [Server thread/INFO] [ai.minecivilization.citizen.CitizenBrain/]: [Citizen Ravi · shepherd] task CRAFT failed: TARGET_NOT_FOUND: No reachable minecraft:acacia_log (or any substitute) within 48 blocks. (recoverable)
[25Sep2026 01:05:37.230] [Server thread/INFO] [ai.minecivilization.citizen.CitizenBrain/]: [Citizen Ravi · shepherd] Goal assigned: HARVEST_FOOD (ready in hand)
[25Sep2026 01:05:37.331] [Server thread/INFO] [ai.minecivilization.citizen.CitizenBrain/]: [Citizen Ravi · shepherd] task HUNT failed: TARGET_NOT_FOUND: no wild animal to hunt within 48 blocks (recoverable)
[25Sep2026 01:05:37.383] [Server thread/INFO] [ai.minecivilization.citizen.CitizenBrain/]: [Citizen Ravi · shepherd] Goal assigned: INCREASE_RESOURCE (ready in hand)
[25Sep2026 01:05:37.481] [Server thread/INFO] [ai.minecivilization.citizen.CitizenBrain/]: [Citizen Ravi · shepherd] task BUILD failed: MISSING_RESOURCE: need minecraft:chest for Civic centre marker db920766 (recoverable)
[25Sep2026 01:05:37.632] [Server thread/INFO] [ai.minecivilization.citizen.CitizenBrain/]: [Citizen Ravi · shepherd] Goal assigned: INCREASE_RESOURCE minecraft:dirt x16 (ready in hand)
[25Sep2026 01:05:37.730] [Server thread/INFO] [ai.minecivilization.citizen.CitizenBrain/]: [Citizen Ravi · shepherd] completed GATHER minecraft:dirt
[25Sep2026 01:05:37.781] [Server thread/INFO] [ai.minecivilization.citizen.CitizenBrain/]: [Citizen Ravi · shepherd] Goal completed: INCREASE_RESOURCE minecraft:dirt x16
[25Sep2026 01:05:37.880] [Server thread/INFO] [ai.minecivilization.citizen.CitizenBrain/]: [Citizen Ravi · shepherd] Goal assigned: CRAFT_ITEM minecraft:chest x1 (ready in hand)
[25Sep2026 01:05:37.980] [Server thread/INFO] [ai.minecivilization.citizen.CitizenBrain/]: [Citizen Mila · builder] completed GATHER minecraft:dirt
[25Sep2026 01:05:38.048] [Server thread/INFO] [ai.minecivilization.citizen.CitizenBrain/]: [Citizen Mila · builder] Goal completed: INCREASE_RESOURCE minecraft:dirt x16
[25Sep2026 01:05:38.049] [Server thread/INFO] [ai.minecivilization.citizen.CitizenBrain/]: [Citizen Mila · builder] Goal assigned: INCREASE_RESOURCE minecraft:oak_log x16 (ready in hand)
[25Sep2026 01:05:39.999] [Server thread/INFO] [ai.minecivilization.citizen.CitizenBrain/]: [Citizen Mila · builder] task GATHER failed: TARGET_NOT_FOUND: No reachable minecraft:oak_log (or any substitute) within 48 blocks. (recoverable)
[25Sep2026 01:05:40.031] [Server thread/INFO] [ai.minecivilization.citizen.CitizenBrain/]: [Citizen Mila · builder] Goal assigned: HARVEST_FOOD (ready in hand)
[25Sep2026 01:05:40.131] [Server thread/INFO] [ai.minecivilization.citizen.CitizenBrain/]: [Citizen Mila · builder] task HUNT failed: TARGET_NOT_FOUND: no wild animal to hunt within 48 blocks (recoverable)
[25Sep2026 01:05:40.198] [Server thread/INFO] [ai.minecivilization.citizen.CitizenBrain/]: [Citizen Mila · builder] Goal assigned: CRAFT_ITEM minecraft:wooden_sword x1 (ready in hand)
[25Sep2026 01:05:41.531] [Server thread/INFO] [ai.minecivilization.citizen.CitizenBrain/]: [Citizen Tomas · farmer] task CRAFT failed: TARGET_UNREACHABLE: Could not reach target after 6 repaths. (recoverable)
[25Sep2026 01:05:41.731] [Server thread/INFO] [ai.minecivilization.citizen.CitizenBrain/]: [Citizen Ravi · shepherd] task CRAFT failed: TARGET_NOT_FOUND: No reachable minecraft:acacia_log (or any substitute) within 48 blocks. (recoverable)
[25Sep2026 01:05:41.780] [Server thread/INFO] [ai.minecivilization.citizen.CitizenBrain/]: [Citizen Ravi · shepherd] Goal assigned: HARVEST_FOOD (ready in hand)
[25Sep2026 01:05:41.880] [Server thread/INFO] [ai.minecivilization.citizen.CitizenBrain/]: [Citizen Ravi · shepherd] task HUNT failed: TARGET_NOT_FOUND: no wild animal to hunt within 48 blocks (recoverable)
[25Sep2026 01:05:41.934] [Server thread/INFO] [ai.minecivilization.citizen.CitizenBrain/]: [Citizen Ravi · shepherd] Goal assigned: INCREASE_RESOURCE minecraft:wooden_hoe x1 (ready in hand)
[25Sep2026 01:05:44.032] [Server thread/INFO] [ai.minecivilization.citizen.CitizenBrain/]: [Citizen Mila · builder] task CRAFT failed: TARGET_NOT_FOUND: No reachable minecraft:acacia_log (or any substitute) within 48 blocks. (recoverable)
[25Sep2026 01:05:44.081] [Server thread/INFO] [ai.minecivilization.citizen.CitizenBrain/]: [Citizen Mila · builder] Goal assigned: HARVEST_FOOD (ready in hand)
[25Sep2026 01:05:44.181] [Server thread/INFO] [ai.minecivilization.citizen.CitizenBrain/]: [Citizen Mila · builder] task HUNT failed: TARGET_NOT_FOUND: no wild animal to hunt within 48 blocks (recoverable)
[25Sep2026 01:05:44.231] [Server thread/INFO] [ai.minecivilization.citizen.CitizenBrain/]: [Citizen Mila · builder] Goal assigned: CRAFT_ITEM minecraft:oak_stairs x32 (ready in hand)
[25Sep2026 01:05:44.531] [Server thread/INFO] [ai.minecivilization.citizen.CitizenBrain/]: [Citizen Jonas · miner] completed HUNT
[25Sep2026 01:05:44.583] [Server thread/INFO] [ai.minecivilization.citizen.CitizenBrain/]: [Citizen Jonas · miner] Goal completed: HARVEST_FOOD
[25Sep2026 01:05:44.583] [Server thread/INFO] [ai.minecivilization.citizen.CitizenBrain/]: [Citizen Jonas · miner] Goal assigned: HARVEST_FOOD (ready in hand)
[25Sep2026 01:05:44.681] [Server thread/INFO] [ai.minecivilization.citizen.CitizenBrain/]: [Citizen Jonas · miner] task HUNT failed: TARGET_NOT_FOUND: no wild animal to hunt within 48 blocks (recoverable)
[25Sep2026 01:05:44.783] [Server thread/INFO] [ai.minecivilization.citizen.CitizenBrain/]: [Citizen Jonas · miner] Goal assigned: HARVEST_FOOD
[25Sep2026 01:05:44.882] [Server thread/INFO] [ai.minecivilization.citizen.CitizenBrain/]: [Citizen Jonas · miner] task HUNT failed: TARGET_NOT_FOUND: no wild animal to hunt within 48 blocks (recoverable)
[25Sep2026 01:05:44.934] [Server thread/INFO] [ai.minecivilization.citizen.CitizenBrain/]: [Citizen Jonas · miner] Goal assigned: CRAFT_ITEM minecraft:wooden_sword x1 (ready in hand)
[25Sep2026 01:05:45.781] [Server thread/INFO] [ai.minecivilization.citizen.CitizenBrain/]: [Citizen Ravi · shepherd] task CRAFT failed: TARGET_NOT_FOUND: No reachable minecraft:acacia_log (or any substitute) within 48 blocks. (recoverable)
[25Sep2026 01:05:45.830] [Server thread/INFO] [ai.minecivilization.citizen.CitizenBrain/]: [Citizen Ravi · shepherd] Goal assigned: HARVEST_FOOD (ready in hand)
[25Sep2026 01:05:45.930] [Server thread/INFO] [ai.minecivilization.citizen.CitizenBrain/]: [Citizen Ravi · shepherd] task HUNT failed: TARGET_NOT_FOUND: no wild animal to hunt within 48 blocks (recoverable)
[25Sep2026 01:05:45.983] [Server thread/INFO] [ai.minecivilization.citizen.CitizenBrain/]: [Citizen Ravi · shepherd] Goal assigned: INCREASE_RESOURCE minecraft:cobblestone x16 (ready in hand)
[25Sep2026 01:05:46.080] [Server thread/INFO] [ai.minecivilization.citizen.CitizenBrain/]: [Citizen Ravi · shepherd] completed GATHER minecraft:cobblestone
[25Sep2026 01:05:46.130] [Server thread/INFO] [ai.minecivilization.citizen.CitizenBrain/]: [Citizen Ravi · shepherd] Goal completed: INCREASE_RESOURCE minecraft:cobblestone x16
[25Sep2026 01:05:46.230] [Server thread/INFO] [ai.minecivilization.citizen.CitizenBrain/]: [Citizen Ravi · shepherd] Goal assigned: CRAFT_ITEM minecraft:chest x1 (ready in hand)
[25Sep2026 01:05:46.681] [Server thread/INFO] [ai.minecivilization.telemetry.ColonyEventLog/]: [Colony/infrastructure] a new route is known: 31,19 → 97,34 (86 blocks)
[25Sep2026 01:05:47.033] [Server thread/INFO] [ai.minecivilization.citizen.CitizenBrain/]: [Citizen Tomas · farmer] task CRAFT failed: TARGET_UNREACHABLE: Could not reach target after 6 repaths. (recoverable)
[25Sep2026 01:05:47.033] [Server thread/INFO] [ai.minecivilization.citizen.CitizenBrain/]: [Citizen Tomas · farmer] goal disengaged after 3 failures
[25Sep2026 01:05:47.082] [Server thread/INFO] [ai.minecivilization.citizen.CitizenBrain/]: [Citizen Tomas · farmer] Goal assigned: CRAFT_ITEM minecraft:chest x2 (ready in hand)
[25Sep2026 01:05:48.083] [Server thread/INFO] [ai.minecivilization.citizen.CitizenBrain/]: [Citizen Mila · builder] task CRAFT failed: TARGET_NOT_FOUND: No reachable minecraft:oak_log (or any substitute) within 48 blocks. (recoverable)
[25Sep2026 01:05:48.182] [Server thread/INFO] [ai.minecivilization.citizen.CitizenBrain/]: [Citizen Mila · builder] Goal assigned: HARVEST_FOOD
[25Sep2026 01:05:48.282] [Server thread/INFO] [ai.minecivilization.citizen.CitizenBrain/]: [Citizen Mila · builder] task HUNT failed: TARGET_NOT_FOUND: no wild animal to hunt within 48 blocks (recoverable)
[25Sep2026 01:05:48.333] [Server thread/INFO] [ai.minecivilization.citizen.CitizenBrain/]: [Citizen Mila · builder] Goal assigned: CRAFT_ITEM minecraft:chest x1 (ready in hand)
[25Sep2026 01:05:48.782] [Server thread/INFO] [ai.minecivilization.citizen.CitizenBrain/]: [Citizen Jonas · miner] task CRAFT failed: TARGET_NOT_FOUND: No reachable minecraft:acacia_log (or any substitute) within 48 blocks. (recoverable)
[25Sep2026 01:05:48.832] [Server thread/INFO] [ai.minecivilization.citizen.CitizenBrain/]: [Citizen Jonas · miner] Goal assigned: INCREASE_RESOURCE minecraft:torch x16 (ready in hand)
[25Sep2026 01:05:50.081] [Server thread/INFO] [ai.minecivilization.citizen.CitizenBrain/]: [Citizen Ravi · shepherd] task CRAFT failed: TARGET_NOT_FOUND: No reachable minecraft:acacia_log (or any substitute) within 48 blocks. (recoverable)
[25Sep2026 01:05:50.134] [Server thread/INFO] [ai.minecivilization.citizen.CitizenBrain/]: [Citizen Ravi · shepherd] Goal assigned: INCREASE_RESOURCE minecraft:dirt x16 (ready in hand)
[25Sep2026 01:05:50.230] [Server thread/INFO] [ai.minecivilization.citizen.CitizenBrain/]: [Citizen Ravi · shepherd] completed GATHER minecraft:dirt
[25Sep2026 01:05:50.280] [Server thread/INFO] [ai.minecivilization.citizen.CitizenBrain/]: [Citizen Ravi · shepherd] Goal completed: INCREASE_RESOURCE minecraft:dirt x16
[25Sep2026 01:05:50.332] [Server thread/INFO] [ai.minecivilization.citizen.CitizenBrain/]: [Citizen Ravi · shepherd] Goal assigned: HARVEST_FOOD
[25Sep2026 01:05:50.430] [Server thread/INFO] [ai.minecivilization.citizen.CitizenBrain/]: [Citizen Ravi · shepherd] task HUNT failed: TARGET_NOT_FOUND: no wild animal to hunt within 48 blocks (recoverable)
[25Sep2026 01:05:50.480] [Server thread/INFO] [ai.minecivilization.citizen.CitizenBrain/]: [Citizen Ravi · shepherd] Goal assigned: CRAFT_ITEM minecraft:chest x1 (ready in hand)
[25Sep2026 01:05:52.200] [Server thread/INFO] [ai.minecivilization.citizen.CitizenBrain/]: [Citizen Mila · builder] task CRAFT failed: TARGET_NOT_FOUND: No reachable minecraft:acacia_log (or any substitute) within 48 blocks. (recoverable)
[25Sep2026 01:05:52.233] [Server thread/INFO] [ai.minecivilization.citizen.CitizenBrain/]: [Citizen Mila · builder] Goal assigned: INCREASE_RESOURCE minecraft:torch x16 (ready in hand)
[25Sep2026 01:05:52.681] [Server thread/INFO] [ai.minecivilization.citizen.CitizenBrain/]: [Citizen Jonas · miner] task CRAFT failed: TARGET_NOT_FOUND: No reachable minecraft:acacia_log (or any substitute) within 48 blocks. (recoverable)
[25Sep2026 01:05:52.731] [Server thread/INFO] [ai.minecivilization.citizen.CitizenBrain/]: [Citizen Jonas · miner] Goal assigned: HARVEST_FOOD (ready in hand)
[25Sep2026 01:05:52.731] [Server thread/INFO] [ai.minecivilization.citizen.CitizenBrain/]: [Citizen Tomas · farmer] task CRAFT failed: TARGET_UNREACHABLE: Could not reach target after 6 repaths. (recoverable)
[25Sep2026 01:05:52.831] [Server thread/INFO] [ai.minecivilization.citizen.CitizenBrain/]: [Citizen Jonas · miner] task HUNT failed: TARGET_NOT_FOUND: no wild animal to hunt within 48 blocks (recoverable)
[25Sep2026 01:05:52.881] [Server thread/INFO] [ai.minecivilization.citizen.CitizenBrain/]: [Citizen Jonas · miner] Goal assigned: CRAFT_ITEM minecraft:chest x1 (ready in hand)
[25Sep2026 01:05:54.331] [Server thread/INFO] [ai.minecivilization.citizen.CitizenBrain/]: [Citizen Ravi · shepherd] task CRAFT failed: TARGET_NOT_FOUND: No reachable minecraft:acacia_log (or any substitute) within 48 blocks. (recoverable)
[25Sep2026 01:05:54.382] [Server thread/INFO] [ai.minecivilization.citizen.CitizenBrain/]: [Citizen Ravi · shepherd] Goal assigned: CRAFT_ITEM minecraft:shears x1 (ready in hand)
[25Sep2026 01:05:56.083] [Server thread/INFO] [ai.minecivilization.citizen.CitizenBrain/]: [Citizen Mila · builder] task CRAFT failed: TARGET_NOT_FOUND: No reachable minecraft:acacia_log (or any substitute) within 48 blocks. (recoverable)
[25Sep2026 01:05:56.132] [Server thread/INFO] [ai.minecivilization.citizen.CitizenBrain/]: [Citizen Mila · builder] Goal assigned: HARVEST_FOOD (ready in hand)
[25Sep2026 01:05:56.232] [Server thread/INFO] [ai.minecivilization.citizen.CitizenBrain/]: [Citizen Mila · builder] task HUNT failed: TARGET_NOT_FOUND: no wild animal to hunt within 48 blocks (recoverable)
[25Sep2026 01:05:56.283] [Server thread/INFO] [ai.minecivilization.citizen.CitizenBrain/]: [Citizen Mila · builder] Goal assigned: INCREASE_RESOURCE (ready in hand)
[25Sep2026 01:05:56.382] [Server thread/INFO] [ai.minecivilization.citizen.CitizenBrain/]: [Citizen Mila · builder] task BUILD failed: MISSING_RESOURCE: need minecraft:chest for Civic centre marker db920766 (recoverable)
[25Sep2026 01:05:56.533] [Server thread/INFO] [ai.minecivilization.citizen.CitizenBrain/]: [Citizen Mila · builder] Goal assigned: INCREASE_RESOURCE minecraft:wooden_hoe x1 (ready in hand)
[25Sep2026 01:05:56.731] [Server thread/INFO] [ai.minecivilization.citizen.CitizenBrain/]: [Citizen Jonas · miner] task CRAFT failed: TARGET_NOT_FOUND: No reachable minecraft:acacia_log (or any substitute) within 48 blocks. (recoverable)
[25Sep2026 01:05:56.781] [Server thread/INFO] [ai.minecivilization.citizen.CitizenBrain/]: [Citizen Jonas · miner] Goal assigned: HARVEST_FOOD (ready in hand)
[25Sep2026 01:05:56.832] [Server thread/INFO] [ai.minecivilization.events.ModEvents/]: [Colony] Colony — day 0, 10 citizen(s), 70% busy, 10 building, 4 road(s)
[25Sep2026 01:05:56.832] [Server thread/INFO] [ai.minecivilization.events.ModEvents/]: [Colony] 70% busy — working 7 building 0 exploring 0 returning 0 idle 0 stuck 3 lost 0
[25Sep2026 01:05:56.832] [Server thread/INFO] [ai.minecivilization.events.ModEvents/]: [Colony] time spent (4564s observed, 1% wasted): 34% walking  22% making a way  19% searching  10% exploring  7% crafting  4% mining  1% hauling  1% felling  1% no work
[25Sep2026 01:05:56.832] [Server thread/INFO] [ai.minecivilization.events.ModEvents/]: [Colony] 17 district(s), 0 container(s), 0 bed(s), 0 sign(s), 4 road(s), food 0 — growth: needs 11 beds, has 0
[25Sep2026 01:05:56.832] [Server thread/INFO] [ai.minecivilization.events.ModEvents/]: [Colony]   build Civic centre marker db920766 [WAITING_FOR_RESOURCES] 0% at -7,76,-7  waiting for 2x chest
[25Sep2026 01:05:56.832] [Server thread/INFO] [ai.minecivilization.events.ModEvents/]: [Colony]   build Town Hall [PLANNED] 0% at 1,73,1
[25Sep2026 01:05:56.832] [Server thread/INFO] [ai.minecivilization.events.ModEvents/]: [Colony]   build Oak House 1 [PLANNED] 0% at 7,70,18
[25Sep2026 01:05:56.832] [Server thread/INFO] [ai.minecivilization.events.ModEvents/]: [Colony]   build Warehouse district marker d1c79ed2 [PLANNED] 0% at -27,74,-7
[25Sep2026 01:05:56.832] [Server thread/INFO] [ai.minecivilization.events.ModEvents/]: [Colony]   build Warehouse 1 [PLANNED] 0% at -20,71,0
[25Sep2026 01:05:56.832] [Server thread/INFO] [ai.minecivilization.events.ModEvents/]: [Colony]   build Oak House 2 [PLANNED] 0% at 25,70,18
[25Sep2026 01:05:56.832] [Server thread/INFO] [ai.minecivilization.events.ModEvents/]: [Colony]   build Warehouse 2 [PLANNED] 0% at -32,72,0
[25Sep2026 01:05:56.832] [Server thread/INFO] [ai.minecivilization.events.ModEvents/]: [Colony]   build Oak House 3 [PLANNED] 0% at 43,76,18
[25Sep2026 01:05:56.832] [Server thread/INFO] [ai.minecivilization.events.ModEvents/]: [Colony]   build Oak House 4 [PLANNED] 0% at 61,79,18
[25Sep2026 01:05:56.832] [Server thread/INFO] [ai.minecivilization.events.ModEvents/]: [Colony]   build Oak House 5 [PLANNED] 0% at 79,72,18
[25Sep2026 01:05:56.832] [Server thread/INFO] [ai.minecivilization.events.ModEvents/]: [Colony]   Marie        LUMBERJACK  Working   CRAFT furnace x1       at 31,73,19  36m NW
[25Sep2026 01:05:56.832] [Server thread/INFO] [ai.minecivilization.events.ModEvents/]: [Colony]   Zoe          MINER       Stuck     CRAFT wooden axe x1    at -48,72,-6  48m E  ! Not moving
[25Sep2026 01:05:56.832] [Server thread/INFO] [ai.minecivilization.events.ModEvents/]: [Colony]   Hugo         FARMER      Stuck     GATHER cobblestone x32 at 31,73,19  36m NW  ! Not moving
[25Sep2026 01:05:56.832] [Server thread/INFO] [ai.minecivilization.events.ModEvents/]: [Colony]   Noor         BUILDER     Stuck     EXPLORE x1             at 31,73,19  36m NW  ! Not moving
[25Sep2026 01:05:56.832] [Server thread/INFO] [ai.minecivilization.events.ModEvents/]: [Colony]   Lena         CRAFTER     Working   CRAFT crafting table x1 at -3,74,-1  5m E
[25Sep2026 01:05:56.832] [Server thread/INFO] [ai.minecivilization.events.ModEvents/]: [Colony]   Ravi         SHEPHERD    Working   CRAFT shears x1        at -1,62,-3  8m S
[25Sep2026 01:05:56.832] [Server thread/INFO] [ai.minecivilization.events.ModEvents/]: [Colony]   Sam          LUMBERJACK  Working   CRAFT wooden sword x1  at -14,73,37  39m N
[25Sep2026 01:05:56.832] [Server thread/INFO] [ai.minecivilization.events.ModEvents/]: [Colony]   Jonas        MINER       Working   HUNT                   at 97,63,34  103m W
[25Sep2026 01:05:56.832] [Server thread/INFO] [ai.minecivilization.events.ModEvents/]: [Colony]   Tomas        FARMER      Working   CRAFT chest x2         at 1,67,-1  3m SW
[25Sep2026 01:05:56.832] [Server thread/INFO] [ai.minecivilization.events.ModEvents/]: [Colony]   Mila         BUILDER     Working   CRAFT wooden hoe x1    at -1,62,-4  9m S
[25Sep2026 01:05:56.832] [Server thread/INFO] [ai.minecivilization.events.ModEvents/]: [Colony] Citizen Zoe [MINER]  Stuck
[25Sep2026 01:05:56.832] [Server thread/INFO] [ai.minecivilization.events.ModEvents/]: [Colony]   Goal:        CRAFT_ITEM wooden axe x1 — tools: make a wooden axe
[25Sep2026 01:05:56.833] [Server thread/INFO] [ai.minecivilization.events.ModEvents/]: [Colony]   Task:        CRAFT wooden axe x1
[25Sep2026 01:05:56.833] [Server thread/INFO] [ai.minecivilization.events.ModEvents/]: [Colony]   Doing:       CRAFT_ITEM step 2/2 CRAFT minecraft:wooden_axe — crafting minecraft:wooden_axe (0/1)
[25Sep2026 01:05:56.833] [Server thread/INFO] [ai.minecivilization.events.ModEvents/]: [Colony]   Priority:    tools
[25Sep2026 01:05:56.833] [Server thread/INFO] [ai.minecivilization.events.ModEvents/]: [Colony]   Position:    X=-48 Y=72 Z=-6
[25Sep2026 01:05:56.833] [Server thread/INFO] [ai.minecivilization.events.ModEvents/]: [Colony]   Colony:      X=0 Y=70 Z=0  (48m E)
[25Sep2026 01:05:56.833] [Server thread/INFO] [ai.minecivilization.events.ModEvents/]: [Colony]   Condition:   health 40  hunger 20  energy 100
[25Sep2026 01:05:56.833] [Server thread/INFO] [ai.minecivilization.events.ModEvents/]: [Colony]   Because:     make a wooden axe
[25Sep2026 01:05:56.833] [Server thread/INFO] [ai.minecivilization.events.ModEvents/]: [Colony]   Problem:     Not moving (56s)
[25Sep2026 01:05:56.833] [Server thread/INFO] [ai.minecivilization.events.ModEvents/]: [Colony]   Completed:   0 task(s)   failures 0   cognition idle
[25Sep2026 01:05:56.833] [Server thread/INFO] [ai.minecivilization.events.ModEvents/]: [Colony]   Carrying:    {minecraft:spruce_log=4, minecraft:dirt=1, minecraft:spruce_planks=6, minecraft:stick=4}
[25Sep2026 01:05:56.833] [Server thread/INFO] [ai.minecivilization.events.ModEvents/]: [Colony] Citizen Hugo [FARMER]  Stuck
[25Sep2026 01:05:56.833] [Server thread/INFO] [ai.minecivilization.events.ModEvents/]: [Colony]   Goal:        INCREASE_RESOURCE cobblestone x32 — construction: fetch cobblestone for Oak House 2
[25Sep2026 01:05:56.833] [Server thread/INFO] [ai.minecivilization.events.ModEvents/]: [Colony]   Task:        GATHER cobblestone x32
[25Sep2026 01:05:56.833] [Server thread/INFO] [ai.minecivilization.events.ModEvents/]: [Colony]   Doing:       TRAVERSE FALL 1/2
[25Sep2026 01:05:56.833] [Server thread/INFO] [ai.minecivilization.events.ModEvents/]: [Colony]   Priority:    construction
[25Sep2026 01:05:56.833] [Server thread/INFO] [ai.minecivilization.events.ModEvents/]: [Colony]   Position:    X=31 Y=73 Z=19
[25Sep2026 01:05:56.833] [Server thread/INFO] [ai.minecivilization.events.ModEvents/]: [Colony]   Colony:      X=0 Y=70 Z=0  (36m NW)
[25Sep2026 01:05:56.833] [Server thread/INFO] [ai.minecivilization.events.ModEvents/]: [Colony]   Condition:   health 40  hunger 20  energy 100
[25Sep2026 01:05:56.833] [Server thread/INFO] [ai.minecivilization.events.ModEvents/]: [Colony]   Because:     fetch cobblestone for Oak House 2
[25Sep2026 01:05:56.833] [Server thread/INFO] [ai.minecivilization.events.ModEvents/]: [Colony]   Problem:     Not moving (63s)
[25Sep2026 01:05:56.833] [Server thread/INFO] [ai.minecivilization.events.ModEvents/]: [Colony]   Last done:   EXPLORE
[25Sep2026 01:05:56.833] [Server thread/INFO] [ai.minecivilization.events.ModEvents/]: [Colony]   Completed:   1 task(s)   failures 0   cognition idle
[25Sep2026 01:05:56.833] [Server thread/INFO] [ai.minecivilization.events.ModEvents/]: [Colony]   Carrying:    {}
[25Sep2026 01:05:56.833] [Server thread/INFO] [ai.minecivilization.events.ModEvents/]: [Colony] Citizen Noor [BUILDER]  Stuck
[25Sep2026 01:05:56.833] [Server thread/INFO] [ai.minecivilization.events.ModEvents/]: [Colony]   Goal:        EXPLORE x1 — exploration: survey the land around the colony
[25Sep2026 01:05:56.833] [Server thread/INFO] [ai.minecivilization.events.ModEvents/]: [Colony]   Task:        EXPLORE x1
[25Sep2026 01:05:56.833] [Server thread/INFO] [ai.minecivilization.events.ModEvents/]: [Colony]   Doing:       EXPLORE exploring toward 91,-31 (81m, 140 found)
[25Sep2026 01:05:56.833] [Server thread/INFO] [ai.minecivilization.events.ModEvents/]: [Colony]   Priority:    exploration
[25Sep2026 01:05:56.833] [Server thread/INFO] [ai.minecivilization.events.ModEvents/]: [Colony]   Position:    X=31 Y=73 Z=19
[25Sep2026 01:05:56.833] [Server thread/INFO] [ai.minecivilization.events.ModEvents/]: [Colony]   Colony:      X=0 Y=70 Z=0  (36m NW)
[25Sep2026 01:05:56.833] [Server thread/INFO] [ai.minecivilization.events.ModEvents/]: [Colony]   Condition:   health 40  hunger 21  energy 100
[25Sep2026 01:05:56.833] [Server thread/INFO] [ai.minecivilization.events.ModEvents/]: [Colony]   Because:     survey the land around the colony
[25Sep2026 01:05:56.833] [Server thread/INFO] [ai.minecivilization.events.ModEvents/]: [Colony]   Problem:     Not moving (40s)
[25Sep2026 01:05:56.833] [Server thread/INFO] [ai.minecivilization.events.ModEvents/]: [Colony]   Last done:   PLACE minecraft:furnace
[25Sep2026 01:05:56.833] [Server thread/INFO] [ai.minecivilization.events.ModEvents/]: [Colony]   Completed:   3 task(s)   failures 0   cognition idle
[25Sep2026 01:05:56.833] [Server thread/INFO] [ai.minecivilization.events.ModEvents/]: [Colony]   Holding:     explore
[25Sep2026 01:05:56.833] [Server thread/INFO] [ai.minecivilization.events.ModEvents/]: [Colony]   Carrying:    {minecraft:cobblestone=8}
[25Sep2026 01:05:56.881] [Server thread/INFO] [ai.minecivilization.citizen.CitizenBrain/]: [Citizen Jonas · miner] task HUNT failed: TARGET_NOT_FOUND: no wild animal to hunt within 48 blocks (recoverable)
[25Sep2026 01:05:56.931] [Server thread/INFO] [ai.minecivilization.citizen.CitizenBrain/]: [Citizen Jonas · miner] Goal assigned: INCREASE_RESOURCE minecraft:cobblestone x32 (ready in hand)
[25Sep2026 01:05:57.730] [Server thread/INFO] [ai.minecivilization.citizen.CitizenBrain/]: [Citizen Noor · builder] completed EXPLORE
[25Sep2026 01:05:57.780] [Server thread/INFO] [ai.minecivilization.citizen.CitizenBrain/]: [Citizen Noor · builder] Goal completed: EXPLORE x1
[25Sep2026 01:05:57.780] [Server thread/INFO] [ai.minecivilization.citizen.CitizenBrain/]: [Citizen Noor · builder] Goal assigned: HARVEST_FOOD (ready in hand)
[25Sep2026 01:05:57.880] [Server thread/INFO] [ai.minecivilization.citizen.CitizenBrain/]: [Citizen Noor · builder] task HUNT failed: TARGET_NOT_FOUND: no wild animal to hunt within 48 blocks (recoverable)
[25Sep2026 01:05:57.982] [Server thread/INFO] [ai.minecivilization.citizen.CitizenBrain/]: [Citizen Noor · builder] Goal assigned: HARVEST_FOOD
[25Sep2026 01:05:58.080] [Server thread/INFO] [ai.minecivilization.citizen.CitizenBrain/]: [Citizen Noor · builder] task HUNT failed: TARGET_NOT_FOUND: no wild animal to hunt within 48 blocks (recoverable)
[25Sep2026 01:05:58.130] [Server thread/INFO] [ai.minecivilization.citizen.CitizenBrain/]: [Citizen Noor · builder] Goal assigned: CRAFT_ITEM minecraft:wooden_sword x1 (ready in hand)
[25Sep2026 01:05:58.231] [Server thread/INFO] [ai.minecivilization.citizen.CitizenBrain/]: [Citizen Ravi · shepherd] task CRAFT failed: TARGET_NOT_FOUND: No reachable minecraft:deepslate_iron_ore (or any substitute) within 48 blocks. (recoverable)
[25Sep2026 01:05:58.231] [Server thread/INFO] [ai.minecivilization.citizen.CitizenBrain/]: [Citizen Tomas · farmer] task CRAFT failed: TARGET_UNREACHABLE: Could not reach target after 6 repaths. (recoverable)
[25Sep2026 01:05:58.281] [Server thread/INFO] [ai.minecivilization.citizen.CitizenBrain/]: [Citizen Ravi · shepherd] Goal assigned: HARVEST_FOOD (ready in hand)
[25Sep2026 01:05:58.381] [Server thread/INFO] [ai.minecivilization.citizen.CitizenBrain/]: [Citizen Ravi · shepherd] task HUNT failed: TARGET_NOT_FOUND: no wild animal to hunt within 48 blocks (recoverable)
[25Sep2026 01:05:58.432] [Server thread/INFO] [ai.minecivilization.citizen.CitizenBrain/]: [Citizen Ravi · shepherd] Goal assigned: EXPLORE x1 (ready in hand)
[25Sep2026 01:05:59.831] [Server thread/INFO] [ai.minecivilization.citizen.CitizenBrain/]: [Citizen Ravi · shepherd] task EXPLORE failed: TARGET_UNREACHABLE: Could not reach target after 6 repaths. (recoverable)
[25Sep2026 01:06:00.381] [Server thread/INFO] [ai.minecivilization.citizen.CitizenBrain/]: [Citizen Mila · builder] task CRAFT failed: TARGET_NOT_FOUND: No reachable minecraft:acacia_log (or any substitute) within 48 blocks. (recoverable)
[25Sep2026 01:06:00.458] [Server thread/INFO] [ai.minecivilization.citizen.CitizenBrain/]: [Citizen Mila · builder] Goal assigned: HARVEST_FOOD (ready in hand)
[25Sep2026 01:06:00.531] [Server thread/INFO] [ai.minecivilization.citizen.CitizenBrain/]: [Citizen Mila · builder] task HUNT failed: TARGET_NOT_FOUND: no wild animal to hunt within 48 blocks (recoverable)
[25Sep2026 01:06:00.584] [Server thread/INFO] [ai.minecivilization.citizen.CitizenBrain/]: [Citizen Mila · builder] Goal assigned: INCREASE_RESOURCE minecraft:cobblestone x16 (ready in hand)
[25Sep2026 01:06:00.681] [Server thread/INFO] [ai.minecivilization.citizen.CitizenBrain/]: [Citizen Mila · builder] completed GATHER minecraft:cobblestone
[25Sep2026 01:06:00.731] [Server thread/INFO] [ai.minecivilization.citizen.CitizenBrain/]: [Citizen Mila · builder] Goal completed: INCREASE_RESOURCE minecraft:cobblestone x16
[25Sep2026 01:06:00.781] [Server thread/INFO] [ai.minecivilization.citizen.CitizenBrain/]: [Citizen Ravi · shepherd] task EXPLORE failed: TARGET_UNREACHABLE: Could not reach target after 6 repaths. (recoverable)
[25Sep2026 01:06:00.849] [Server thread/INFO] [ai.minecivilization.citizen.CitizenBrain/]: [Citizen Mila · builder] Goal assigned: CRAFT_ITEM minecraft:chest x1 (ready in hand)
[25Sep2026 01:06:01.731] [Server thread/INFO] [ai.minecivilization.citizen.CitizenBrain/]: [Citizen Ravi · shepherd] task EXPLORE keeps failing (TARGET_UNREACHABLE) — further repeats will not be logged
[25Sep2026 01:06:01.731] [Server thread/INFO] [ai.minecivilization.citizen.CitizenBrain/]: [Citizen Ravi · shepherd] goal disengaged after 3 failures
[25Sep2026 01:06:01.781] [Server thread/INFO] [ai.minecivilization.citizen.CitizenBrain/]: [Citizen Ravi · shepherd] dropped nothing after REPEATED_FAILURE — taking different work
[25Sep2026 01:06:01.781] [Server thread/INFO] [ai.minecivilization.citizen.CitizenBrain/]: [Citizen Ravi · shepherd] Goal assigned: CRAFT_ITEM minecraft:oak_stairs x32 (ready in hand)
[25Sep2026 01:06:01.981] [Server thread/INFO] [ai.minecivilization.citizen.CitizenBrain/]: [Citizen Noor · builder] task CRAFT failed: TARGET_NOT_FOUND: No reachable minecraft:acacia_log (or any substitute) within 48 blocks. (recoverable)
[25Sep2026 01:06:02.030] [Server thread/INFO] [ai.minecivilization.citizen.CitizenBrain/]: [Citizen Noor · builder] Goal assigned: INCREASE_RESOURCE minecraft:cobblestone x32 (ready in hand)
[25Sep2026 01:06:02.380] [Server thread/INFO] [ai.minecivilization.citizen.CitizenBrain/]: [Citizen Hugo · farmer] task GATHER failed: TARGET_UNREACHABLE: Could not reach target after 6 repaths. (recoverable)
[25Sep2026 01:06:03.731] [Server thread/INFO] [ai.minecivilization.citizen.CitizenBrain/]: [Citizen Tomas · farmer] task CRAFT failed: TARGET_UNREACHABLE: Could not reach target after 6 repaths. (recoverable)
[25Sep2026 01:06:03.732] [Server thread/INFO] [ai.minecivilization.citizen.CitizenBrain/]: [Citizen Tomas · farmer] goal disengaged after 3 failures
[25Sep2026 01:06:03.780] [Server thread/INFO] [ai.minecivilization.citizen.CitizenBrain/]: [Citizen Tomas · farmer] Goal assigned: CRAFT_ITEM minecraft:chest x2 (ready in hand)
[25Sep2026 01:06:04.081] [Server thread/INFO] [ai.minecivilization.citizen.CitizenBrain/]: [Citizen Sam · lumberjack] task CRAFT failed: TARGET_UNREACHABLE: Could not reach target after 6 repaths. (recoverable)
[25Sep2026 01:06:04.081] [Server thread/INFO] [ai.minecivilization.citizen.CitizenBrain/]: [Citizen Sam · lumberjack] goal disengaged after 3 failures
[25Sep2026 01:06:04.131] [Server thread/INFO] [ai.minecivilization.citizen.CitizenBrain/]: [Citizen Sam · lumberjack] Goal assigned: CRAFT_ITEM minecraft:wooden_sword x1 (ready in hand)
[25Sep2026 01:06:04.682] [Server thread/INFO] [ai.minecivilization.citizen.CitizenBrain/]: [Citizen Mila · builder] task CRAFT failed: TARGET_NOT_FOUND: No reachable minecraft:acacia_log (or any substitute) within 48 blocks. (recoverable)
[25Sep2026 01:06:04.732] [Server thread/INFO] [ai.minecivilization.citizen.CitizenBrain/]: [Citizen Mila · builder] Goal assigned: HARVEST_FOOD (ready in hand)
[25Sep2026 01:06:04.832] [Server thread/INFO] [ai.minecivilization.citizen.CitizenBrain/]: [Citizen Mila · builder] task HUNT failed: TARGET_NOT_FOUND: no wild animal to hunt within 48 blocks (recoverable)
[25Sep2026 01:06:04.881] [Server thread/INFO] [ai.minecivilization.citizen.CitizenBrain/]: [Citizen Mila · builder] Goal assigned: EXPLORE x1 (ready in hand)
[25Sep2026 01:06:05.631] [Server thread/INFO] [ai.minecivilization.citizen.CitizenBrain/]: [Citizen Ravi · shepherd] task CRAFT failed: TARGET_NOT_FOUND: No reachable minecraft:oak_log (or any substitute) within 48 blocks. (recoverable)
[25Sep2026 01:06:05.681] [Server thread/INFO] [ai.minecivilization.citizen.CitizenBrain/]: [Citizen Ravi · shepherd] Goal assigned: HARVEST_FOOD (ready in hand)
[25Sep2026 01:06:05.780] [Server thread/INFO] [ai.minecivilization.citizen.CitizenBrain/]: [Citizen Ravi · shepherd] task HUNT failed: TARGET_NOT_FOUND: no wild animal to hunt within 48 blocks (recoverable)
[25Sep2026 01:06:05.834] [Server thread/INFO] [ai.minecivilization.citizen.CitizenBrain/]: [Citizen Ravi · shepherd] Goal assigned: INCREASE_RESOURCE minecraft:oak_log x16 (ready in hand)
[25Sep2026 01:06:06.550] [Server thread/INFO] [ai.minecivilization.citizen.CitizenBrain/]: [Citizen Mila · builder] task EXPLORE failed: TARGET_UNREACHABLE: Could not reach target after 6 repaths. (recoverable)
[25Sep2026 01:06:07.430] [Server thread/INFO] [ai.minecivilization.citizen.CitizenBrain/]: [Citizen Marie · lumberjack] task CRAFT failed: TARGET_UNREACHABLE: Could not reach target after 6 repaths. (recoverable)
[25Sep2026 01:06:07.482] [Server thread/INFO] [ai.minecivilization.citizen.CitizenBrain/]: [Citizen Mila · builder] task EXPLORE failed: TARGET_UNREACHABLE: Could not reach target after 6 repaths. (recoverable)
[25Sep2026 01:06:07.781] [Server thread/INFO] [ai.minecivilization.citizen.CitizenBrain/]: [Citizen Ravi · shepherd] task GATHER failed: TARGET_NOT_FOUND: No reachable minecraft:oak_log (or any substitute) within 48 blocks. (recoverable)
[25Sep2026 01:06:07.833] [Server thread/INFO] [ai.minecivilization.citizen.CitizenBrain/]: [Citizen Ravi · shepherd] Goal assigned: INCREASE_RESOURCE minecraft:cobblestone x16 (ready in hand)
[25Sep2026 01:06:07.930] [Server thread/INFO] [ai.minecivilization.citizen.CitizenBrain/]: [Citizen Ravi · shepherd] completed GATHER minecraft:cobblestone
[25Sep2026 01:06:07.980] [Server thread/INFO] [ai.minecivilization.citizen.CitizenBrain/]: [Citizen Ravi · shepherd] Goal completed: INCREASE_RESOURCE minecraft:cobblestone x16
[25Sep2026 01:06:08.080] [Server thread/INFO] [ai.minecivilization.citizen.CitizenBrain/]: [Citizen Ravi · shepherd] Goal assigned: CRAFT_ITEM minecraft:oak_stairs x32 (ready in hand)
[25Sep2026 01:06:08.431] [Server thread/INFO] [ai.minecivilization.citizen.CitizenBrain/]: [Citizen Mila · builder] task EXPLORE keeps failing (TARGET_UNREACHABLE) — further repeats will not be logged
[25Sep2026 01:06:08.431] [Server thread/INFO] [ai.minecivilization.citizen.CitizenBrain/]: [Citizen Mila · builder] goal disengaged after 3 failures
[25Sep2026 01:06:08.498] [Server thread/INFO] [ai.minecivilization.citizen.CitizenBrain/]: [Citizen Mila · builder] dropped nothing after REPEATED_FAILURE — taking different work
[25Sep2026 01:06:08.499] [Server thread/INFO] [ai.minecivilization.citizen.CitizenBrain/]: [Citizen Mila · builder] Goal assigned: INCREASE_RESOURCE minecraft:oak_log x16 (ready in hand)
[25Sep2026 01:06:09.431] [Server thread/INFO] [ai.minecivilization.citizen.CitizenBrain/]: [Citizen Tomas · farmer] task CRAFT failed: TARGET_UNREACHABLE: Could not reach target after 6 repaths. (recoverable)
[25Sep2026 01:06:10.432] [Server thread/INFO] [ai.minecivilization.citizen.CitizenBrain/]: [Citizen Mila · builder] task GATHER failed: TARGET_NOT_FOUND: No reachable minecraft:oak_log (or any substitute) within 48 blocks. (recoverable)
[25Sep2026 01:06:10.482] [Server thread/INFO] [ai.minecivilization.citizen.CitizenBrain/]: [Citizen Mila · builder] Goal assigned: INCREASE_RESOURCE minecraft:cobblestone x16 (ready in hand)
[25Sep2026 01:06:10.581] [Server thread/INFO] [ai.minecivilization.citizen.CitizenBrain/]: [Citizen Mila · builder] completed GATHER minecraft:cobblestone
[25Sep2026 01:06:10.647] [Server thread/INFO] [ai.minecivilization.citizen.CitizenBrain/]: [Citizen Mila · builder] Goal completed: INCREASE_RESOURCE minecraft:cobblestone x16
[25Sep2026 01:06:10.735] [Server thread/INFO] [ai.minecivilization.citizen.CitizenBrain/]: [Citizen Mila · builder] Goal assigned: EXPLORE x1 (ready in hand)
[25Sep2026 01:06:11.731] [Server thread/INFO] [ai.minecivilization.citizen.CitizenBrain/]: [Citizen Mila · builder] task EXPLORE failed: TARGET_UNREACHABLE: Could not reach target after 6 repaths. (recoverable)
[25Sep2026 01:06:11.931] [Server thread/INFO] [ai.minecivilization.citizen.CitizenBrain/]: [Citizen Ravi · shepherd] task CRAFT failed: TARGET_NOT_FOUND: No reachable minecraft:oak_log (or any substitute) within 48 blocks. (recoverable)
[25Sep2026 01:06:11.980] [Server thread/INFO] [ai.minecivilization.citizen.CitizenBrain/]: [Citizen Ravi · shepherd] Goal assigned: HARVEST_FOOD (ready in hand)
[25Sep2026 01:06:12.080] [Server thread/INFO] [ai.minecivilization.citizen.CitizenBrain/]: [Citizen Ravi · shepherd] task HUNT failed: TARGET_NOT_FOUND: no wild animal to hunt within 48 blocks (recoverable)
[25Sep2026 01:06:12.136] [Server thread/INFO] [ai.minecivilization.citizen.CitizenBrain/]: [Citizen Ravi · shepherd] Goal assigned: INCREASE_RESOURCE minecraft:dirt x16 (ready in hand)
[25Sep2026 01:06:12.681] [Server thread/INFO] [ai.minecivilization.citizen.CitizenBrain/]: [Citizen Mila · builder] task EXPLORE failed: TARGET_UNREACHABLE: Could not reach target after 6 repaths. (recoverable)
[25Sep2026 01:06:13.230] [Server thread/INFO] [ai.minecivilization.citizen.CitizenBrain/]: [Citizen Ravi · shepherd] completed GATHER minecraft:dirt
[25Sep2026 01:06:13.280] [Server thread/INFO] [ai.minecivilization.citizen.CitizenBrain/]: [Citizen Ravi · shepherd] Goal completed: INCREASE_RESOURCE minecraft:dirt x16
[25Sep2026 01:06:13.330] [Server thread/INFO] [ai.minecivilization.citizen.CitizenBrain/]: [Citizen Ravi · shepherd] Goal assigned: CRAFT_ITEM minecraft:oak_stairs x32 (ready in hand)
[25Sep2026 01:06:14.931] [Server thread/INFO] [ai.minecivilization.citizen.CitizenBrain/]: [Citizen Tomas · farmer] task CRAFT failed: TARGET_UNREACHABLE: Could not reach target after 6 repaths. (recoverable)
[25Sep2026 01:06:17.181] [Server thread/INFO] [ai.minecivilization.citizen.CitizenBrain/]: [Citizen Ravi · shepherd] task CRAFT failed: TARGET_NOT_FOUND: No reachable minecraft:oak_log (or any substitute) within 48 blocks. (recoverable)
[25Sep2026 01:06:17.230] [Server thread/INFO] [ai.minecivilization.citizen.CitizenBrain/]: [Citizen Ravi · shepherd] Goal assigned: HARVEST_FOOD (ready in hand)
[25Sep2026 01:06:17.330] [Server thread/INFO] [ai.minecivilization.citizen.CitizenBrain/]: [Citizen Ravi · shepherd] task HUNT failed: TARGET_NOT_FOUND: no wild animal to hunt within 48 blocks (recoverable)
[25Sep2026 01:06:17.380] [Server thread/INFO] [ai.minecivilization.citizen.CitizenBrain/]: [Citizen Ravi · shepherd] Goal assigned: INCREASE_RESOURCE x1 (ready in hand)
[25Sep2026 01:06:17.530] [Server thread/INFO] [ai.minecivilization.citizen.CitizenBrain/]: [Citizen Ravi · shepherd] task COLLECT failed: TARGET_NOT_FOUND: no dropped items within 14 blocks (recoverable)
[25Sep2026 01:06:17.634] [Server thread/INFO] [ai.minecivilization.citizen.CitizenBrain/]: [Citizen Ravi · shepherd] Goal assigned: INCREASE_RESOURCE minecraft:cobblestone x16 (ready in hand)
[25Sep2026 01:06:17.730] [Server thread/INFO] [ai.minecivilization.citizen.CitizenBrain/]: [Citizen Ravi · shepherd] completed GATHER minecraft:cobblestone
[25Sep2026 01:06:17.780] [Server thread/INFO] [ai.minecivilization.citizen.CitizenBrain/]: [Citizen Ravi · shepherd] Goal completed: INCREASE_RESOURCE minecraft:cobblestone x16
[25Sep2026 01:06:17.882] [Server thread/INFO] [ai.minecivilization.citizen.CitizenBrain/]: [Citizen Ravi · shepherd] Goal assigned: INCREASE_RESOURCE minecraft:cobblestone x16 (ready in hand)
[25Sep2026 01:06:17.980] [Server thread/INFO] [ai.minecivilization.citizen.CitizenBrain/]: [Citizen Ravi · shepherd] completed GATHER minecraft:cobblestone
[25Sep2026 01:06:18.030] [Server thread/INFO] [ai.minecivilization.citizen.CitizenBrain/]: [Citizen Ravi · shepherd] Goal completed: INCREASE_RESOURCE minecraft:cobblestone x16
[25Sep2026 01:06:18.132] [Server thread/INFO] [ai.minecivilization.citizen.CitizenBrain/]: [Citizen Ravi · shepherd] Goal assigned: INCREASE_RESOURCE minecraft:dirt x16 (ready in hand)
[25Sep2026 01:06:18.230] [Server thread/INFO] [ai.minecivilization.citizen.CitizenBrain/]: [Citizen Ravi · shepherd] completed GATHER minecraft:dirt
[25Sep2026 01:06:18.280] [Server thread/INFO] [ai.minecivilization.citizen.CitizenBrain/]: [Citizen Ravi · shepherd] Goal completed: INCREASE_RESOURCE minecraft:dirt x16
[25Sep2026 01:06:18.382] [Server thread/INFO] [ai.minecivilization.citizen.CitizenBrain/]: [Citizen Ravi · shepherd] Goal assigned: INCREASE_RESOURCE minecraft:cobblestone x16 (ready in hand)
[25Sep2026 01:06:18.480] [Server thread/INFO] [ai.minecivilization.citizen.CitizenBrain/]: [Citizen Ravi · shepherd] completed GATHER minecraft:cobblestone
[25Sep2026 01:06:18.530] [Server thread/INFO] [ai.minecivilization.citizen.CitizenBrain/]: [Citizen Ravi · shepherd] Goal completed: INCREASE_RESOURCE minecraft:cobblestone x16
[25Sep2026 01:06:18.632] [Server thread/INFO] [ai.minecivilization.citizen.CitizenBrain/]: [Citizen Ravi · shepherd] Goal assigned: INCREASE_RESOURCE minecraft:cobblestone x16 (ready in hand)
[25Sep2026 01:06:18.730] [Server thread/INFO] [ai.minecivilization.citizen.CitizenBrain/]: [Citizen Ravi · shepherd] completed GATHER minecraft:cobblestone
[25Sep2026 01:06:18.780] [Server thread/INFO] [ai.minecivilization.citizen.CitizenBrain/]: [Citizen Ravi · shepherd] Goal completed: INCREASE_RESOURCE minecraft:cobblestone x16
[25Sep2026 01:06:18.880] [Server thread/INFO] [ai.minecivilization.citizen.CitizenBrain/]: [Citizen Ravi · shepherd] Goal assigned: INCREASE_RESOURCE x1 (ready in hand)
[25Sep2026 01:06:19.030] [Server thread/INFO] [ai.minecivilization.citizen.CitizenBrain/]: [Citizen Ravi · shepherd] task COLLECT failed: TARGET_NOT_FOUND: no dropped items within 14 blocks (recoverable)
[25Sep2026 01:06:19.134] [Server thread/INFO] [ai.minecivilization.citizen.CitizenBrain/]: [Citizen Ravi · shepherd] Goal assigned: INCREASE_RESOURCE minecraft:dirt x16 (ready in hand)
[25Sep2026 01:06:19.230] [Server thread/INFO] [ai.minecivilization.citizen.CitizenBrain/]: [Citizen Ravi · shepherd] completed GATHER minecraft:dirt
[25Sep2026 01:06:19.280] [Server thread/INFO] [ai.minecivilization.citizen.CitizenBrain/]: [Citizen Ravi · shepherd] Goal completed: INCREASE_RESOURCE minecraft:dirt x16
[25Sep2026 01:06:19.382] [Server thread/INFO] [ai.minecivilization.citizen.CitizenBrain/]: [Citizen Ravi · shepherd] Goal assigned: INCREASE_RESOURCE minecraft:cobblestone x16 (ready in hand)
[25Sep2026 01:06:19.480] [Server thread/INFO] [ai.minecivilization.citizen.CitizenBrain/]: [Citizen Ravi · shepherd] completed GATHER minecraft:cobblestone
[25Sep2026 01:06:19.530] [Server thread/INFO] [ai.minecivilization.citizen.CitizenBrain/]: [Citizen Ravi · shepherd] Goal completed: INCREASE_RESOURCE minecraft:cobblestone x16
[25Sep2026 01:06:19.632] [Server thread/INFO] [ai.minecivilization.citizen.CitizenBrain/]: [Citizen Ravi · shepherd] Goal assigned: INCREASE_RESOURCE minecraft:cobblestone x16 (ready in hand)
[25Sep2026 01:06:19.730] [Server thread/INFO] [ai.minecivilization.citizen.CitizenBrain/]: [Citizen Ravi · shepherd] completed GATHER minecraft:cobblestone
[25Sep2026 01:06:19.780] [Server thread/INFO] [ai.minecivilization.citizen.CitizenBrain/]: [Citizen Ravi · shepherd] Goal completed: INCREASE_RESOURCE minecraft:cobblestone x16
[25Sep2026 01:06:19.882] [Server thread/INFO] [ai.minecivilization.citizen.CitizenBrain/]: [Citizen Ravi · shepherd] Goal assigned: INCREASE_RESOURCE minecraft:dirt x16 (ready in hand)
[25Sep2026 01:06:19.980] [Server thread/INFO] [ai.minecivilization.citizen.CitizenBrain/]: [Citizen Ravi · shepherd] completed GATHER minecraft:dirt
[25Sep2026 01:06:20.030] [Server thread/INFO] [ai.minecivilization.citizen.CitizenBrain/]: [Citizen Ravi · shepherd] Goal completed: INCREASE_RESOURCE minecraft:dirt x16
[25Sep2026 01:06:20.132] [Server thread/INFO] [ai.minecivilization.citizen.CitizenBrain/]: [Citizen Ravi · shepherd] Goal assigned: INCREASE_RESOURCE minecraft:cobblestone x16 (ready in hand)
[25Sep2026 01:06:20.230] [Server thread/INFO] [ai.minecivilization.citizen.CitizenBrain/]: [Citizen Ravi · shepherd] completed GATHER minecraft:cobblestone
[25Sep2026 01:06:20.280] [Server thread/INFO] [ai.minecivilization.citizen.CitizenBrain/]: [Citizen Ravi · shepherd] Goal completed: INCREASE_RESOURCE minecraft:cobblestone x16
[25Sep2026 01:06:20.330] [Server thread/INFO] [ai.minecivilization.citizen.CitizenBrain/]: [Citizen Ravi · shepherd] Goal assigned: HARVEST_FOOD
[25Sep2026 01:06:20.430] [Server thread/INFO] [ai.minecivilization.citizen.CitizenBrain/]: [Citizen Ravi · shepherd] task HUNT failed: TARGET_NOT_FOUND: no wild animal to hunt within 48 blocks (recoverable)
[25Sep2026 01:06:20.430] [Server thread/INFO] [ai.minecivilization.citizen.CitizenBrain/]: [Citizen Tomas · farmer] task CRAFT failed: TARGET_UNREACHABLE: Could not reach target after 6 repaths. (recoverable)
[25Sep2026 01:06:20.430] [Server thread/INFO] [ai.minecivilization.citizen.CitizenBrain/]: [Citizen Tomas · farmer] goal disengaged after 3 failures
[25Sep2026 01:06:20.482] [Server thread/INFO] [ai.minecivilization.citizen.CitizenBrain/]: [Citizen Ravi · shepherd] Goal assigned: INCREASE_RESOURCE minecraft:cobblestone x16 (ready in hand)
[25Sep2026 01:06:20.482] [Server thread/INFO] [ai.minecivilization.citizen.CitizenBrain/]: [Citizen Tomas · farmer] Goal assigned: CRAFT_ITEM minecraft:chest x2 (ready in hand)
[25Sep2026 01:06:20.580] [Server thread/INFO] [ai.minecivilization.citizen.CitizenBrain/]: [Citizen Ravi · shepherd] completed GATHER minecraft:cobblestone
[25Sep2026 01:06:20.630] [Server thread/INFO] [ai.minecivilization.citizen.CitizenBrain/]: [Citizen Ravi · shepherd] Goal completed: INCREASE_RESOURCE minecraft:cobblestone x16
[25Sep2026 01:06:20.732] [Server thread/INFO] [ai.minecivilization.citizen.CitizenBrain/]: [Citizen Ravi · shepherd] Goal assigned: INCREASE_RESOURCE minecraft:dirt x16 (ready in hand)
[25Sep2026 01:06:20.830] [Server thread/INFO] [ai.minecivilization.citizen.CitizenBrain/]: [Citizen Ravi · shepherd] completed GATHER minecraft:dirt
[25Sep2026 01:06:20.880] [Server thread/INFO] [ai.minecivilization.citizen.CitizenBrain/]: [Citizen Ravi · shepherd] Goal completed: INCREASE_RESOURCE minecraft:dirt x16
[25Sep2026 01:06:20.982] [Server thread/INFO] [ai.minecivilization.citizen.CitizenBrain/]: [Citizen Ravi · shepherd] Goal assigned: INCREASE_RESOURCE minecraft:cobblestone x16 (ready in hand)
[25Sep2026 01:06:21.088] [Server thread/INFO] [ai.minecivilization.citizen.CitizenBrain/]: [Citizen Ravi · shepherd] completed GATHER minecraft:cobblestone
[25Sep2026 01:06:21.130] [Server thread/INFO] [ai.minecivilization.citizen.CitizenBrain/]: [Citizen Ravi · shepherd] Goal completed: INCREASE_RESOURCE minecraft:cobblestone x16
[25Sep2026 01:06:21.232] [Server thread/INFO] [ai.minecivilization.citizen.CitizenBrain/]: [Citizen Ravi · shepherd] Goal assigned: INCREASE_RESOURCE minecraft:cobblestone x16 (ready in hand)
[25Sep2026 01:06:21.330] [Server thread/INFO] [ai.minecivilization.citizen.CitizenBrain/]: [Citizen Ravi · shepherd] completed GATHER minecraft:cobblestone
[25Sep2026 01:06:21.380] [Server thread/INFO] [ai.minecivilization.citizen.CitizenBrain/]: [Citizen Ravi · shepherd] Goal completed: INCREASE_RESOURCE minecraft:cobblestone x16
[25Sep2026 01:06:21.482] [Server thread/INFO] [ai.minecivilization.citizen.CitizenBrain/]: [Citizen Ravi · shepherd] Goal assigned: INCREASE_RESOURCE minecraft:dirt x16 (ready in hand)
[25Sep2026 01:06:21.580] [Server thread/INFO] [ai.minecivilization.citizen.CitizenBrain/]: [Citizen Ravi · shepherd] completed GATHER minecraft:dirt
[25Sep2026 01:06:21.630] [Server thread/INFO] [ai.minecivilization.citizen.CitizenBrain/]: [Citizen Ravi · shepherd] Goal completed: INCREASE_RESOURCE minecraft:dirt x16
[25Sep2026 01:06:21.732] [Server thread/INFO] [ai.minecivilization.citizen.CitizenBrain/]: [Citizen Ravi · shepherd] Goal assigned: INCREASE_RESOURCE minecraft:cobblestone x16 (ready in hand)
[25Sep2026 01:06:21.830] [Server thread/INFO] [ai.minecivilization.citizen.CitizenBrain/]: [Citizen Ravi · shepherd] completed GATHER minecraft:cobblestone
[25Sep2026 01:06:21.880] [Server thread/INFO] [ai.minecivilization.citizen.CitizenBrain/]: [Citizen Ravi · shepherd] Goal completed: INCREASE_RESOURCE minecraft:cobblestone x16
[25Sep2026 01:06:21.982] [Server thread/INFO] [ai.minecivilization.citizen.CitizenBrain/]: [Citizen Ravi · shepherd] Goal assigned: INCREASE_RESOURCE minecraft:cobblestone x16 (ready in hand)
[25Sep2026 01:06:22.048] [Server thread/INFO] [net.minecraft.server.MinecraftServer/]: Colony — 10 citizen(s), day 0, centre 0,70,0 (radius 68)
[25Sep2026 01:06:22.049] [Server thread/INFO] [net.minecraft.server.MinecraftServer/]:   0 born, 0 lost   81 chunk(s) held open
[25Sep2026 01:06:22.049] [Server thread/INFO] [net.minecraft.server.MinecraftServer/]:   food in store 0/304   beds 0/11
[25Sep2026 01:06:22.049] [Server thread/INFO] [net.minecraft.server.MinecraftServer/]:   growth: held back — needs 11 beds, has 0
[25Sep2026 01:06:22.050] [Server thread/INFO] [net.minecraft.server.MinecraftServer/]:   80% of citizens productive   10 building, 0 finished   4 road(s), 0 sign(s)
[25Sep2026 01:06:22.050] [Server thread/INFO] [net.minecraft.server.MinecraftServer/]: Under construction:
[25Sep2026 01:06:22.050] [Server thread/INFO] [net.minecraft.server.MinecraftServer/]:   Civic centre marker db920766   0%  [WAITING_FOR_RESOURCES] at -7,76,-7  waiting for 2x chest
[25Sep2026 01:06:22.050] [Server thread/INFO] [net.minecraft.server.MinecraftServer/]:   Town Hall                  0%  [PLANNED] at 1,73,1
[25Sep2026 01:06:22.050] [Server thread/INFO] [net.minecraft.server.MinecraftServer/]:   Oak House 1                0%  [PLANNED] at 7,70,18
[25Sep2026 01:06:22.050] [Server thread/INFO] [net.minecraft.server.MinecraftServer/]:   Warehouse district marker d1c79ed2   0%  [PLANNED] at -27,74,-7
[25Sep2026 01:06:22.050] [Server thread/INFO] [net.minecraft.server.MinecraftServer/]:   Warehouse 1                0%  [PLANNED] at -20,71,0
[25Sep2026 01:06:22.050] [Server thread/INFO] [net.minecraft.server.MinecraftServer/]:   Oak House 2                0%  [PLANNED] at 25,70,18
[25Sep2026 01:06:22.050] [Server thread/INFO] [net.minecraft.server.MinecraftServer/]:   Warehouse 2                0%  [PLANNED] at -32,72,0
[25Sep2026 01:06:22.050] [Server thread/INFO] [net.minecraft.server.MinecraftServer/]:   Oak House 3                0%  [PLANNED] at 43,76,18
[25Sep2026 01:06:22.050] [Server thread/INFO] [net.minecraft.server.MinecraftServer/]:   Oak House 4                0%  [PLANNED] at 61,79,18
[25Sep2026 01:06:22.050] [Server thread/INFO] [net.minecraft.server.MinecraftServer/]:   Oak House 5                0%  [PLANNED] at 79,72,18
[25Sep2026 01:06:22.051] [Server thread/INFO] [net.minecraft.server.MinecraftServer/]: 1 citizen(s) need help — /mciv work
[25Sep2026 01:06:22.051] [Server thread/INFO] [net.minecraft.server.MinecraftServer/]: Districts:
[25Sep2026 01:06:22.051] [Server thread/INFO] [net.minecraft.server.MinecraftServer/]:   CIVIC        civic centre 1         at 0,0
[25Sep2026 01:06:22.051] [Server thread/INFO] [net.minecraft.server.MinecraftServer/]:   STORAGE      warehouse district 1   at -20,0
[25Sep2026 01:06:22.051] [Server thread/INFO] [net.minecraft.server.MinecraftServer/]:   STORAGE      warehouse district 2   at 0,-20
[25Sep2026 01:06:22.051] [Server thread/INFO] [net.minecraft.server.MinecraftServer/]:   RESIDENTIAL  housing 1              at 0,19
[25Sep2026 01:06:22.051] [Server thread/INFO] [net.minecraft.server.MinecraftServer/]:   RESIDENTIAL  housing 2              at 19,0
[25Sep2026 01:06:22.051] [Server thread/INFO] [net.minecraft.server.MinecraftServer/]:   RESIDENTIAL  housing 3              at -20,-20
[25Sep2026 01:06:22.051] [Server thread/INFO] [net.minecraft.server.MinecraftServer/]:   RESIDENTIAL  housing 4              at -20,19
[25Sep2026 01:06:22.051] [Server thread/INFO] [net.minecraft.server.MinecraftServer/]:   RESIDENTIAL  housing 5              at 19,-20
[25Sep2026 01:06:22.051] [Server thread/INFO] [net.minecraft.server.MinecraftServer/]:   FARM         farmland 1             at -40,0
[25Sep2026 01:06:22.051] [Server thread/INFO] [net.minecraft.server.MinecraftServer/]:   FARM         farmland 2             at 0,-40
[25Sep2026 01:06:22.051] [Server thread/INFO] [net.minecraft.server.MinecraftServer/]:   PASTURE      pasture 1              at 0,39
[25Sep2026 01:06:22.051] [Server thread/INFO] [net.minecraft.server.MinecraftServer/]:   PASTURE      pasture 2              at 39,0
[25Sep2026 01:06:22.051] [Server thread/INFO] [net.minecraft.server.MinecraftServer/]:   INDUSTRIAL   industry 1             at -40,-20
[25Sep2026 01:06:22.051] [Server thread/INFO] [net.minecraft.server.MinecraftServer/]:   FOREST       managed forest 1       at -60,0  growing: minecraft:spruce_sapling
[25Sep2026 01:06:22.051] [Server thread/INFO] [net.minecraft.server.MinecraftServer/]:   FOREST       managed forest 2       at 0,-60  growing: minecraft:spruce_sapling
[25Sep2026 01:06:22.051] [Server thread/INFO] [net.minecraft.server.MinecraftServer/]:   MINE         mine 1                 at 0,59
[25Sep2026 01:06:22.051] [Server thread/INFO] [net.minecraft.server.MinecraftServer/]:   MINE         mine 2                 at 59,0
[25Sep2026 01:06:22.080] [Server thread/INFO] [ai.minecivilization.citizen.CitizenBrain/]: [Citizen Ravi · shepherd] completed GATHER minecraft:cobblestone
[25Sep2026 01:06:22.130] [Server thread/INFO] [ai.minecivilization.citizen.CitizenBrain/]: [Citizen Ravi · shepherd] Goal completed: INCREASE_RESOURCE minecraft:cobblestone x16
[25Sep2026 01:06:22.232] [Server thread/INFO] [ai.minecivilization.citizen.CitizenBrain/]: [Citizen Ravi · shepherd] Goal assigned: INCREASE_RESOURCE minecraft:dirt x16 (ready in hand)
[25Sep2026 01:06:22.330] [Server thread/INFO] [ai.minecivilization.citizen.CitizenBrain/]: [Citizen Ravi · shepherd] completed GATHER minecraft:dirt
[25Sep2026 01:06:22.380] [Server thread/INFO] [ai.minecivilization.citizen.CitizenBrain/]: [Citizen Ravi · shepherd] Goal completed: INCREASE_RESOURCE minecraft:dirt x16
[25Sep2026 01:06:22.482] [Server thread/INFO] [ai.minecivilization.citizen.CitizenBrain/]: [Citizen Ravi · shepherd] Goal assigned: INCREASE_RESOURCE minecraft:cobblestone x16 (ready in hand)
[25Sep2026 01:06:22.580] [Server thread/INFO] [ai.minecivilization.citizen.CitizenBrain/]: [Citizen Ravi · shepherd] completed GATHER minecraft:cobblestone
[25Sep2026 01:06:22.630] [Server thread/INFO] [ai.minecivilization.citizen.CitizenBrain/]: [Citizen Ravi · shepherd] Goal completed: INCREASE_RESOURCE minecraft:cobblestone x16
[25Sep2026 01:06:22.733] [Server thread/INFO] [ai.minecivilization.citizen.CitizenBrain/]: [Citizen Ravi · shepherd] Goal assigned: INCREASE_RESOURCE minecraft:cobblestone x16 (ready in hand)
[25Sep2026 01:06:22.830] [Server thread/INFO] [ai.minecivilization.citizen.CitizenBrain/]: [Citizen Ravi · shepherd] completed GATHER minecraft:cobblestone
[25Sep2026 01:06:22.880] [Server thread/INFO] [ai.minecivilization.citizen.CitizenBrain/]: [Citizen Ravi · shepherd] Goal completed: INCREASE_RESOURCE minecraft:cobblestone x16
[25Sep2026 01:06:22.982] [Server thread/INFO] [ai.minecivilization.citizen.CitizenBrain/]: [Citizen Ravi · shepherd] Goal assigned: INCREASE_RESOURCE minecraft:dirt x16 (ready in hand)
[25Sep2026 01:06:23.080] [Server thread/INFO] [ai.minecivilization.citizen.CitizenBrain/]: [Citizen Ravi · shepherd] completed GATHER minecraft:dirt
[25Sep2026 01:06:23.130] [Server thread/INFO] [ai.minecivilization.citizen.CitizenBrain/]: [Citizen Ravi · shepherd] Goal completed: INCREASE_RESOURCE minecraft:dirt x16
[25Sep2026 01:06:23.232] [Server thread/INFO] [ai.minecivilization.citizen.CitizenBrain/]: [Citizen Ravi · shepherd] Goal assigned: INCREASE_RESOURCE minecraft:cobblestone x16 (ready in hand)
[25Sep2026 01:06:23.330] [Server thread/INFO] [ai.minecivilization.citizen.CitizenBrain/]: [Citizen Ravi · shepherd] completed GATHER minecraft:cobblestone
[25Sep2026 01:06:23.380] [Server thread/INFO] [ai.minecivilization.citizen.CitizenBrain/]: [Citizen Ravi · shepherd] Goal completed: INCREASE_RESOURCE minecraft:cobblestone x16
[25Sep2026 01:06:23.482] [Server thread/INFO] [ai.minecivilization.citizen.CitizenBrain/]: [Citizen Ravi · shepherd] Goal assigned: INCREASE_RESOURCE minecraft:cobblestone x16 (ready in hand)
[25Sep2026 01:06:23.580] [Server thread/INFO] [ai.minecivilization.citizen.CitizenBrain/]: [Citizen Ravi · shepherd] completed GATHER minecraft:cobblestone
[25Sep2026 01:06:23.630] [Server thread/INFO] [ai.minecivilization.citizen.CitizenBrain/]: [Citizen Ravi · shepherd] Goal completed: INCREASE_RESOURCE minecraft:cobblestone x16
[25Sep2026 01:06:23.732] [Server thread/INFO] [ai.minecivilization.citizen.CitizenBrain/]: [Citizen Ravi · shepherd] Goal assigned: INCREASE_RESOURCE minecraft:dirt x16 (ready in hand)
[25Sep2026 01:06:23.830] [Server thread/INFO] [ai.minecivilization.citizen.CitizenBrain/]: [Citizen Ravi · shepherd] completed GATHER minecraft:dirt
[25Sep2026 01:06:23.880] [Server thread/INFO] [ai.minecivilization.citizen.CitizenBrain/]: [Citizen Ravi · shepherd] Goal completed: INCREASE_RESOURCE minecraft:dirt x16
[25Sep2026 01:06:23.982] [Server thread/INFO] [ai.minecivilization.citizen.CitizenBrain/]: [Citizen Ravi · shepherd] Goal assigned: INCREASE_RESOURCE minecraft:cobblestone x16 (ready in hand)
[25Sep2026 01:06:24.080] [Server thread/INFO] [ai.minecivilization.citizen.CitizenBrain/]: [Citizen Ravi · shepherd] completed GATHER minecraft:cobblestone
[25Sep2026 01:06:24.130] [Server thread/INFO] [ai.minecivilization.citizen.CitizenBrain/]: [Citizen Ravi · shepherd] Goal completed: INCREASE_RESOURCE minecraft:cobblestone x16
[25Sep2026 01:06:24.232] [Server thread/INFO] [ai.minecivilization.citizen.CitizenBrain/]: [Citizen Ravi · shepherd] Goal assigned: INCREASE_RESOURCE minecraft:cobblestone x16 (ready in hand)
[25Sep2026 01:06:24.330] [Server thread/INFO] [ai.minecivilization.citizen.CitizenBrain/]: [Citizen Ravi · shepherd] completed GATHER minecraft:cobblestone
[25Sep2026 01:06:24.380] [Server thread/INFO] [ai.minecivilization.citizen.CitizenBrain/]: [Citizen Ravi · shepherd] Goal completed: INCREASE_RESOURCE minecraft:cobblestone x16
[25Sep2026 01:06:24.480] [Server thread/INFO] [ai.minecivilization.citizen.CitizenBrain/]: [Citizen Ravi · shepherd] Goal assigned: CRAFT_ITEM minecraft:chest x1 (ready in hand)
[25Sep2026 01:06:25.034] [Server thread/INFO] [net.minecraft.server.MinecraftServer/]: Colony events (7 of 7):
[25Sep2026 01:06:25.036] [Server thread/INFO] [net.minecraft.server.MinecraftServer/]:   8m   [Construction  ] the colony began its Town Hall at 1,73,1
[25Sep2026 01:06:25.036] [Server thread/INFO] [net.minecraft.server.MinecraftServer/]:   7m   [Construction  ] a new warehouse was planned at -20,0
[25Sep2026 01:06:25.036] [Server thread/INFO] [net.minecraft.server.MinecraftServer/]:   7m   [Construction  ] a new warehouse was planned at -32,0
[25Sep2026 01:06:25.036] [Server thread/INFO] [net.minecraft.server.MinecraftServer/]:   7m   [Infrastructure] a new route is known: 0,0 → -31,-16 (41 blocks)
[25Sep2026 01:06:25.036] [Server thread/INFO] [net.minecraft.server.MinecraftServer/]:   7m   [Infrastructure] a new route is known: -3,5 → 31,19 (42 blocks)
[25Sep2026 01:06:25.037] [Server thread/INFO] [net.minecraft.server.MinecraftServer/]:   7m   [Infrastructure] a new route is known: 0,0 → -14,37 (48 blocks)
[25Sep2026 01:06:25.037] [Server thread/INFO] [net.minecraft.server.MinecraftServer/]:   38s  [Infrastructure] a new route is known: 31,19 → 97,34 (86 blocks)
[25Sep2026 01:06:26.131] [Server thread/INFO] [ai.minecivilization.citizen.CitizenBrain/]: [Citizen Tomas · farmer] task CRAFT failed: TARGET_UNREACHABLE: Could not reach target after 6 repaths. (recoverable)
[25Sep2026 01:06:28.330] [Server thread/INFO] [ai.minecivilization.citizen.CitizenBrain/]: [Citizen Ravi · shepherd] task CRAFT failed: TARGET_NOT_FOUND: No reachable minecraft:acacia_log (or any substitute) within 48 blocks. (recoverable)
[25Sep2026 01:06:28.380] [Server thread/INFO] [ai.minecivilization.citizen.CitizenBrain/]: [Citizen Ravi · shepherd] Goal assigned: HARVEST_FOOD (ready in hand)
[25Sep2026 01:06:28.480] [Server thread/INFO] [ai.minecivilization.citizen.CitizenBrain/]: [Citizen Ravi · shepherd] task HUNT failed: TARGET_NOT_FOUND: no wild animal to hunt within 48 blocks (recoverable)
[25Sep2026 01:06:28.530] [Server thread/INFO] [ai.minecivilization.citizen.CitizenBrain/]: [Citizen Ravi · shepherd] Goal assigned: CRAFT_ITEM minecraft:shears x1 (ready in hand)
[25Sep2026 01:06:30.098] [Server thread/INFO] [net.minecraft.server.MinecraftServer/]: Stopping the server
[25Sep2026 01:06:30.129] [Server thread/INFO] [net.minecraft.server.MinecraftServer/]: Stopping server
[25Sep2026 01:06:30.132] [Server thread/INFO] [net.minecraft.server.MinecraftServer/]: Saving players
[25Sep2026 01:06:30.132] [Server thread/INFO] [net.minecraft.server.MinecraftServer/]: Saving worlds
[25Sep2026 01:06:30.296] [Server thread/INFO] [net.minecraft.server.MinecraftServer/]: Saving chunks for level 'ServerLevel[world]'/minecraft:overworld
[25Sep2026 01:06:30.454] [Server thread/INFO] [net.minecraft.server.MinecraftServer/]: Saving chunks for level 'ServerLevel[world]'/minecraft:the_end
[25Sep2026 01:06:30.455] [Server thread/INFO] [net.minecraft.server.MinecraftServer/]: Saving chunks for level 'ServerLevel[world]'/minecraft:the_nether
[25Sep2026 01:06:30.464] [Server thread/INFO] [net.minecraft.server.MinecraftServer/]: ThreadedAnvilChunkStorage (world): All chunks are saved
[25Sep2026 01:06:30.464] [Server thread/INFO] [net.minecraft.server.MinecraftServer/]: ThreadedAnvilChunkStorage (DIM1): All chunks are saved
[25Sep2026 01:06:30.464] [Server thread/INFO] [net.minecraft.server.MinecraftServer/]: ThreadedAnvilChunkStorage (DIM-1): All chunks are saved
[25Sep2026 01:06:30.464] [Server thread/INFO] [net.minecraft.server.MinecraftServer/]: ThreadedAnvilChunkStorage: All dimensions are saved
